Compiler Command: aoc -o /tmp/main-c9e248-216f3d.aocx /tmp/icpx-033c6e3603/main-4bfc9a-974f4f.spv -sycl -dep-files=/tmp/icpx-033c6e3603/main.cpp-dd293e.d -output-report-folder=fpgaclue_alpaka.prj -simulation
Compiler Warning: Argument 'arg_dyn_shared_accessor' on kernel 'const_lambda' is never used by the kernel.
Compiler Warning: Argument 'arg_st_shared_accessor' on kernel 'const_lambda' is never used by the kernel.
Compiler Warning: Argument 'arg_dyn_shared_accessor' on kernel 'const_lambda_1' is never used by the kernel.
Compiler Warning: Argument 'arg_st_shared_accessor' on kernel 'const_lambda_1' is never used by the kernel.
Compiler Warning: Argument 'arg_dyn_shared_accessor' on kernel 'const_lambda_2' is never used by the kernel.
Compiler Warning: Argument 'arg_st_shared_accessor' on kernel 'const_lambda_2' is never used by the kernel.
Compiler Warning: Argument 'arg_dyn_shared_accessor' on kernel 'const_lambda_3' is never used by the kernel.
Compiler Warning: Argument 'arg_st_shared_accessor' on kernel 'const_lambda_3' is never used by the kernel.
Compiler Warning: Argument 'arg_dyn_shared_accessor' on kernel 'const_lambda_4' is never used by the kernel.
Compiler Warning: Argument 'arg_st_shared_accessor' on kernel 'const_lambda_4' is never used by the kernel.
warning: ignoring debug info with an invalid version (0) in fpgaclue_alpaka.kwgid.bc
***************************************************************
Quartus is a registered trademark of Intel Corporation in the
US and other countries.  Portions of the Quartus Prime software
code, and other portions of the code included in this download
or on this DVD, are licensed to Intel Corporation and are the
copyrighted property of third parties. For license details,
refer to the End User License Agreement at
http://fpgasoftware.intel.com/eula.
***************************************************************

2026.08.11.16:49:13 Info: Doing: qsys-script --search-path=../../,$ --quartus-project=none --script=kernel_system.tcl --Xmx512M --XX:+UseSerialGC
2026.08.11.16:49:18 Info: set_validation_property AUTOMATIC_VALIDATION false
2026.08.11.16:49:18 Info: add_instance clk_1x altera_clock_bridge
2026.08.11.16:49:18 Info: set_instance_parameter_value clk_1x EXPLICIT_CLOCK_RATE 0
2026.08.11.16:49:18 Info: set_instance_parameter_value clk_1x NUM_CLOCK_OUTPUTS 1
2026.08.11.16:49:18 Info: add_interface clock_reset clock sink
2026.08.11.16:49:18 Info: set_interface_property clock_reset EXPORT_OF clk_1x.in_clk
2026.08.11.16:49:18 Info: add_instance reset altera_reset_bridge
2026.08.11.16:49:18 Info: set_instance_parameter_value reset ACTIVE_LOW_RESET 1
2026.08.11.16:49:18 Info: set_instance_parameter_value reset SYNCHRONOUS_EDGES deassert
2026.08.11.16:49:18 Info: set_instance_parameter_value reset NUM_RESET_OUTPUTS 1
2026.08.11.16:49:18 Info: add_interface clock_reset_reset reset sink
2026.08.11.16:49:18 Info: set_interface_property clock_reset_reset EXPORT_OF reset.in_reset
2026.08.11.16:49:18 Info: add_connection clk_1x.out_clk reset.clk
2026.08.11.16:49:18 Info: add_instance fpgaclue_alpaka_sys fpgaclue_alpaka_sys
2026.08.11.16:49:18 Info: add_connection clk_1x.out_clk fpgaclue_alpaka_sys.clock_reset
2026.08.11.16:49:18 Info: add_connection reset.out_reset fpgaclue_alpaka_sys.clock_reset_reset
2026.08.11.16:49:18 Info: add_interface mem0_rw avalon end
2026.08.11.16:49:18 Info: set_interface_property mem0_rw EXPORT_OF fpgaclue_alpaka_sys.avm_mem_gmem0_0_port_0_0_rw
2026.08.11.16:49:18 Info: add_instance kernel_irq altera_irq_bridge
2026.08.11.16:49:18 Info: set_instance_parameter_value kernel_irq IRQ_WIDTH 1
2026.08.11.16:49:18 Info: set_instance_parameter_value kernel_irq IRQ_N 0
2026.08.11.16:49:18 Info: add_interface kernel_irq irq sender
2026.08.11.16:49:18 Info: set_interface_property kernel_irq EXPORT_OF kernel_irq.sender0_irq
2026.08.11.16:49:19 Info: add_connection clk_1x.out_clk kernel_irq.clk
2026.08.11.16:49:19 Info: add_connection reset.out_reset kernel_irq.clk_reset
2026.08.11.16:49:19 Info: add_connection kernel_irq.receiver_irq fpgaclue_alpaka_sys.kernel_irq
2026.08.11.16:49:19 Info: add_instance kernel_cra altera_avalon_mm_bridge
2026.08.11.16:49:19 Info: set_instance_parameter_value kernel_cra DATA_WIDTH 64
2026.08.11.16:49:19 Info: set_instance_parameter_value kernel_cra SYMBOL_WIDTH 8
2026.08.11.16:49:19 Info: set_instance_parameter_value kernel_cra ADDRESS_WIDTH 30
2026.08.11.16:49:19 Info: set_instance_parameter_value kernel_cra USE_AUTO_ADDRESS_WIDTH 0
2026.08.11.16:49:19 Info: set_instance_parameter_value kernel_cra ADDRESS_UNITS SYMBOLS
2026.08.11.16:49:19 Info: set_instance_parameter_value kernel_cra MAX_BURST_SIZE 1
2026.08.11.16:49:19 Info: set_instance_parameter_value kernel_cra MAX_PENDING_RESPONSES 1
2026.08.11.16:49:19 Info: set_instance_parameter_value kernel_cra LINEWRAPBURSTS 0
2026.08.11.16:49:19 Info: set_instance_parameter_value kernel_cra PIPELINE_COMMAND 0
2026.08.11.16:49:19 Info: set_instance_parameter_value kernel_cra PIPELINE_RESPONSE 0
2026.08.11.16:49:19 Info: add_connection clk_1x.out_clk kernel_cra.clk
2026.08.11.16:49:19 Info: add_connection reset.out_reset kernel_cra.reset
2026.08.11.16:49:19 Info: add_interface avs_kernel_cra avalon end
2026.08.11.16:49:19 Info: set_interface_property kernel_cra EXPORT_OF kernel_cra.s0
2026.08.11.16:49:19 Info: add_connection kernel_cra.m0 fpgaclue_alpaka_sys.csr_ring_root_avs
2026.08.11.16:49:19 Info: set_connection_parameter_value kernel_cra.m0/fpgaclue_alpaka_sys.csr_ring_root_avs baseAddress 0x0
2026.08.11.16:49:19 Info: save_system kernel_system.qsys
2026.08.11.16:49:19 Info: Replacing kernel_system.clk_1x with generic component
2026.08.11.16:49:19 Info: Replacing kernel_system.reset with generic component
2026.08.11.16:49:20 Info: Replacing kernel_system.fpgaclue_alpaka_sys with generic component
2026.08.11.16:49:20 Info: Replacing kernel_system.kernel_irq with generic component
2026.08.11.16:49:20 Info: Replacing kernel_system.kernel_cra with generic component
2026.08.11.16:49:20 Info: Info: All modules have been converted to Generic Components.
***************************************************************
Quartus is a registered trademark of Intel Corporation in the
US and other countries.  Portions of the Quartus Prime software
code, and other portions of the code included in this download
or on this DVD, are licensed to Intel Corporation and are the
copyrighted property of third parties. For license details,
refer to the End User License Agreement at
http://fpgasoftware.intel.com/eula.
***************************************************************

2026.08.11.16:49:21 Info: Doing: qsys-script --quartus-project=none --script=aoc_create_msim_system.tcl --Xmx512M --XX:+UseSerialGC --cmd=set component_list const_lambda,const_lambda_1,const_lambda_2,const_lambda_3,const_lambda_4; set num_agent_interface 12,12,12,12,12; set host_iface_list mem0_rw; set agent_iface_list {}; set stream_intf_mapping {}; set host_pipe_mapping {}; set sycl_mode 1
2026.08.11.16:49:25 Info: create_system mpsim
2026.08.11.16:49:25 Info: add_instance clk_rst hls_sim_clock_reset
2026.08.11.16:49:26 Info: set_instance_parameter_value clk_rst RESET_CYCLE_HOLD 120
2026.08.11.16:49:26 Info: add_instance oirq aoc_sim_main_dpi_controller
2026.08.11.16:49:26 Info: add_instance ki kernel_interface
2026.08.11.16:49:27 Info: add_instance avmm_agent_cra_inst aoc_sim_mm_master_dpi_bfm
2026.08.11.16:49:27 Info: set_instance_parameter_value avmm_agent_cra_inst COMPONENT_NAME kernel_cra
2026.08.11.16:49:27 Info: set_instance_parameter_value avmm_agent_cra_inst IS_MAIN_CONTROLLER 1
2026.08.11.16:49:27 Info: set_instance_parameter_value avmm_agent_cra_inst KI_AV_ADDRESS_W 14
2026.08.11.16:49:27 Info: set_instance_parameter_value avmm_agent_cra_inst KI_AV_SYMBOL_W 8
2026.08.11.16:49:27 Info: set_instance_parameter_value avmm_agent_cra_inst KI_AV_NUMSYMBOLS 4
2026.08.11.16:49:27 Info: set_instance_parameter_value avmm_agent_cra_inst MBD_AV_ADDRESS_W 31
2026.08.11.16:49:27 Info: set_instance_parameter_value avmm_agent_cra_inst MBD_AV_SYMBOL_W 8
2026.08.11.16:49:27 Info: set_instance_parameter_value avmm_agent_cra_inst MBD_AV_NUMSYMBOLS 4
2026.08.11.16:49:27 Info: set_instance_parameter_value avmm_agent_cra_inst COMMAND_INITIAL_WAIT_CYCLES 1000
2026.08.11.16:49:27 Info: set_instance_parameter_value avmm_agent_cra_inst COMMAND_WAIT_CYCLES 200
2026.08.11.16:49:27 Info: set_instance_parameter_value avmm_agent_cra_inst COMMAND_READ_WRITE_CYCLES 4
2026.08.11.16:49:27 Info: set_instance_parameter_value avmm_agent_cra_inst NUM_COMPONENTS_WITH_CSR 5
2026.08.11.16:49:27 Info: add_instance ks kernel_system
2026.08.11.16:49:27 Info: add_connection clk_rst.clock oirq.clock
2026.08.11.16:49:28 Info: add_connection clk_rst.clock2x oirq.clock2x
2026.08.11.16:49:28 Info: add_connection clk_rst.reset oirq.reset
2026.08.11.16:49:28 Info: add_connection oirq.reset_ctrl clk_rst.reset_ctrl
2026.08.11.16:49:28 Info: add_connection clk_rst.clock ks.clock_reset
2026.08.11.16:49:28 Info: add_connection clk_rst.reset ks.clock_reset_reset
2026.08.11.16:49:28 Info: add_connection ki.kernel_cra ks.kernel_cra
2026.08.11.16:49:28 Info: add_connection ki.kernel_irq_from_kernel ks.kernel_irq
2026.08.11.16:49:28 Info: add_connection clk_rst.clock ki.clk
2026.08.11.16:49:28 Info: add_connection clk_rst.clock ki.kernel_clk
2026.08.11.16:49:28 Info: add_connection clk_rst.reset ki.reset
2026.08.11.16:49:28 Info: add_connection clk_rst.reset ki.sw_reset_in
2026.08.11.16:49:28 Info: add_connection clk_rst.clock avmm_agent_cra_inst.clock
2026.08.11.16:49:28 Info: add_connection clk_rst.reset avmm_agent_cra_inst.reset
2026.08.11.16:49:28 Info: auto_assign_irqs avmm_agent_cra_inst
2026.08.11.16:49:28 Info: add_connection avmm_agent_cra_inst.m_ki ki.ctrl
2026.08.11.16:49:28 Info: add_connection oirq.kernel_interrupt ki.kernel_irq_to_host
2026.08.11.16:49:28 Info: add_component split_component_csr_ready_inst sp_csr_ready.ip avalon_split_multibit_conduit sp_csr_ready
2026.08.11.16:49:28 Info: split_component_csr_ready_inst: Generic Component instance footprint reloaded.
2026.08.11.16:49:28 Info: load_component split_component_csr_ready_inst
2026.08.11.16:49:28 Info: set_component_parameter_value multibit_width 5
2026.08.11.16:49:28 Info: save_component 
2026.08.11.16:49:28 Info: add_connection avmm_agent_cra_inst.done_writes_to_cra split_component_csr_ready_inst.in_conduit
2026.08.11.16:49:28 Info: add_component concat_component_stall_inst cct_comp_stall.ip avalon_concatenate_singlebit_conduits cct_comp_stall
2026.08.11.16:49:28 Info: concat_component_stall_inst: Generic Component instance footprint reloaded.
2026.08.11.16:49:28 Info: load_component concat_component_stall_inst
2026.08.11.16:49:28 Info: set_component_parameter_value multibit_width 5
2026.08.11.16:49:28 Info: save_component 
2026.08.11.16:49:28 Info: add_connection avmm_agent_cra_inst.component_control_not_ready_in concat_component_stall_inst.out_conduit
2026.08.11.16:49:28 Info: add_component master_done_fanout_inst done_cfan.ip avalon_conduit_fanout done_cfan
2026.08.11.16:49:28 Info: master_done_fanout_inst: Generic Component instance footprint reloaded.
2026.08.11.16:49:28 Info: load_component master_done_fanout_inst
2026.08.11.16:49:28 Info: set_component_parameter_value numFanOut 5
2026.08.11.16:49:28 Info: save_component 
2026.08.11.16:49:28 Info: add_connection avmm_agent_cra_inst.sim_done master_done_fanout_inst.in_conduit
2026.08.11.16:49:28 Info: get_instance_interfaces ks
2026.08.11.16:49:28 Info: get_composed_instances ks
2026.08.11.16:49:28 Info: get_composed_instance_assignment ks fpgaclue_alpaka_sys ipa.report.names
2026.08.11.16:49:28 Info: get_composed_instance_assignment ks fpgaclue_alpaka_sys ipa.mangled.names
2026.08.11.16:49:28 Info: add_component component_dpi_controller_const_lambda_inst dpic_const_lambda.ip aoc_sim_component_dpi_controller dpic_const_lambda
2026.08.11.16:49:28 Info: component_dpi_controller_const_lambda_inst: Generic Component instance footprint reloaded.
2026.08.11.16:49:28 Info: add_connection clk_rst.clock component_dpi_controller_const_lambda_inst.clock
2026.08.11.16:49:28 Info: add_connection clk_rst.clock2x component_dpi_controller_const_lambda_inst.clock2x
2026.08.11.16:49:28 Info: add_connection clk_rst.reset component_dpi_controller_const_lambda_inst.reset
2026.08.11.16:49:28 Info: load_component component_dpi_controller_const_lambda_inst
2026.08.11.16:49:28 Info: set_component_parameter_value COMPONENT_NAME nd_item)
2026.08.11.16:49:28 Info: set_component_parameter_value COMPONENT_MANGLED_NAME const_lambda
2026.08.11.16:49:28 Info: save_component 
2026.08.11.16:49:28 Info: add_component const_lambda_component_dpi_controller_enable_conduit_fanout_inst const_lambda_en_cfan.ip avalon_conduit_fanout const_lambda_en_cfan
2026.08.11.16:49:28 Info: const_lambda_component_dpi_controller_enable_conduit_fanout_inst: Generic Component instance footprint reloaded.
2026.08.11.16:49:28 Info: load_component const_lambda_component_dpi_controller_enable_conduit_fanout_inst
2026.08.11.16:49:28 Info: set_component_parameter_value numFanOut 0
2026.08.11.16:49:28 Info: save_component 
2026.08.11.16:49:28 Info: add_connection component_dpi_controller_const_lambda_inst.dpi_control_enable const_lambda_component_dpi_controller_enable_conduit_fanout_inst.in_conduit
2026.08.11.16:49:28 Info: load_component component_dpi_controller_const_lambda_inst
2026.08.11.16:49:28 Info: set_component_parameter_value COMPONENT_NUM_AGENTS 1
2026.08.11.16:49:28 Info: save_component 
2026.08.11.16:49:28 Info: add_connection split_component_csr_ready_inst.out_conduit_0 component_dpi_controller_const_lambda_inst.dpi_control_agents_ready
2026.08.11.16:49:28 Info: add_connection concat_component_stall_inst.in_conduit_0 component_dpi_controller_const_lambda_inst.master_stall
2026.08.11.16:49:28 Info: add_connection master_done_fanout_inst.out_conduit_0 component_dpi_controller_const_lambda_inst.master_done
2026.08.11.16:49:28 Info: get_instance_interfaces ks
2026.08.11.16:49:28 Info: get_instance_interfaces ks
2026.08.11.16:49:28 Info: get_composed_instances ks
2026.08.11.16:49:28 Info: get_composed_instance_assignment ks fpgaclue_alpaka_sys ipa.report.names
2026.08.11.16:49:28 Info: get_composed_instance_assignment ks fpgaclue_alpaka_sys ipa.mangled.names
2026.08.11.16:49:28 Info: add_component component_dpi_controller_const_lambda_1_inst dpic_const_lambda_1.ip aoc_sim_component_dpi_controller dpic_const_lambda_1
2026.08.11.16:49:28 Info: component_dpi_controller_const_lambda_1_inst: Generic Component instance footprint reloaded.
2026.08.11.16:49:28 Info: add_connection clk_rst.clock component_dpi_controller_const_lambda_1_inst.clock
2026.08.11.16:49:28 Info: add_connection clk_rst.clock2x component_dpi_controller_const_lambda_1_inst.clock2x
2026.08.11.16:49:28 Info: add_connection clk_rst.reset component_dpi_controller_const_lambda_1_inst.reset
2026.08.11.16:49:28 Info: load_component component_dpi_controller_const_lambda_1_inst
2026.08.11.16:49:28 Info: set_component_parameter_value COMPONENT_NAME nd_item)
2026.08.11.16:49:28 Info: set_component_parameter_value COMPONENT_MANGLED_NAME const_lambda_1
2026.08.11.16:49:28 Info: save_component 
2026.08.11.16:49:28 Info: add_component const_lambda_1_component_dpi_controller_enable_conduit_fanout_inst const_lambda_1_en_cfan.ip avalon_conduit_fanout const_lambda_1_en_cfan
2026.08.11.16:49:28 Info: const_lambda_1_component_dpi_controller_enable_conduit_fanout_inst: Generic Component instance footprint reloaded.
2026.08.11.16:49:28 Info: load_component const_lambda_1_component_dpi_controller_enable_conduit_fanout_inst
2026.08.11.16:49:28 Info: set_component_parameter_value numFanOut 0
2026.08.11.16:49:28 Info: save_component 
2026.08.11.16:49:28 Info: add_connection component_dpi_controller_const_lambda_1_inst.dpi_control_enable const_lambda_1_component_dpi_controller_enable_conduit_fanout_inst.in_conduit
2026.08.11.16:49:28 Info: load_component component_dpi_controller_const_lambda_1_inst
2026.08.11.16:49:28 Info: set_component_parameter_value COMPONENT_NUM_AGENTS 1
2026.08.11.16:49:28 Info: save_component 
2026.08.11.16:49:29 Info: add_connection split_component_csr_ready_inst.out_conduit_1 component_dpi_controller_const_lambda_1_inst.dpi_control_agents_ready
2026.08.11.16:49:29 Info: add_connection concat_component_stall_inst.in_conduit_1 component_dpi_controller_const_lambda_1_inst.master_stall
2026.08.11.16:49:29 Info: add_connection master_done_fanout_inst.out_conduit_1 component_dpi_controller_const_lambda_1_inst.master_done
2026.08.11.16:49:29 Info: get_instance_interfaces ks
2026.08.11.16:49:29 Info: get_instance_interfaces ks
2026.08.11.16:49:29 Info: get_composed_instances ks
2026.08.11.16:49:29 Info: get_composed_instance_assignment ks fpgaclue_alpaka_sys ipa.report.names
2026.08.11.16:49:29 Info: get_composed_instance_assignment ks fpgaclue_alpaka_sys ipa.mangled.names
2026.08.11.16:49:29 Info: add_component component_dpi_controller_const_lambda_2_inst dpic_const_lambda_2.ip aoc_sim_component_dpi_controller dpic_const_lambda_2
2026.08.11.16:49:29 Info: component_dpi_controller_const_lambda_2_inst: Generic Component instance footprint reloaded.
2026.08.11.16:49:29 Info: add_connection clk_rst.clock component_dpi_controller_const_lambda_2_inst.clock
2026.08.11.16:49:29 Info: add_connection clk_rst.clock2x component_dpi_controller_const_lambda_2_inst.clock2x
2026.08.11.16:49:29 Info: add_connection clk_rst.reset component_dpi_controller_const_lambda_2_inst.reset
2026.08.11.16:49:29 Info: load_component component_dpi_controller_const_lambda_2_inst
2026.08.11.16:49:29 Info: set_component_parameter_value COMPONENT_NAME nd_item)
2026.08.11.16:49:29 Info: set_component_parameter_value COMPONENT_MANGLED_NAME const_lambda_2
2026.08.11.16:49:29 Info: save_component 
2026.08.11.16:49:29 Info: add_component const_lambda_2_component_dpi_controller_enable_conduit_fanout_inst const_lambda_2_en_cfan.ip avalon_conduit_fanout const_lambda_2_en_cfan
2026.08.11.16:49:29 Info: const_lambda_2_component_dpi_controller_enable_conduit_fanout_inst: Generic Component instance footprint reloaded.
2026.08.11.16:49:29 Info: load_component const_lambda_2_component_dpi_controller_enable_conduit_fanout_inst
2026.08.11.16:49:29 Info: set_component_parameter_value numFanOut 0
2026.08.11.16:49:29 Info: save_component 
2026.08.11.16:49:29 Info: add_connection component_dpi_controller_const_lambda_2_inst.dpi_control_enable const_lambda_2_component_dpi_controller_enable_conduit_fanout_inst.in_conduit
2026.08.11.16:49:29 Info: load_component component_dpi_controller_const_lambda_2_inst
2026.08.11.16:49:29 Info: set_component_parameter_value COMPONENT_NUM_AGENTS 1
2026.08.11.16:49:29 Info: save_component 
2026.08.11.16:49:29 Info: add_connection split_component_csr_ready_inst.out_conduit_2 component_dpi_controller_const_lambda_2_inst.dpi_control_agents_ready
2026.08.11.16:49:29 Info: add_connection concat_component_stall_inst.in_conduit_2 component_dpi_controller_const_lambda_2_inst.master_stall
2026.08.11.16:49:29 Info: add_connection master_done_fanout_inst.out_conduit_2 component_dpi_controller_const_lambda_2_inst.master_done
2026.08.11.16:49:29 Info: get_instance_interfaces ks
2026.08.11.16:49:29 Info: get_instance_interfaces ks
2026.08.11.16:49:29 Info: get_composed_instances ks
2026.08.11.16:49:29 Info: get_composed_instance_assignment ks fpgaclue_alpaka_sys ipa.report.names
2026.08.11.16:49:29 Info: get_composed_instance_assignment ks fpgaclue_alpaka_sys ipa.mangled.names
2026.08.11.16:49:29 Info: add_component component_dpi_controller_const_lambda_3_inst dpic_const_lambda_3.ip aoc_sim_component_dpi_controller dpic_const_lambda_3
2026.08.11.16:49:29 Info: component_dpi_controller_const_lambda_3_inst: Generic Component instance footprint reloaded.
2026.08.11.16:49:29 Info: add_connection clk_rst.clock component_dpi_controller_const_lambda_3_inst.clock
2026.08.11.16:49:29 Info: add_connection clk_rst.clock2x component_dpi_controller_const_lambda_3_inst.clock2x
2026.08.11.16:49:29 Info: add_connection clk_rst.reset component_dpi_controller_const_lambda_3_inst.reset
2026.08.11.16:49:29 Info: load_component component_dpi_controller_const_lambda_3_inst
2026.08.11.16:49:29 Info: set_component_parameter_value COMPONENT_NAME nd_item)
2026.08.11.16:49:29 Info: set_component_parameter_value COMPONENT_MANGLED_NAME const_lambda_3
2026.08.11.16:49:29 Info: save_component 
2026.08.11.16:49:29 Info: add_component const_lambda_3_component_dpi_controller_enable_conduit_fanout_inst const_lambda_3_en_cfan.ip avalon_conduit_fanout const_lambda_3_en_cfan
2026.08.11.16:49:29 Info: const_lambda_3_component_dpi_controller_enable_conduit_fanout_inst: Generic Component instance footprint reloaded.
2026.08.11.16:49:29 Info: load_component const_lambda_3_component_dpi_controller_enable_conduit_fanout_inst
2026.08.11.16:49:29 Info: set_component_parameter_value numFanOut 0
2026.08.11.16:49:29 Info: save_component 
2026.08.11.16:49:29 Info: add_connection component_dpi_controller_const_lambda_3_inst.dpi_control_enable const_lambda_3_component_dpi_controller_enable_conduit_fanout_inst.in_conduit
2026.08.11.16:49:29 Info: load_component component_dpi_controller_const_lambda_3_inst
2026.08.11.16:49:29 Info: set_component_parameter_value COMPONENT_NUM_AGENTS 1
2026.08.11.16:49:29 Info: save_component 
2026.08.11.16:49:29 Info: add_connection split_component_csr_ready_inst.out_conduit_3 component_dpi_controller_const_lambda_3_inst.dpi_control_agents_ready
2026.08.11.16:49:29 Info: add_connection concat_component_stall_inst.in_conduit_3 component_dpi_controller_const_lambda_3_inst.master_stall
2026.08.11.16:49:29 Info: add_connection master_done_fanout_inst.out_conduit_3 component_dpi_controller_const_lambda_3_inst.master_done
2026.08.11.16:49:29 Info: get_instance_interfaces ks
2026.08.11.16:49:29 Info: get_instance_interfaces ks
2026.08.11.16:49:29 Info: get_composed_instances ks
2026.08.11.16:49:29 Info: get_composed_instance_assignment ks fpgaclue_alpaka_sys ipa.report.names
2026.08.11.16:49:29 Info: get_composed_instance_assignment ks fpgaclue_alpaka_sys ipa.mangled.names
2026.08.11.16:49:29 Info: add_component component_dpi_controller_const_lambda_4_inst dpic_const_lambda_4.ip aoc_sim_component_dpi_controller dpic_const_lambda_4
2026.08.11.16:49:29 Info: component_dpi_controller_const_lambda_4_inst: Generic Component instance footprint reloaded.
2026.08.11.16:49:29 Info: add_connection clk_rst.clock component_dpi_controller_const_lambda_4_inst.clock
2026.08.11.16:49:29 Info: add_connection clk_rst.clock2x component_dpi_controller_const_lambda_4_inst.clock2x
2026.08.11.16:49:29 Info: add_connection clk_rst.reset component_dpi_controller_const_lambda_4_inst.reset
2026.08.11.16:49:29 Info: load_component component_dpi_controller_const_lambda_4_inst
2026.08.11.16:49:29 Info: set_component_parameter_value COMPONENT_NAME nd_item)
2026.08.11.16:49:29 Info: set_component_parameter_value COMPONENT_MANGLED_NAME const_lambda_4
2026.08.11.16:49:29 Info: save_component 
2026.08.11.16:49:29 Info: add_component const_lambda_4_component_dpi_controller_enable_conduit_fanout_inst const_lambda_4_en_cfan.ip avalon_conduit_fanout const_lambda_4_en_cfan
2026.08.11.16:49:29 Info: const_lambda_4_component_dpi_controller_enable_conduit_fanout_inst: Generic Component instance footprint reloaded.
2026.08.11.16:49:29 Info: load_component const_lambda_4_component_dpi_controller_enable_conduit_fanout_inst
2026.08.11.16:49:29 Info: set_component_parameter_value numFanOut 0
2026.08.11.16:49:29 Info: save_component 
2026.08.11.16:49:29 Info: add_connection component_dpi_controller_const_lambda_4_inst.dpi_control_enable const_lambda_4_component_dpi_controller_enable_conduit_fanout_inst.in_conduit
2026.08.11.16:49:29 Info: load_component component_dpi_controller_const_lambda_4_inst
2026.08.11.16:49:29 Info: set_component_parameter_value COMPONENT_NUM_AGENTS 1
2026.08.11.16:49:29 Info: save_component 
2026.08.11.16:49:29 Info: add_connection split_component_csr_ready_inst.out_conduit_4 component_dpi_controller_const_lambda_4_inst.dpi_control_agents_ready
2026.08.11.16:49:29 Info: add_connection concat_component_stall_inst.in_conduit_4 component_dpi_controller_const_lambda_4_inst.master_stall
2026.08.11.16:49:29 Info: add_connection master_done_fanout_inst.out_conduit_4 component_dpi_controller_const_lambda_4_inst.master_done
2026.08.11.16:49:29 Info: get_instance_interfaces ks
2026.08.11.16:49:29 Info: get_instance_interfaces ks
2026.08.11.16:49:29 Info: get_instance_interface_property ks clock_reset CLASS_NAME
2026.08.11.16:49:29 Info: get_instance_interface_ports ks clock_reset
2026.08.11.16:49:29 Info: get_instance_interface_property ks mem0_rw CLASS_NAME
2026.08.11.16:49:29 Info: get_instance_interface_ports ks mem0_rw
2026.08.11.16:49:29 Info: add_component osm_0_inst mm_agent_ks_mem0_rw.ip aoc_sim_mm_slave_dpi_bfm mm_agent_ks_mem0_rw
2026.08.11.16:49:29 Info: osm_0_inst: Generic Component instance footprint reloaded.
2026.08.11.16:49:29 Info: get_instance_interface_port_property ks mem0_rw mem0_rw_address WIDTH
2026.08.11.16:49:29 Info: get_instance_interface_port_property ks mem0_rw mem0_rw_readdata WIDTH
2026.08.11.16:49:29 Info: get_instance_interface_parameter_value ks mem0_rw readLatency
2026.08.11.16:49:29 Info: load_component osm_0_inst
2026.08.11.16:49:29 Info: set_component_parameter_value AV_FIX_READ_LATENCY 0
2026.08.11.16:49:29 Info: save_component 
2026.08.11.16:49:29 Info: get_instance_interface_port_property ks mem0_rw mem0_rw_byteenable WIDTH
2026.08.11.16:49:29 Info: get_instance_interface_parameter_value ks mem0_rw addressUnits
2026.08.11.16:49:29 Info: get_instance_interface_ports ks mem0_rw
2026.08.11.16:49:29 Info: get_instance_interface_port_property ks mem0_rw mem0_rw_burstcount WIDTH
2026.08.11.16:49:29 Info: load_component osm_0_inst
2026.08.11.16:49:29 Info: set_component_parameter_value AV_BURSTCOUNT_W 1
2026.08.11.16:49:29 Info: save_component 
2026.08.11.16:49:29 Info: load_component osm_0_inst
2026.08.11.16:49:29 Info: set_component_parameter_value INTERFACE_ID 0
2026.08.11.16:49:29 Info: set_component_parameter_value COMPONENT_NAME avs
2026.08.11.16:49:29 Info: set_component_parameter_value AV_ADDRESS_W 41
2026.08.11.16:49:29 Info: set_component_parameter_value AV_NUMSYMBOLS 8
2026.08.11.16:49:29 Info: set_component_parameter_value AV_SYMBOL_W 8
2026.08.11.16:49:29 Info: set_component_parameter_value ADDRESS_UNITS SYMBOLS
2026.08.11.16:49:29 Info: set_component_parameter_value USE_WAIT_REQUEST 1
2026.08.11.16:49:29 Info: set_component_parameter_value USE_BURSTCOUNT 1
2026.08.11.16:49:29 Info: set_component_parameter_value USE_READ_DATA_VALID 1
2026.08.11.16:49:29 Info: set_component_parameter_value USE_READ 1
2026.08.11.16:49:29 Info: set_component_parameter_value USE_READ_DATA 1
2026.08.11.16:49:29 Info: set_component_parameter_value USE_WRITE 1
2026.08.11.16:49:29 Info: set_component_parameter_value USE_WRITE_DATA 1
2026.08.11.16:49:29 Info: set_component_parameter_value USE_READ_DATA_VALID 1
2026.08.11.16:49:29 Info: set_component_parameter_value AV_MAX_PENDING_READS 256
2026.08.11.16:49:29 Info: save_component 
2026.08.11.16:49:29 Info: add_connection clk_rst.clock osm_0_inst.clock
2026.08.11.16:49:29 Info: add_connection clk_rst.reset osm_0_inst.reset
2026.08.11.16:49:29 Info: add_connection ks.mem0_rw osm_0_inst.s0
2026.08.11.16:49:29 Info: get_instance_interface_property ks kernel_cra CLASS_NAME
2026.08.11.16:49:29 Info: get_instance_interface_ports ks kernel_cra
2026.08.11.16:49:29 Info: get_instance_interface_property ks kernel_irq CLASS_NAME
2026.08.11.16:49:29 Info: get_instance_interface_ports ks kernel_irq
2026.08.11.16:49:29 Info: get_instance_interface_property ks clock_reset_reset CLASS_NAME
2026.08.11.16:49:29 Info: get_instance_interface_ports ks clock_reset_reset
2026.08.11.16:49:29 Info: sync_sysinfo_parameters 
2026.08.11.16:49:29 Info: Synchronizing System Information for split_component_csr_ready_inst
2026.08.11.16:49:29 Info: Synchronizing System Information for concat_component_stall_inst
2026.08.11.16:49:29 Info: Synchronizing System Information for master_done_fanout_inst
2026.08.11.16:49:29 Info: Synchronizing System Information for component_dpi_controller_const_lambda_inst
2026.08.11.16:49:29 Info: Synchronizing System Information for const_lambda_component_dpi_controller_enable_conduit_fanout_inst
2026.08.11.16:49:29 Info: Synchronizing System Information for component_dpi_controller_const_lambda_1_inst
2026.08.11.16:49:29 Info: Synchronizing System Information for const_lambda_1_component_dpi_controller_enable_conduit_fanout_inst
2026.08.11.16:49:30 Info: Synchronizing System Information for component_dpi_controller_const_lambda_2_inst
2026.08.11.16:49:30 Info: Synchronizing System Information for const_lambda_2_component_dpi_controller_enable_conduit_fanout_inst
2026.08.11.16:49:30 Info: Synchronizing System Information for component_dpi_controller_const_lambda_3_inst
2026.08.11.16:49:30 Info: Synchronizing System Information for const_lambda_3_component_dpi_controller_enable_conduit_fanout_inst
2026.08.11.16:49:30 Info: Synchronizing System Information for component_dpi_controller_const_lambda_4_inst
2026.08.11.16:49:30 Info: Synchronizing System Information for const_lambda_4_component_dpi_controller_enable_conduit_fanout_inst
2026.08.11.16:49:30 Info: Synchronizing System Information for osm_0_inst
2026.08.11.16:49:30 Info: Synchronizing System Information for clk_1x
2026.08.11.16:49:30 Info: Synchronizing System Information for fpgaclue_alpaka_sys
2026.08.11.16:49:30 Info: Synchronizing System Information for kernel_cra
2026.08.11.16:49:30 Info: Synchronizing System Information for kernel_irq
2026.08.11.16:49:30 Info: Synchronizing System Information for reset
2026.08.11.16:49:30 Info: save_system mpsim
2026.08.11.16:49:30 Info: Replacing mpsim.clk_rst with generic component
2026.08.11.16:49:30 Info: Replacing mpsim.oirq with generic component
2026.08.11.16:49:30 Info: Replacing mpsim.ki with generic component
2026.08.11.16:49:30 Info: Replacing mpsim.avmm_agent_cra_inst with generic component
2026.08.11.16:49:30 Info: Info: All modules have been converted to Generic Components.
***************************************************************
Quartus is a registered trademark of Intel Corporation in the
US and other countries.  Portions of the Quartus Prime software
code, and other portions of the code included in this download
or on this DVD, are licensed to Intel Corporation and are the
copyrighted property of third parties. For license details,
refer to the End User License Agreement at
http://fpgasoftware.intel.com/eula.
***************************************************************

2026.08.11.16:49:37 Info: Parallel IP Generation is enabled. 
2026.08.11.16:49:37 Info: Platform Designer will attempt to use 6 processors for parallel IP generation based on available number of processors and the total number of IP to be generated.
2026.08.11.16:49:37 Info: 
2026.08.11.16:49:37 Info: Starting: Platform Designer system generation
2026.08.11.16:49:47 Info: 
2026.08.11.16:49:47 Info: Generating on localhost:46301
2026.08.11.16:49:47 Warning: Quartus project not specified. Use --quartus-project and --rev to specify a Quartus project and revision.
2026.08.11.16:49:47 Info: Saving generation log to /tmp/main-c9e248-216f3d/ip/kernel_system/kernel_system_clk_1x/kernel_system_clk_1x_generation.rpt
2026.08.11.16:49:47 Info: Generated by version: 25.1.1 build 125
2026.08.11.16:49:47 Info: Starting: Create simulation model
2026.08.11.16:49:47 Info: qsys-generate /tmp/main-c9e248-216f3d/ip/kernel_system/kernel_system_clk_1x.ip --simulation=VERILOG --allow-mixed-language-simulation --output-directory=/tmp/main-c9e248-216f3d/ip/kernel_system/kernel_system_clk_1x --family="Agilex 7" --part=AGFA006R16A2E1V
2026.08.11.16:49:47 Info: kernel_system_clk_1x: "Transforming system: kernel_system_clk_1x"
2026.08.11.16:49:47 Info: kernel_system_clk_1x: "Naming system components in system: kernel_system_clk_1x"
2026.08.11.16:49:47 Info: kernel_system_clk_1x: "Processing generation queue"
2026.08.11.16:49:47 Info: kernel_system_clk_1x: "Generating: kernel_system_clk_1x"
2026.08.11.16:49:47 Info: kernel_system_clk_1x: Done "kernel_system_clk_1x" with 1 modules, 1 files
2026.08.11.16:49:47 Info: Generating the following file(s) for MODELSIM simulator in /tmp/main-c9e248-216f3d/ip/kernel_system/kernel_system_clk_1x/sim/ directory:
2026.08.11.16:49:47 Info: common/modelsim_files.tcl
2026.08.11.16:49:47 Info: Generating the following file(s) for RIVIERA simulator in /tmp/main-c9e248-216f3d/ip/kernel_system/kernel_system_clk_1x/sim/ directory:
2026.08.11.16:49:47 Info: common/riviera_files.tcl
2026.08.11.16:49:47 Info: Generating the following file(s) for XCELIUM simulator in /tmp/main-c9e248-216f3d/ip/kernel_system/kernel_system_clk_1x/sim/ directory:
2026.08.11.16:49:47 Info: common/xcelium_files.tcl
2026.08.11.16:49:47 Info: Generating the following file(s) for VCSMX simulator in /tmp/main-c9e248-216f3d/ip/kernel_system/kernel_system_clk_1x/sim/ directory:
2026.08.11.16:49:47 Info: common/vcsmx_files.tcl
2026.08.11.16:49:47 Info: Generating the following file(s) for VCS simulator in /tmp/main-c9e248-216f3d/ip/kernel_system/kernel_system_clk_1x/sim/ directory:
2026.08.11.16:49:47 Info: common/vcs_files.tcl
2026.08.11.16:49:47 Info: For information on how to simulate your IP, see the explanatory comments in the simulator-specific subdirectories under /tmp/main-c9e248-216f3d/ip/kernel_system/kernel_system_clk_1x/sim/.
2026.08.11.16:49:47 Info: Regenerate these scripts whenever you make any change to any Quartus-generated IP in your project.
2026.08.11.16:49:47 Info: Finished: Create simulation model
2026.08.11.16:49:47 Info: Starting: Create simulation script
2026.08.11.16:49:47 Info: sim-script-gen --system-file=/tmp/main-c9e248-216f3d/ip/kernel_system/kernel_system_clk_1x.ip --output-directory=/tmp/main-c9e248-216f3d/ip/kernel_system/kernel_system_clk_1x/sim/ --use-relative-paths=true --modelsim-flow=traditional
2026.08.11.16:49:47 Info: Generating the following file(s) for MODELSIM simulator in /tmp/main-c9e248-216f3d/ip/kernel_system/kernel_system_clk_1x/sim/ directory:
2026.08.11.16:49:47 Info: mentor/msim_setup.tcl
2026.08.11.16:49:47 Info: mentor/run_msim_setup.tcl
2026.08.11.16:49:47 Info: Generating the following file(s) for RIVIERA simulator in /tmp/main-c9e248-216f3d/ip/kernel_system/kernel_system_clk_1x/sim/ directory:
2026.08.11.16:49:47 Info: aldec/rivierapro_setup.tcl
2026.08.11.16:49:47 Info: aldec/run_rivierapro_setup.tcl
2026.08.11.16:49:47 Info: Generating the following file(s) for XCELIUM simulator in /tmp/main-c9e248-216f3d/ip/kernel_system/kernel_system_clk_1x/sim/ directory:
2026.08.11.16:49:47 Info: xcelium/cds.lib
2026.08.11.16:49:47 Info: xcelium/hdl.var
2026.08.11.16:49:47 Info: xcelium/xcelium_setup.sh
2026.08.11.16:49:47 Info: 2 .cds.lib files in xcelium/cds_libs/ directory
2026.08.11.16:49:47 Info: Generating the following file(s) for VCSMX simulator in /tmp/main-c9e248-216f3d/ip/kernel_system/kernel_system_clk_1x/sim/ directory:
2026.08.11.16:49:47 Info: synopsys/vcsmx/_device_synopsys_sim.setup
2026.08.11.16:49:47 Info: synopsys/vcsmx/synopsys_sim.setup
2026.08.11.16:49:47 Info: synopsys/vcsmx/vcsmx_setup.sh
2026.08.11.16:49:47 Info: Generating the following file(s) for VCS simulator in /tmp/main-c9e248-216f3d/ip/kernel_system/kernel_system_clk_1x/sim/ directory:
2026.08.11.16:49:47 Info: synopsys/vcs/vcs_setup.sh
2026.08.11.16:49:47 Info: For information on how to simulate your IP, see the explanatory comments in the simulator-specific subdirectories under /tmp/main-c9e248-216f3d/ip/kernel_system/kernel_system_clk_1x/sim/.
2026.08.11.16:49:47 Info: Regenerate these scripts whenever you make any change to any Quartus-generated IP in your project.
2026.08.11.16:49:47 Info: Finished: Create simulation script
2026.08.11.16:49:47 Info: Generation of /tmp/main-c9e248-216f3d/ip/kernel_system/kernel_system_clk_1x.ip (kernel_system_clk_1x) took 1938 ms
2026.08.11.16:49:48 Info: 
2026.08.11.16:49:48 Info: Generating on localhost:45451
2026.08.11.16:49:48 Warning: Quartus project not specified. Use --quartus-project and --rev to specify a Quartus project and revision.
2026.08.11.16:49:48 Info: Saving generation log to /tmp/main-c9e248-216f3d/ip/mpsim/dpic_const_lambda/dpic_const_lambda_generation.rpt
2026.08.11.16:49:48 Info: Generated by version: 25.1.1 build 125
2026.08.11.16:49:48 Info: Starting: Create simulation model
2026.08.11.16:49:48 Info: qsys-generate /tmp/main-c9e248-216f3d/ip/mpsim/dpic_const_lambda.ip --simulation=VERILOG --allow-mixed-language-simulation --output-directory=/tmp/main-c9e248-216f3d/ip/mpsim/dpic_const_lambda --family="Agilex 7" --part=AGFA006R16A2E1V
2026.08.11.16:49:48 Warning: dpic_const_lambda.dpic_const_lambda.dpi_control_stream_writes_active: Interface has no signals
2026.08.11.16:49:48 Info: dpic_const_lambda: "Transforming system: dpic_const_lambda"
2026.08.11.16:49:48 Info: dpic_const_lambda: "Naming system components in system: dpic_const_lambda"
2026.08.11.16:49:48 Info: dpic_const_lambda: "Processing generation queue"
2026.08.11.16:49:48 Info: dpic_const_lambda: "Generating: dpic_const_lambda"
2026.08.11.16:49:48 Info: dpic_const_lambda: "Generating: aoc_sim_component_dpi_controller"
2026.08.11.16:49:48 Info: dpic_const_lambda: Done "dpic_const_lambda" with 2 modules, 4 files
2026.08.11.16:49:48 Info: Generating the following file(s) for RIVIERA simulator in /tmp/main-c9e248-216f3d/ip/mpsim/dpic_const_lambda/sim/ directory:
2026.08.11.16:49:48 Info: common/riviera_files.tcl
2026.08.11.16:49:48 Info: Generating the following file(s) for VCSMX simulator in /tmp/main-c9e248-216f3d/ip/mpsim/dpic_const_lambda/sim/ directory:
2026.08.11.16:49:48 Info: common/vcsmx_files.tcl
2026.08.11.16:49:48 Info: Generating the following file(s) for MODELSIM simulator in /tmp/main-c9e248-216f3d/ip/mpsim/dpic_const_lambda/sim/ directory:
2026.08.11.16:49:48 Info: common/modelsim_files.tcl
2026.08.11.16:49:48 Info: Generating the following file(s) for VCS simulator in /tmp/main-c9e248-216f3d/ip/mpsim/dpic_const_lambda/sim/ directory:
2026.08.11.16:49:48 Info: common/vcs_files.tcl
2026.08.11.16:49:48 Info: Generating the following file(s) for XCELIUM simulator in /tmp/main-c9e248-216f3d/ip/mpsim/dpic_const_lambda/sim/ directory:
2026.08.11.16:49:48 Info: common/xcelium_files.tcl
2026.08.11.16:49:48 Info: For information on how to simulate your IP, see the explanatory comments in the simulator-specific subdirectories under /tmp/main-c9e248-216f3d/ip/mpsim/dpic_const_lambda/sim/.
2026.08.11.16:49:48 Info: Regenerate these scripts whenever you make any change to any Quartus-generated IP in your project.
2026.08.11.16:49:48 Info: Finished: Create simulation model
2026.08.11.16:49:48 Info: Starting: Create simulation script
2026.08.11.16:49:48 Info: sim-script-gen --system-file=/tmp/main-c9e248-216f3d/ip/mpsim/dpic_const_lambda.ip --output-directory=/tmp/main-c9e248-216f3d/ip/mpsim/dpic_const_lambda/sim/ --use-relative-paths=true --modelsim-flow=traditional
2026.08.11.16:49:48 Info: Generating the following file(s) for RIVIERA simulator in /tmp/main-c9e248-216f3d/ip/mpsim/dpic_const_lambda/sim/ directory:
2026.08.11.16:49:48 Info: aldec/rivierapro_setup.tcl
2026.08.11.16:49:48 Info: aldec/run_rivierapro_setup.tcl
2026.08.11.16:49:48 Info: Generating the following file(s) for VCSMX simulator in /tmp/main-c9e248-216f3d/ip/mpsim/dpic_const_lambda/sim/ directory:
2026.08.11.16:49:48 Info: synopsys/vcsmx/_device_synopsys_sim.setup
2026.08.11.16:49:48 Info: synopsys/vcsmx/synopsys_sim.setup
2026.08.11.16:49:48 Info: synopsys/vcsmx/vcsmx_setup.sh
2026.08.11.16:49:48 Info: Generating the following file(s) for MODELSIM simulator in /tmp/main-c9e248-216f3d/ip/mpsim/dpic_const_lambda/sim/ directory:
2026.08.11.16:49:48 Info: mentor/msim_setup.tcl
2026.08.11.16:49:48 Info: mentor/run_msim_setup.tcl
2026.08.11.16:49:48 Info: Generating the following file(s) for VCS simulator in /tmp/main-c9e248-216f3d/ip/mpsim/dpic_const_lambda/sim/ directory:
2026.08.11.16:49:48 Info: synopsys/vcs/vcs_setup.sh
2026.08.11.16:49:48 Info: Generating the following file(s) for XCELIUM simulator in /tmp/main-c9e248-216f3d/ip/mpsim/dpic_const_lambda/sim/ directory:
2026.08.11.16:49:48 Info: xcelium/cds.lib
2026.08.11.16:49:48 Info: xcelium/hdl.var
2026.08.11.16:49:48 Info: xcelium/xcelium_setup.sh
2026.08.11.16:49:48 Info: 3 .cds.lib files in xcelium/cds_libs/ directory
2026.08.11.16:49:48 Info: For information on how to simulate your IP, see the explanatory comments in the simulator-specific subdirectories under /tmp/main-c9e248-216f3d/ip/mpsim/dpic_const_lambda/sim/.
2026.08.11.16:49:48 Info: Regenerate these scripts whenever you make any change to any Quartus-generated IP in your project.
2026.08.11.16:49:48 Info: Finished: Create simulation script
2026.08.11.16:49:48 Info: Generation of /tmp/main-c9e248-216f3d/ip/mpsim/dpic_const_lambda.ip (dpic_const_lambda) took 1802 ms
2026.08.11.16:49:48 Info: 
2026.08.11.16:49:48 Info: Generating on localhost:32801
2026.08.11.16:49:48 Warning: Quartus project not specified. Use --quartus-project and --rev to specify a Quartus project and revision.
2026.08.11.16:49:48 Info: Saving generation log to /tmp/main-c9e248-216f3d/ip/mpsim/const_lambda_3_en_cfan/const_lambda_3_en_cfan_generation.rpt
2026.08.11.16:49:48 Info: Generated by version: 25.1.1 build 125
2026.08.11.16:49:48 Info: Starting: Create simulation model
2026.08.11.16:49:48 Info: qsys-generate /tmp/main-c9e248-216f3d/ip/mpsim/const_lambda_3_en_cfan.ip --simulation=VERILOG --allow-mixed-language-simulation --output-directory=/tmp/main-c9e248-216f3d/ip/mpsim/const_lambda_3_en_cfan --family="Agilex 7" --part=AGFA006R16A2E1V
2026.08.11.16:49:48 Info: const_lambda_3_en_cfan: "Transforming system: const_lambda_3_en_cfan"
2026.08.11.16:49:48 Info: const_lambda_3_en_cfan: "Naming system components in system: const_lambda_3_en_cfan"
2026.08.11.16:49:48 Info: const_lambda_3_en_cfan: "Processing generation queue"
2026.08.11.16:49:48 Info: const_lambda_3_en_cfan: "Generating: const_lambda_3_en_cfan"
2026.08.11.16:49:48 Info: const_lambda_3_en_cfan: "Generating: const_lambda_3_en_cfan_avalon_conduit_fanout_10_xkdeykq"
2026.08.11.16:49:48 Info: const_lambda_3_en_cfan: Done "const_lambda_3_en_cfan" with 2 modules, 2 files
2026.08.11.16:49:48 Info: Generating the following file(s) for VCSMX simulator in /tmp/main-c9e248-216f3d/ip/mpsim/const_lambda_3_en_cfan/sim/ directory:
2026.08.11.16:49:48 Info: common/vcsmx_files.tcl
2026.08.11.16:49:48 Info: Generating the following file(s) for RIVIERA simulator in /tmp/main-c9e248-216f3d/ip/mpsim/const_lambda_3_en_cfan/sim/ directory:
2026.08.11.16:49:48 Info: common/riviera_files.tcl
2026.08.11.16:49:48 Info: Generating the following file(s) for XCELIUM simulator in /tmp/main-c9e248-216f3d/ip/mpsim/const_lambda_3_en_cfan/sim/ directory:
2026.08.11.16:49:48 Info: common/xcelium_files.tcl
2026.08.11.16:49:48 Info: Generating the following file(s) for MODELSIM simulator in /tmp/main-c9e248-216f3d/ip/mpsim/const_lambda_3_en_cfan/sim/ directory:
2026.08.11.16:49:48 Info: common/modelsim_files.tcl
2026.08.11.16:49:48 Info: Generating the following file(s) for VCS simulator in /tmp/main-c9e248-216f3d/ip/mpsim/const_lambda_3_en_cfan/sim/ directory:
2026.08.11.16:49:48 Info: common/vcs_files.tcl
2026.08.11.16:49:48 Info: For information on how to simulate your IP, see the explanatory comments in the simulator-specific subdirectories under /tmp/main-c9e248-216f3d/ip/mpsim/const_lambda_3_en_cfan/sim/.
2026.08.11.16:49:48 Info: Regenerate these scripts whenever you make any change to any Quartus-generated IP in your project.
2026.08.11.16:49:48 Info: Finished: Create simulation model
2026.08.11.16:49:48 Info: Starting: Create simulation script
2026.08.11.16:49:48 Info: sim-script-gen --system-file=/tmp/main-c9e248-216f3d/ip/mpsim/const_lambda_3_en_cfan.ip --output-directory=/tmp/main-c9e248-216f3d/ip/mpsim/const_lambda_3_en_cfan/sim/ --use-relative-paths=true --modelsim-flow=traditional
2026.08.11.16:49:48 Info: Generating the following file(s) for VCSMX simulator in /tmp/main-c9e248-216f3d/ip/mpsim/const_lambda_3_en_cfan/sim/ directory:
2026.08.11.16:49:48 Info: synopsys/vcsmx/_device_synopsys_sim.setup
2026.08.11.16:49:48 Info: synopsys/vcsmx/synopsys_sim.setup
2026.08.11.16:49:48 Info: synopsys/vcsmx/vcsmx_setup.sh
2026.08.11.16:49:48 Info: Generating the following file(s) for RIVIERA simulator in /tmp/main-c9e248-216f3d/ip/mpsim/const_lambda_3_en_cfan/sim/ directory:
2026.08.11.16:49:48 Info: aldec/rivierapro_setup.tcl
2026.08.11.16:49:48 Info: aldec/run_rivierapro_setup.tcl
2026.08.11.16:49:48 Info: Generating the following file(s) for XCELIUM simulator in /tmp/main-c9e248-216f3d/ip/mpsim/const_lambda_3_en_cfan/sim/ directory:
2026.08.11.16:49:48 Info: xcelium/cds.lib
2026.08.11.16:49:48 Info: xcelium/hdl.var
2026.08.11.16:49:48 Info: xcelium/xcelium_setup.sh
2026.08.11.16:49:48 Info: 3 .cds.lib files in xcelium/cds_libs/ directory
2026.08.11.16:49:48 Info: Generating the following file(s) for MODELSIM simulator in /tmp/main-c9e248-216f3d/ip/mpsim/const_lambda_3_en_cfan/sim/ directory:
2026.08.11.16:49:48 Info: mentor/msim_setup.tcl
2026.08.11.16:49:48 Info: mentor/run_msim_setup.tcl
2026.08.11.16:49:48 Info: Generating the following file(s) for VCS simulator in /tmp/main-c9e248-216f3d/ip/mpsim/const_lambda_3_en_cfan/sim/ directory:
2026.08.11.16:49:48 Info: synopsys/vcs/vcs_setup.sh
2026.08.11.16:49:48 Info: For information on how to simulate your IP, see the explanatory comments in the simulator-specific subdirectories under /tmp/main-c9e248-216f3d/ip/mpsim/const_lambda_3_en_cfan/sim/.
2026.08.11.16:49:48 Info: Regenerate these scripts whenever you make any change to any Quartus-generated IP in your project.
2026.08.11.16:49:48 Info: Finished: Create simulation script
2026.08.11.16:49:48 Info: Generation of /tmp/main-c9e248-216f3d/ip/mpsim/const_lambda_3_en_cfan.ip (const_lambda_3_en_cfan) took 1848 ms
2026.08.11.16:49:48 Info: 
2026.08.11.16:49:48 Info: Generating on localhost:35387
2026.08.11.16:49:48 Warning: Quartus project not specified. Use --quartus-project and --rev to specify a Quartus project and revision.
2026.08.11.16:49:48 Info: Saving generation log to /tmp/main-c9e248-216f3d/ip/kernel_system/kernel_system_kernel_cra/kernel_system_kernel_cra_generation.rpt
2026.08.11.16:49:48 Info: Generated by version: 25.1.1 build 125
2026.08.11.16:49:48 Info: Starting: Create simulation model
2026.08.11.16:49:48 Info: qsys-generate /tmp/main-c9e248-216f3d/ip/kernel_system/kernel_system_kernel_cra.ip --simulation=VERILOG --allow-mixed-language-simulation --output-directory=/tmp/main-c9e248-216f3d/ip/kernel_system/kernel_system_kernel_cra --family="Agilex 7" --part=AGFA006R16A2E1V
2026.08.11.16:49:48 Info: kernel_system_kernel_cra: "Transforming system: kernel_system_kernel_cra"
2026.08.11.16:49:48 Info: kernel_system_kernel_cra: "Naming system components in system: kernel_system_kernel_cra"
2026.08.11.16:49:48 Info: kernel_system_kernel_cra: "Processing generation queue"
2026.08.11.16:49:48 Info: kernel_system_kernel_cra: "Generating: kernel_system_kernel_cra"
2026.08.11.16:49:48 Info: kernel_system_kernel_cra: "Generating: kernel_system_kernel_cra_altera_avalon_mm_bridge_2010_tex5a4i"
2026.08.11.16:49:48 Info: kernel_system_kernel_cra: Done "kernel_system_kernel_cra" with 2 modules, 4 files
2026.08.11.16:49:48 Info: Generating the following file(s) for VCSMX simulator in /tmp/main-c9e248-216f3d/ip/kernel_system/kernel_system_kernel_cra/sim/ directory:
2026.08.11.16:49:48 Info: common/vcsmx_files.tcl
2026.08.11.16:49:48 Info: Generating the following file(s) for MODELSIM simulator in /tmp/main-c9e248-216f3d/ip/kernel_system/kernel_system_kernel_cra/sim/ directory:
2026.08.11.16:49:48 Info: common/modelsim_files.tcl
2026.08.11.16:49:48 Info: Generating the following file(s) for VCS simulator in /tmp/main-c9e248-216f3d/ip/kernel_system/kernel_system_kernel_cra/sim/ directory:
2026.08.11.16:49:48 Info: common/vcs_files.tcl
2026.08.11.16:49:48 Info: Generating the following file(s) for XCELIUM simulator in /tmp/main-c9e248-216f3d/ip/kernel_system/kernel_system_kernel_cra/sim/ directory:
2026.08.11.16:49:48 Info: common/xcelium_files.tcl
2026.08.11.16:49:48 Info: Generating the following file(s) for RIVIERA simulator in /tmp/main-c9e248-216f3d/ip/kernel_system/kernel_system_kernel_cra/sim/ directory:
2026.08.11.16:49:48 Info: common/riviera_files.tcl
2026.08.11.16:49:48 Info: For information on how to simulate your IP, see the explanatory comments in the simulator-specific subdirectories under /tmp/main-c9e248-216f3d/ip/kernel_system/kernel_system_kernel_cra/sim/.
2026.08.11.16:49:48 Info: Regenerate these scripts whenever you make any change to any Quartus-generated IP in your project.
2026.08.11.16:49:48 Info: Finished: Create simulation model
2026.08.11.16:49:48 Info: Starting: Create simulation script
2026.08.11.16:49:48 Info: sim-script-gen --system-file=/tmp/main-c9e248-216f3d/ip/kernel_system/kernel_system_kernel_cra.ip --output-directory=/tmp/main-c9e248-216f3d/ip/kernel_system/kernel_system_kernel_cra/sim/ --use-relative-paths=true --modelsim-flow=traditional
2026.08.11.16:49:48 Info: Generating the following file(s) for VCSMX simulator in /tmp/main-c9e248-216f3d/ip/kernel_system/kernel_system_kernel_cra/sim/ directory:
2026.08.11.16:49:48 Info: synopsys/vcsmx/_device_synopsys_sim.setup
2026.08.11.16:49:48 Info: synopsys/vcsmx/synopsys_sim.setup
2026.08.11.16:49:48 Info: synopsys/vcsmx/vcsmx_setup.sh
2026.08.11.16:49:48 Info: Generating the following file(s) for MODELSIM simulator in /tmp/main-c9e248-216f3d/ip/kernel_system/kernel_system_kernel_cra/sim/ directory:
2026.08.11.16:49:48 Info: mentor/msim_setup.tcl
2026.08.11.16:49:48 Info: mentor/run_msim_setup.tcl
2026.08.11.16:49:48 Info: Generating the following file(s) for VCS simulator in /tmp/main-c9e248-216f3d/ip/kernel_system/kernel_system_kernel_cra/sim/ directory:
2026.08.11.16:49:48 Info: synopsys/vcs/vcs_setup.sh
2026.08.11.16:49:48 Info: Generating the following file(s) for XCELIUM simulator in /tmp/main-c9e248-216f3d/ip/kernel_system/kernel_system_kernel_cra/sim/ directory:
2026.08.11.16:49:48 Info: xcelium/cds.lib
2026.08.11.16:49:48 Info: xcelium/hdl.var
2026.08.11.16:49:48 Info: xcelium/xcelium_setup.sh
2026.08.11.16:49:48 Info: 3 .cds.lib files in xcelium/cds_libs/ directory
2026.08.11.16:49:48 Info: Generating the following file(s) for RIVIERA simulator in /tmp/main-c9e248-216f3d/ip/kernel_system/kernel_system_kernel_cra/sim/ directory:
2026.08.11.16:49:48 Info: aldec/rivierapro_setup.tcl
2026.08.11.16:49:48 Info: aldec/run_rivierapro_setup.tcl
2026.08.11.16:49:48 Info: For information on how to simulate your IP, see the explanatory comments in the simulator-specific subdirectories under /tmp/main-c9e248-216f3d/ip/kernel_system/kernel_system_kernel_cra/sim/.
2026.08.11.16:49:48 Info: Regenerate these scripts whenever you make any change to any Quartus-generated IP in your project.
2026.08.11.16:49:48 Info: Finished: Create simulation script
2026.08.11.16:49:48 Info: Generation of /tmp/main-c9e248-216f3d/ip/kernel_system/kernel_system_kernel_cra.ip (kernel_system_kernel_cra) took 1999 ms
2026.08.11.16:49:48 Info: 
2026.08.11.16:49:48 Info: Generating on localhost:37299
2026.08.11.16:49:48 Warning: Quartus project not specified. Use --quartus-project and --rev to specify a Quartus project and revision.
2026.08.11.16:49:48 Info: Saving generation log to /tmp/main-c9e248-216f3d/ip/mpsim/mpsim_clk_rst/mpsim_clk_rst_generation.rpt
2026.08.11.16:49:48 Info: Generated by version: 25.1.1 build 125
2026.08.11.16:49:48 Info: Starting: Create simulation model
2026.08.11.16:49:48 Info: qsys-generate /tmp/main-c9e248-216f3d/ip/mpsim/mpsim_clk_rst.ip --simulation=VERILOG --allow-mixed-language-simulation --output-directory=/tmp/main-c9e248-216f3d/ip/mpsim/mpsim_clk_rst --family="Agilex 7" --part=AGFA006R16A2E1V
2026.08.11.16:49:48 Info: mpsim_clk_rst: "Transforming system: mpsim_clk_rst"
2026.08.11.16:49:48 Info: mpsim_clk_rst: "Naming system components in system: mpsim_clk_rst"
2026.08.11.16:49:48 Info: mpsim_clk_rst: "Processing generation queue"
2026.08.11.16:49:48 Info: mpsim_clk_rst: "Generating: mpsim_clk_rst"
2026.08.11.16:49:48 Info: mpsim_clk_rst: "Generating: hls_sim_clock_reset"
2026.08.11.16:49:48 Info: mpsim_clk_rst: Done "mpsim_clk_rst" with 2 modules, 2 files
2026.08.11.16:49:48 Info: Generating the following file(s) for MODELSIM simulator in /tmp/main-c9e248-216f3d/ip/mpsim/mpsim_clk_rst/sim/ directory:
2026.08.11.16:49:48 Info: common/modelsim_files.tcl
2026.08.11.16:49:48 Info: Generating the following file(s) for VCSMX simulator in /tmp/main-c9e248-216f3d/ip/mpsim/mpsim_clk_rst/sim/ directory:
2026.08.11.16:49:48 Info: common/vcsmx_files.tcl
2026.08.11.16:49:48 Info: Generating the following file(s) for VCS simulator in /tmp/main-c9e248-216f3d/ip/mpsim/mpsim_clk_rst/sim/ directory:
2026.08.11.16:49:48 Info: common/vcs_files.tcl
2026.08.11.16:49:48 Info: Generating the following file(s) for RIVIERA simulator in /tmp/main-c9e248-216f3d/ip/mpsim/mpsim_clk_rst/sim/ directory:
2026.08.11.16:49:48 Info: common/riviera_files.tcl
2026.08.11.16:49:48 Info: Generating the following file(s) for XCELIUM simulator in /tmp/main-c9e248-216f3d/ip/mpsim/mpsim_clk_rst/sim/ directory:
2026.08.11.16:49:48 Info: common/xcelium_files.tcl
2026.08.11.16:49:48 Info: For information on how to simulate your IP, see the explanatory comments in the simulator-specific subdirectories under /tmp/main-c9e248-216f3d/ip/mpsim/mpsim_clk_rst/sim/.
2026.08.11.16:49:48 Info: Regenerate these scripts whenever you make any change to any Quartus-generated IP in your project.
2026.08.11.16:49:48 Info: Finished: Create simulation model
2026.08.11.16:49:48 Info: Starting: Create simulation script
2026.08.11.16:49:48 Info: sim-script-gen --system-file=/tmp/main-c9e248-216f3d/ip/mpsim/mpsim_clk_rst.ip --output-directory=/tmp/main-c9e248-216f3d/ip/mpsim/mpsim_clk_rst/sim/ --use-relative-paths=true --modelsim-flow=traditional
2026.08.11.16:49:48 Info: Generating the following file(s) for MODELSIM simulator in /tmp/main-c9e248-216f3d/ip/mpsim/mpsim_clk_rst/sim/ directory:
2026.08.11.16:49:48 Info: mentor/msim_setup.tcl
2026.08.11.16:49:48 Info: mentor/run_msim_setup.tcl
2026.08.11.16:49:48 Info: Generating the following file(s) for VCSMX simulator in /tmp/main-c9e248-216f3d/ip/mpsim/mpsim_clk_rst/sim/ directory:
2026.08.11.16:49:48 Info: synopsys/vcsmx/_device_synopsys_sim.setup
2026.08.11.16:49:48 Info: synopsys/vcsmx/synopsys_sim.setup
2026.08.11.16:49:48 Info: synopsys/vcsmx/vcsmx_setup.sh
2026.08.11.16:49:48 Info: Generating the following file(s) for VCS simulator in /tmp/main-c9e248-216f3d/ip/mpsim/mpsim_clk_rst/sim/ directory:
2026.08.11.16:49:48 Info: synopsys/vcs/vcs_setup.sh
2026.08.11.16:49:48 Info: Generating the following file(s) for RIVIERA simulator in /tmp/main-c9e248-216f3d/ip/mpsim/mpsim_clk_rst/sim/ directory:
2026.08.11.16:49:48 Info: aldec/rivierapro_setup.tcl
2026.08.11.16:49:48 Info: aldec/run_rivierapro_setup.tcl
2026.08.11.16:49:48 Info: Generating the following file(s) for XCELIUM simulator in /tmp/main-c9e248-216f3d/ip/mpsim/mpsim_clk_rst/sim/ directory:
2026.08.11.16:49:48 Info: xcelium/cds.lib
2026.08.11.16:49:48 Info: xcelium/hdl.var
2026.08.11.16:49:48 Info: xcelium/xcelium_setup.sh
2026.08.11.16:49:48 Info: 3 .cds.lib files in xcelium/cds_libs/ directory
2026.08.11.16:49:48 Info: For information on how to simulate your IP, see the explanatory comments in the simulator-specific subdirectories under /tmp/main-c9e248-216f3d/ip/mpsim/mpsim_clk_rst/sim/.
2026.08.11.16:49:48 Info: Regenerate these scripts whenever you make any change to any Quartus-generated IP in your project.
2026.08.11.16:49:48 Info: Finished: Create simulation script
2026.08.11.16:49:48 Info: Generation of /tmp/main-c9e248-216f3d/ip/mpsim/mpsim_clk_rst.ip (mpsim_clk_rst) took 1960 ms
2026.08.11.16:49:49 Info: 
2026.08.11.16:49:49 Info: Generating on localhost:42427
2026.08.11.16:49:49 Warning: Quartus project not specified. Use --quartus-project and --rev to specify a Quartus project and revision.
2026.08.11.16:49:49 Info: kernel_system: All Generic Component instances match their respective ip files.
2026.08.11.16:49:49 Info: Saving generation log to /tmp/main-c9e248-216f3d/kernel_system/kernel_system_generation.rpt
2026.08.11.16:49:49 Info: Generated by version: 25.1.1 build 125
2026.08.11.16:49:49 Info: Starting: Create simulation model
2026.08.11.16:49:49 Info: qsys-generate /tmp/main-c9e248-216f3d/kernel_system.qsys --simulation=VERILOG --allow-mixed-language-simulation --output-directory=/tmp/main-c9e248-216f3d/kernel_system --family="Agilex 7" --part=AGFA006R16A2E1V
2026.08.11.16:49:49 Info: Loading main-c9e248-216f3d/kernel_system.qsys
2026.08.11.16:49:49 Info: Reading input file
2026.08.11.16:49:49 Info: Parameterizing module clk_1x
2026.08.11.16:49:49 Info: Parameterizing module fpgaclue_alpaka_sys
2026.08.11.16:49:49 Info: Parameterizing module kernel_cra
2026.08.11.16:49:49 Info: Parameterizing module kernel_irq
2026.08.11.16:49:49 Info: Parameterizing module reset
2026.08.11.16:49:49 Info: Building connections
2026.08.11.16:49:49 Info: Parameterizing connections
2026.08.11.16:49:49 Info: Validating
2026.08.11.16:49:49 Info: Done reading input file
2026.08.11.16:49:49 Info: kernel_system: "Transforming system: kernel_system"
2026.08.11.16:49:49 Info: Interconnect is inserted between master kernel_cra.m0 and slave fpgaclue_alpaka_sys.csr_ring_root_avs because the master has burstcount signal 1 bit wide, but the slave is 0 bit wide.
2026.08.11.16:49:49 Info: Interconnect is inserted between master kernel_cra.m0 and slave fpgaclue_alpaka_sys.csr_ring_root_avs because the master has address signal 30 bit wide, but the slave is 9 bit wide.
2026.08.11.16:49:49 Info: Interconnect is inserted between master kernel_cra.m0 and slave fpgaclue_alpaka_sys.csr_ring_root_avs because the master has debugaccess signal 1 bit wide, but the slave is 0 bit wide.
2026.08.11.16:49:49 Info: kernel_system: "Naming system components in system: kernel_system"
2026.08.11.16:49:49 Info: kernel_system: "Processing generation queue"
2026.08.11.16:49:49 Info: kernel_system: "Generating: kernel_system"
2026.08.11.16:49:49 Info: kernel_system: "Generating: kernel_system_clk_1x"
2026.08.11.16:49:49 Info: kernel_system: "Generating: kernel_system_fpgaclue_alpaka_sys"
2026.08.11.16:49:49 Info: kernel_system: "Generating: kernel_system_kernel_cra"
2026.08.11.16:49:49 Info: kernel_system: "Generating: kernel_system_kernel_irq"
2026.08.11.16:49:49 Info: kernel_system: "Generating: kernel_system_reset"
2026.08.11.16:49:49 Info: kernel_system: "Generating: kernel_system_altera_mm_interconnect_1920_rgwaroy"
2026.08.11.16:49:49 Info: kernel_system: "Generating: kernel_system_altera_irq_mapper_2001_wgtbcyy"
2026.08.11.16:49:49 Info: kernel_system: "Generating: kernel_system_altera_merlin_master_translator_193_lgcew2q"
2026.08.11.16:49:49 Info: kernel_system: "Generating: kernel_system_altera_merlin_slave_translator_191_xg7rzxi"
2026.08.11.16:49:49 Info: kernel_system: Done "kernel_system" with 10 modules, 5 files
2026.08.11.16:49:49 Info: Generating the following file(s) for XCELIUM simulator in /tmp/main-c9e248-216f3d/kernel_system/sim/ directory:
2026.08.11.16:49:49 Info: common/xcelium_files.tcl
2026.08.11.16:49:49 Info: Generating the following file(s) for VCSMX simulator in /tmp/main-c9e248-216f3d/kernel_system/sim/ directory:
2026.08.11.16:49:49 Info: common/vcsmx_files.tcl
2026.08.11.16:49:49 Info: Generating the following file(s) for RIVIERA simulator in /tmp/main-c9e248-216f3d/kernel_system/sim/ directory:
2026.08.11.16:49:49 Info: common/riviera_files.tcl
2026.08.11.16:49:49 Info: Generating the following file(s) for MODELSIM simulator in /tmp/main-c9e248-216f3d/kernel_system/sim/ directory:
2026.08.11.16:49:49 Info: common/modelsim_files.tcl
2026.08.11.16:49:49 Info: Generating the following file(s) for VCS simulator in /tmp/main-c9e248-216f3d/kernel_system/sim/ directory:
2026.08.11.16:49:49 Info: common/vcs_files.tcl
2026.08.11.16:49:49 Info: For information on how to simulate your IP, see the explanatory comments in the simulator-specific subdirectories under /tmp/main-c9e248-216f3d/kernel_system/sim/.
2026.08.11.16:49:49 Info: Regenerate these scripts whenever you make any change to any Quartus-generated IP in your project.
2026.08.11.16:49:49 Info: Finished: Create simulation model
2026.08.11.16:49:49 Info: Starting: Create simulation script
2026.08.11.16:49:49 Info: sim-script-gen --system-file=/tmp/main-c9e248-216f3d/kernel_system.qsys --output-directory=/tmp/main-c9e248-216f3d/kernel_system/sim/ --use-relative-paths=true --modelsim-flow=traditional
2026.08.11.16:49:49 Info: Generating the following file(s) for XCELIUM simulator in /tmp/main-c9e248-216f3d/kernel_system/sim/ directory:
2026.08.11.16:49:49 Info: xcelium/cds.lib
2026.08.11.16:49:49 Info: xcelium/hdl.var
2026.08.11.16:49:49 Info: xcelium/xcelium_setup.sh
2026.08.11.16:49:49 Info: 1 .cds.lib files in xcelium/cds_libs/ directory
2026.08.11.16:49:49 Info: Generating the following file(s) for VCSMX simulator in /tmp/main-c9e248-216f3d/kernel_system/sim/ directory:
2026.08.11.16:49:49 Info: synopsys/vcsmx/_device_synopsys_sim.setup
2026.08.11.16:49:49 Info: synopsys/vcsmx/synopsys_sim.setup
2026.08.11.16:49:49 Info: synopsys/vcsmx/vcsmx_setup.sh
2026.08.11.16:49:49 Info: Generating the following file(s) for RIVIERA simulator in /tmp/main-c9e248-216f3d/kernel_system/sim/ directory:
2026.08.11.16:49:49 Info: aldec/rivierapro_setup.tcl
2026.08.11.16:49:49 Info: aldec/run_rivierapro_setup.tcl
2026.08.11.16:49:49 Info: Generating the following file(s) for MODELSIM simulator in /tmp/main-c9e248-216f3d/kernel_system/sim/ directory:
2026.08.11.16:49:49 Info: mentor/msim_setup.tcl
2026.08.11.16:49:49 Info: mentor/run_msim_setup.tcl
2026.08.11.16:49:49 Info: Generating the following file(s) for VCS simulator in /tmp/main-c9e248-216f3d/kernel_system/sim/ directory:
2026.08.11.16:49:49 Info: synopsys/vcs/vcs_setup.sh
2026.08.11.16:49:49 Info: For information on how to simulate your IP, see the explanatory comments in the simulator-specific subdirectories under /tmp/main-c9e248-216f3d/kernel_system/sim/.
2026.08.11.16:49:49 Info: Regenerate these scripts whenever you make any change to any Quartus-generated IP in your project.
2026.08.11.16:49:49 Info: Finished: Create simulation script
2026.08.11.16:49:49 Info: Generation of /tmp/main-c9e248-216f3d/kernel_system.qsys (kernel_system) took 2829 ms
2026.08.11.16:49:49 Info: 
2026.08.11.16:49:49 Info: Generating on localhost:45451
2026.08.11.16:49:49 Warning: Quartus project not specified. Use --quartus-project and --rev to specify a Quartus project and revision.
2026.08.11.16:49:49 Info: Saving generation log to /tmp/main-c9e248-216f3d/ip/mpsim/const_lambda_4_en_cfan/const_lambda_4_en_cfan_generation.rpt
2026.08.11.16:49:49 Info: Generated by version: 25.1.1 build 125
2026.08.11.16:49:49 Info: Starting: Create simulation model
2026.08.11.16:49:49 Info: qsys-generate /tmp/main-c9e248-216f3d/ip/mpsim/const_lambda_4_en_cfan.ip --simulation=VERILOG --allow-mixed-language-simulation --output-directory=/tmp/main-c9e248-216f3d/ip/mpsim/const_lambda_4_en_cfan --family="Agilex 7" --part=AGFA006R16A2E1V
2026.08.11.16:49:49 Info: const_lambda_4_en_cfan: "Transforming system: const_lambda_4_en_cfan"
2026.08.11.16:49:49 Info: const_lambda_4_en_cfan: "Naming system components in system: const_lambda_4_en_cfan"
2026.08.11.16:49:49 Info: const_lambda_4_en_cfan: "Processing generation queue"
2026.08.11.16:49:49 Info: const_lambda_4_en_cfan: "Generating: const_lambda_4_en_cfan"
2026.08.11.16:49:49 Info: const_lambda_4_en_cfan: "Generating: const_lambda_4_en_cfan_avalon_conduit_fanout_10_xkdeykq"
2026.08.11.16:49:49 Info: const_lambda_4_en_cfan: Done "const_lambda_4_en_cfan" with 2 modules, 2 files
2026.08.11.16:49:49 Info: Generating the following file(s) for RIVIERA simulator in /tmp/main-c9e248-216f3d/ip/mpsim/const_lambda_4_en_cfan/sim/ directory:
2026.08.11.16:49:49 Info: common/riviera_files.tcl
2026.08.11.16:49:49 Info: Generating the following file(s) for VCSMX simulator in /tmp/main-c9e248-216f3d/ip/mpsim/const_lambda_4_en_cfan/sim/ directory:
2026.08.11.16:49:49 Info: common/vcsmx_files.tcl
2026.08.11.16:49:49 Info: Generating the following file(s) for MODELSIM simulator in /tmp/main-c9e248-216f3d/ip/mpsim/const_lambda_4_en_cfan/sim/ directory:
2026.08.11.16:49:49 Info: common/modelsim_files.tcl
2026.08.11.16:49:49 Info: Generating the following file(s) for VCS simulator in /tmp/main-c9e248-216f3d/ip/mpsim/const_lambda_4_en_cfan/sim/ directory:
2026.08.11.16:49:49 Info: common/vcs_files.tcl
2026.08.11.16:49:49 Info: Generating the following file(s) for XCELIUM simulator in /tmp/main-c9e248-216f3d/ip/mpsim/const_lambda_4_en_cfan/sim/ directory:
2026.08.11.16:49:49 Info: common/xcelium_files.tcl
2026.08.11.16:49:49 Info: For information on how to simulate your IP, see the explanatory comments in the simulator-specific subdirectories under /tmp/main-c9e248-216f3d/ip/mpsim/const_lambda_4_en_cfan/sim/.
2026.08.11.16:49:49 Info: Regenerate these scripts whenever you make any change to any Quartus-generated IP in your project.
2026.08.11.16:49:49 Info: Finished: Create simulation model
2026.08.11.16:49:49 Info: Starting: Create simulation script
2026.08.11.16:49:49 Info: sim-script-gen --system-file=/tmp/main-c9e248-216f3d/ip/mpsim/const_lambda_4_en_cfan.ip --output-directory=/tmp/main-c9e248-216f3d/ip/mpsim/const_lambda_4_en_cfan/sim/ --use-relative-paths=true --modelsim-flow=traditional
2026.08.11.16:49:49 Info: Generating the following file(s) for RIVIERA simulator in /tmp/main-c9e248-216f3d/ip/mpsim/const_lambda_4_en_cfan/sim/ directory:
2026.08.11.16:49:49 Info: aldec/rivierapro_setup.tcl
2026.08.11.16:49:49 Info: aldec/run_rivierapro_setup.tcl
2026.08.11.16:49:49 Info: Generating the following file(s) for VCSMX simulator in /tmp/main-c9e248-216f3d/ip/mpsim/const_lambda_4_en_cfan/sim/ directory:
2026.08.11.16:49:49 Info: synopsys/vcsmx/_device_synopsys_sim.setup
2026.08.11.16:49:49 Info: synopsys/vcsmx/synopsys_sim.setup
2026.08.11.16:49:49 Info: synopsys/vcsmx/vcsmx_setup.sh
2026.08.11.16:49:49 Info: Generating the following file(s) for MODELSIM simulator in /tmp/main-c9e248-216f3d/ip/mpsim/const_lambda_4_en_cfan/sim/ directory:
2026.08.11.16:49:49 Info: mentor/msim_setup.tcl
2026.08.11.16:49:49 Info: mentor/run_msim_setup.tcl
2026.08.11.16:49:49 Info: Generating the following file(s) for VCS simulator in /tmp/main-c9e248-216f3d/ip/mpsim/const_lambda_4_en_cfan/sim/ directory:
2026.08.11.16:49:49 Info: synopsys/vcs/vcs_setup.sh
2026.08.11.16:49:49 Info: Generating the following file(s) for XCELIUM simulator in /tmp/main-c9e248-216f3d/ip/mpsim/const_lambda_4_en_cfan/sim/ directory:
2026.08.11.16:49:49 Info: xcelium/cds.lib
2026.08.11.16:49:49 Info: xcelium/hdl.var
2026.08.11.16:49:49 Info: xcelium/xcelium_setup.sh
2026.08.11.16:49:49 Info: 3 .cds.lib files in xcelium/cds_libs/ directory
2026.08.11.16:49:49 Info: For information on how to simulate your IP, see the explanatory comments in the simulator-specific subdirectories under /tmp/main-c9e248-216f3d/ip/mpsim/const_lambda_4_en_cfan/sim/.
2026.08.11.16:49:49 Info: Regenerate these scripts whenever you make any change to any Quartus-generated IP in your project.
2026.08.11.16:49:49 Info: Finished: Create simulation script
2026.08.11.16:49:49 Info: Generation of /tmp/main-c9e248-216f3d/ip/mpsim/const_lambda_4_en_cfan.ip (const_lambda_4_en_cfan) took 1688 ms
2026.08.11.16:49:49 Info: 
2026.08.11.16:49:49 Info: Generating on localhost:37299
2026.08.11.16:49:49 Warning: Quartus project not specified. Use --quartus-project and --rev to specify a Quartus project and revision.
2026.08.11.16:49:49 Info: Saving generation log to /tmp/main-c9e248-216f3d/ip/mpsim/dpic_const_lambda_2/dpic_const_lambda_2_generation.rpt
2026.08.11.16:49:49 Info: Generated by version: 25.1.1 build 125
2026.08.11.16:49:49 Info: Starting: Create simulation model
2026.08.11.16:49:49 Info: qsys-generate /tmp/main-c9e248-216f3d/ip/mpsim/dpic_const_lambda_2.ip --simulation=VERILOG --allow-mixed-language-simulation --output-directory=/tmp/main-c9e248-216f3d/ip/mpsim/dpic_const_lambda_2 --family="Agilex 7" --part=AGFA006R16A2E1V
2026.08.11.16:49:49 Warning: dpic_const_lambda_2.dpic_const_lambda_2.dpi_control_stream_writes_active: Interface has no signals
2026.08.11.16:49:49 Info: dpic_const_lambda_2: "Transforming system: dpic_const_lambda_2"
2026.08.11.16:49:49 Info: dpic_const_lambda_2: "Naming system components in system: dpic_const_lambda_2"
2026.08.11.16:49:49 Info: dpic_const_lambda_2: "Processing generation queue"
2026.08.11.16:49:49 Info: dpic_const_lambda_2: "Generating: dpic_const_lambda_2"
2026.08.11.16:49:49 Info: dpic_const_lambda_2: "Generating: aoc_sim_component_dpi_controller"
2026.08.11.16:49:49 Info: dpic_const_lambda_2: Done "dpic_const_lambda_2" with 2 modules, 4 files
2026.08.11.16:49:49 Info: Generating the following file(s) for MODELSIM simulator in /tmp/main-c9e248-216f3d/ip/mpsim/dpic_const_lambda_2/sim/ directory:
2026.08.11.16:49:49 Info: common/modelsim_files.tcl
2026.08.11.16:49:49 Info: Generating the following file(s) for VCSMX simulator in /tmp/main-c9e248-216f3d/ip/mpsim/dpic_const_lambda_2/sim/ directory:
2026.08.11.16:49:49 Info: common/vcsmx_files.tcl
2026.08.11.16:49:49 Info: Generating the following file(s) for VCS simulator in /tmp/main-c9e248-216f3d/ip/mpsim/dpic_const_lambda_2/sim/ directory:
2026.08.11.16:49:49 Info: common/vcs_files.tcl
2026.08.11.16:49:49 Info: Generating the following file(s) for RIVIERA simulator in /tmp/main-c9e248-216f3d/ip/mpsim/dpic_const_lambda_2/sim/ directory:
2026.08.11.16:49:49 Info: common/riviera_files.tcl
2026.08.11.16:49:49 Info: Generating the following file(s) for XCELIUM simulator in /tmp/main-c9e248-216f3d/ip/mpsim/dpic_const_lambda_2/sim/ directory:
2026.08.11.16:49:49 Info: common/xcelium_files.tcl
2026.08.11.16:49:49 Info: For information on how to simulate your IP, see the explanatory comments in the simulator-specific subdirectories under /tmp/main-c9e248-216f3d/ip/mpsim/dpic_const_lambda_2/sim/.
2026.08.11.16:49:49 Info: Regenerate these scripts whenever you make any change to any Quartus-generated IP in your project.
2026.08.11.16:49:49 Info: Finished: Create simulation model
2026.08.11.16:49:49 Info: Starting: Create simulation script
2026.08.11.16:49:49 Info: sim-script-gen --system-file=/tmp/main-c9e248-216f3d/ip/mpsim/dpic_const_lambda_2.ip --output-directory=/tmp/main-c9e248-216f3d/ip/mpsim/dpic_const_lambda_2/sim/ --use-relative-paths=true --modelsim-flow=traditional
2026.08.11.16:49:49 Info: Generating the following file(s) for MODELSIM simulator in /tmp/main-c9e248-216f3d/ip/mpsim/dpic_const_lambda_2/sim/ directory:
2026.08.11.16:49:49 Info: mentor/msim_setup.tcl
2026.08.11.16:49:49 Info: mentor/run_msim_setup.tcl
2026.08.11.16:49:49 Info: Generating the following file(s) for VCSMX simulator in /tmp/main-c9e248-216f3d/ip/mpsim/dpic_const_lambda_2/sim/ directory:
2026.08.11.16:49:49 Info: synopsys/vcsmx/_device_synopsys_sim.setup
2026.08.11.16:49:49 Info: synopsys/vcsmx/synopsys_sim.setup
2026.08.11.16:49:49 Info: synopsys/vcsmx/vcsmx_setup.sh
2026.08.11.16:49:49 Info: Generating the following file(s) for VCS simulator in /tmp/main-c9e248-216f3d/ip/mpsim/dpic_const_lambda_2/sim/ directory:
2026.08.11.16:49:49 Info: synopsys/vcs/vcs_setup.sh
2026.08.11.16:49:49 Info: Generating the following file(s) for RIVIERA simulator in /tmp/main-c9e248-216f3d/ip/mpsim/dpic_const_lambda_2/sim/ directory:
2026.08.11.16:49:49 Info: aldec/rivierapro_setup.tcl
2026.08.11.16:49:49 Info: aldec/run_rivierapro_setup.tcl
2026.08.11.16:49:49 Info: Generating the following file(s) for XCELIUM simulator in /tmp/main-c9e248-216f3d/ip/mpsim/dpic_const_lambda_2/sim/ directory:
2026.08.11.16:49:49 Info: xcelium/cds.lib
2026.08.11.16:49:49 Info: xcelium/hdl.var
2026.08.11.16:49:49 Info: xcelium/xcelium_setup.sh
2026.08.11.16:49:49 Info: 3 .cds.lib files in xcelium/cds_libs/ directory
2026.08.11.16:49:49 Info: For information on how to simulate your IP, see the explanatory comments in the simulator-specific subdirectories under /tmp/main-c9e248-216f3d/ip/mpsim/dpic_const_lambda_2/sim/.
2026.08.11.16:49:49 Info: Regenerate these scripts whenever you make any change to any Quartus-generated IP in your project.
2026.08.11.16:49:49 Info: Finished: Create simulation script
2026.08.11.16:49:49 Info: Generation of /tmp/main-c9e248-216f3d/ip/mpsim/dpic_const_lambda_2.ip (dpic_const_lambda_2) took 1548 ms
2026.08.11.16:49:49 Info: 
2026.08.11.16:49:49 Info: Generating on localhost:35387
2026.08.11.16:49:49 Warning: Quartus project not specified. Use --quartus-project and --rev to specify a Quartus project and revision.
2026.08.11.16:49:49 Info: Saving generation log to /tmp/main-c9e248-216f3d/ip/mpsim/sp_csr_ready/sp_csr_ready_generation.rpt
2026.08.11.16:49:49 Info: Generated by version: 25.1.1 build 125
2026.08.11.16:49:49 Info: Starting: Create simulation model
2026.08.11.16:49:49 Info: qsys-generate /tmp/main-c9e248-216f3d/ip/mpsim/sp_csr_ready.ip --simulation=VERILOG --allow-mixed-language-simulation --output-directory=/tmp/main-c9e248-216f3d/ip/mpsim/sp_csr_ready --family="Agilex 7" --part=AGFA006R16A2E1V
2026.08.11.16:49:49 Info: sp_csr_ready: "Transforming system: sp_csr_ready"
2026.08.11.16:49:49 Info: sp_csr_ready: "Naming system components in system: sp_csr_ready"
2026.08.11.16:49:49 Info: sp_csr_ready: "Processing generation queue"
2026.08.11.16:49:49 Info: sp_csr_ready: "Generating: sp_csr_ready"
2026.08.11.16:49:49 Info: sp_csr_ready: "Generating: sp_csr_ready_avalon_split_multibit_conduit_10_4rgcwhq"
2026.08.11.16:49:49 Info: sp_csr_ready: Done "sp_csr_ready" with 2 modules, 2 files
2026.08.11.16:49:49 Info: Generating the following file(s) for VCSMX simulator in /tmp/main-c9e248-216f3d/ip/mpsim/sp_csr_ready/sim/ directory:
2026.08.11.16:49:49 Info: common/vcsmx_files.tcl
2026.08.11.16:49:49 Info: Generating the following file(s) for MODELSIM simulator in /tmp/main-c9e248-216f3d/ip/mpsim/sp_csr_ready/sim/ directory:
2026.08.11.16:49:49 Info: common/modelsim_files.tcl
2026.08.11.16:49:49 Info: Generating the following file(s) for VCS simulator in /tmp/main-c9e248-216f3d/ip/mpsim/sp_csr_ready/sim/ directory:
2026.08.11.16:49:49 Info: common/vcs_files.tcl
2026.08.11.16:49:49 Info: Generating the following file(s) for XCELIUM simulator in /tmp/main-c9e248-216f3d/ip/mpsim/sp_csr_ready/sim/ directory:
2026.08.11.16:49:49 Info: common/xcelium_files.tcl
2026.08.11.16:49:49 Info: Generating the following file(s) for RIVIERA simulator in /tmp/main-c9e248-216f3d/ip/mpsim/sp_csr_ready/sim/ directory:
2026.08.11.16:49:49 Info: common/riviera_files.tcl
2026.08.11.16:49:49 Info: For information on how to simulate your IP, see the explanatory comments in the simulator-specific subdirectories under /tmp/main-c9e248-216f3d/ip/mpsim/sp_csr_ready/sim/.
2026.08.11.16:49:49 Info: Regenerate these scripts whenever you make any change to any Quartus-generated IP in your project.
2026.08.11.16:49:49 Info: Finished: Create simulation model
2026.08.11.16:49:49 Info: Starting: Create simulation script
2026.08.11.16:49:49 Info: sim-script-gen --system-file=/tmp/main-c9e248-216f3d/ip/mpsim/sp_csr_ready.ip --output-directory=/tmp/main-c9e248-216f3d/ip/mpsim/sp_csr_ready/sim/ --use-relative-paths=true --modelsim-flow=traditional
2026.08.11.16:49:49 Info: Generating the following file(s) for VCSMX simulator in /tmp/main-c9e248-216f3d/ip/mpsim/sp_csr_ready/sim/ directory:
2026.08.11.16:49:49 Info: synopsys/vcsmx/_device_synopsys_sim.setup
2026.08.11.16:49:49 Info: synopsys/vcsmx/synopsys_sim.setup
2026.08.11.16:49:49 Info: synopsys/vcsmx/vcsmx_setup.sh
2026.08.11.16:49:49 Info: Generating the following file(s) for MODELSIM simulator in /tmp/main-c9e248-216f3d/ip/mpsim/sp_csr_ready/sim/ directory:
2026.08.11.16:49:49 Info: mentor/msim_setup.tcl
2026.08.11.16:49:49 Info: mentor/run_msim_setup.tcl
2026.08.11.16:49:49 Info: Generating the following file(s) for VCS simulator in /tmp/main-c9e248-216f3d/ip/mpsim/sp_csr_ready/sim/ directory:
2026.08.11.16:49:49 Info: synopsys/vcs/vcs_setup.sh
2026.08.11.16:49:49 Info: Generating the following file(s) for XCELIUM simulator in /tmp/main-c9e248-216f3d/ip/mpsim/sp_csr_ready/sim/ directory:
2026.08.11.16:49:49 Info: xcelium/cds.lib
2026.08.11.16:49:49 Info: xcelium/hdl.var
2026.08.11.16:49:49 Info: xcelium/xcelium_setup.sh
2026.08.11.16:49:49 Info: 3 .cds.lib files in xcelium/cds_libs/ directory
2026.08.11.16:49:49 Info: Generating the following file(s) for RIVIERA simulator in /tmp/main-c9e248-216f3d/ip/mpsim/sp_csr_ready/sim/ directory:
2026.08.11.16:49:49 Info: aldec/rivierapro_setup.tcl
2026.08.11.16:49:49 Info: aldec/run_rivierapro_setup.tcl
2026.08.11.16:49:49 Info: For information on how to simulate your IP, see the explanatory comments in the simulator-specific subdirectories under /tmp/main-c9e248-216f3d/ip/mpsim/sp_csr_ready/sim/.
2026.08.11.16:49:49 Info: Regenerate these scripts whenever you make any change to any Quartus-generated IP in your project.
2026.08.11.16:49:49 Info: Finished: Create simulation script
2026.08.11.16:49:49 Info: Generation of /tmp/main-c9e248-216f3d/ip/mpsim/sp_csr_ready.ip (sp_csr_ready) took 1647 ms
2026.08.11.16:49:49 Info: 
2026.08.11.16:49:49 Info: Generating on localhost:32801
2026.08.11.16:49:49 Warning: Quartus project not specified. Use --quartus-project and --rev to specify a Quartus project and revision.
2026.08.11.16:49:49 Info: Saving generation log to /tmp/main-c9e248-216f3d/ip/mpsim/dpic_const_lambda_4/dpic_const_lambda_4_generation.rpt
2026.08.11.16:49:49 Info: Generated by version: 25.1.1 build 125
2026.08.11.16:49:49 Info: Starting: Create simulation model
2026.08.11.16:49:49 Info: qsys-generate /tmp/main-c9e248-216f3d/ip/mpsim/dpic_const_lambda_4.ip --simulation=VERILOG --allow-mixed-language-simulation --output-directory=/tmp/main-c9e248-216f3d/ip/mpsim/dpic_const_lambda_4 --family="Agilex 7" --part=AGFA006R16A2E1V
2026.08.11.16:49:49 Warning: dpic_const_lambda_4.dpic_const_lambda_4.dpi_control_stream_writes_active: Interface has no signals
2026.08.11.16:49:49 Info: dpic_const_lambda_4: "Transforming system: dpic_const_lambda_4"
2026.08.11.16:49:49 Info: dpic_const_lambda_4: "Naming system components in system: dpic_const_lambda_4"
2026.08.11.16:49:49 Info: dpic_const_lambda_4: "Processing generation queue"
2026.08.11.16:49:49 Info: dpic_const_lambda_4: "Generating: dpic_const_lambda_4"
2026.08.11.16:49:49 Info: dpic_const_lambda_4: "Generating: aoc_sim_component_dpi_controller"
2026.08.11.16:49:49 Info: dpic_const_lambda_4: Done "dpic_const_lambda_4" with 2 modules, 4 files
2026.08.11.16:49:49 Info: Generating the following file(s) for VCSMX simulator in /tmp/main-c9e248-216f3d/ip/mpsim/dpic_const_lambda_4/sim/ directory:
2026.08.11.16:49:49 Info: common/vcsmx_files.tcl
2026.08.11.16:49:49 Info: Generating the following file(s) for RIVIERA simulator in /tmp/main-c9e248-216f3d/ip/mpsim/dpic_const_lambda_4/sim/ directory:
2026.08.11.16:49:49 Info: common/riviera_files.tcl
2026.08.11.16:49:49 Info: Generating the following file(s) for XCELIUM simulator in /tmp/main-c9e248-216f3d/ip/mpsim/dpic_const_lambda_4/sim/ directory:
2026.08.11.16:49:49 Info: common/xcelium_files.tcl
2026.08.11.16:49:49 Info: Generating the following file(s) for MODELSIM simulator in /tmp/main-c9e248-216f3d/ip/mpsim/dpic_const_lambda_4/sim/ directory:
2026.08.11.16:49:49 Info: common/modelsim_files.tcl
2026.08.11.16:49:49 Info: Generating the following file(s) for VCS simulator in /tmp/main-c9e248-216f3d/ip/mpsim/dpic_const_lambda_4/sim/ directory:
2026.08.11.16:49:49 Info: common/vcs_files.tcl
2026.08.11.16:49:49 Info: For information on how to simulate your IP, see the explanatory comments in the simulator-specific subdirectories under /tmp/main-c9e248-216f3d/ip/mpsim/dpic_const_lambda_4/sim/.
2026.08.11.16:49:49 Info: Regenerate these scripts whenever you make any change to any Quartus-generated IP in your project.
2026.08.11.16:49:49 Info: Finished: Create simulation model
2026.08.11.16:49:49 Info: Starting: Create simulation script
2026.08.11.16:49:49 Info: sim-script-gen --system-file=/tmp/main-c9e248-216f3d/ip/mpsim/dpic_const_lambda_4.ip --output-directory=/tmp/main-c9e248-216f3d/ip/mpsim/dpic_const_lambda_4/sim/ --use-relative-paths=true --modelsim-flow=traditional
2026.08.11.16:49:49 Info: Generating the following file(s) for VCSMX simulator in /tmp/main-c9e248-216f3d/ip/mpsim/dpic_const_lambda_4/sim/ directory:
2026.08.11.16:49:49 Info: synopsys/vcsmx/_device_synopsys_sim.setup
2026.08.11.16:49:49 Info: synopsys/vcsmx/synopsys_sim.setup
2026.08.11.16:49:49 Info: synopsys/vcsmx/vcsmx_setup.sh
2026.08.11.16:49:49 Info: Generating the following file(s) for RIVIERA simulator in /tmp/main-c9e248-216f3d/ip/mpsim/dpic_const_lambda_4/sim/ directory:
2026.08.11.16:49:49 Info: aldec/rivierapro_setup.tcl
2026.08.11.16:49:49 Info: aldec/run_rivierapro_setup.tcl
2026.08.11.16:49:49 Info: Generating the following file(s) for XCELIUM simulator in /tmp/main-c9e248-216f3d/ip/mpsim/dpic_const_lambda_4/sim/ directory:
2026.08.11.16:49:49 Info: xcelium/cds.lib
2026.08.11.16:49:49 Info: xcelium/hdl.var
2026.08.11.16:49:49 Info: xcelium/xcelium_setup.sh
2026.08.11.16:49:49 Info: 3 .cds.lib files in xcelium/cds_libs/ directory
2026.08.11.16:49:49 Info: Generating the following file(s) for MODELSIM simulator in /tmp/main-c9e248-216f3d/ip/mpsim/dpic_const_lambda_4/sim/ directory:
2026.08.11.16:49:49 Info: mentor/msim_setup.tcl
2026.08.11.16:49:49 Info: mentor/run_msim_setup.tcl
2026.08.11.16:49:49 Info: Generating the following file(s) for VCS simulator in /tmp/main-c9e248-216f3d/ip/mpsim/dpic_const_lambda_4/sim/ directory:
2026.08.11.16:49:49 Info: synopsys/vcs/vcs_setup.sh
2026.08.11.16:49:49 Info: For information on how to simulate your IP, see the explanatory comments in the simulator-specific subdirectories under /tmp/main-c9e248-216f3d/ip/mpsim/dpic_const_lambda_4/sim/.
2026.08.11.16:49:49 Info: Regenerate these scripts whenever you make any change to any Quartus-generated IP in your project.
2026.08.11.16:49:49 Info: Finished: Create simulation script
2026.08.11.16:49:49 Info: Generation of /tmp/main-c9e248-216f3d/ip/mpsim/dpic_const_lambda_4.ip (dpic_const_lambda_4) took 1664 ms
2026.08.11.16:49:51 Info: 
2026.08.11.16:49:51 Info: Generating on localhost:42427
2026.08.11.16:49:51 Warning: Quartus project not specified. Use --quartus-project and --rev to specify a Quartus project and revision.
2026.08.11.16:49:51 Info: Saving generation log to /tmp/main-c9e248-216f3d/ip/mpsim/done_cfan/done_cfan_generation.rpt
2026.08.11.16:49:51 Info: Generated by version: 25.1.1 build 125
2026.08.11.16:49:51 Info: Starting: Create simulation model
2026.08.11.16:49:51 Info: qsys-generate /tmp/main-c9e248-216f3d/ip/mpsim/done_cfan.ip --simulation=VERILOG --allow-mixed-language-simulation --output-directory=/tmp/main-c9e248-216f3d/ip/mpsim/done_cfan --family="Agilex 7" --part=AGFA006R16A2E1V
2026.08.11.16:49:51 Info: done_cfan: "Transforming system: done_cfan"
2026.08.11.16:49:51 Info: done_cfan: "Naming system components in system: done_cfan"
2026.08.11.16:49:51 Info: done_cfan: "Processing generation queue"
2026.08.11.16:49:51 Info: done_cfan: "Generating: done_cfan"
2026.08.11.16:49:51 Info: done_cfan: "Generating: done_cfan_avalon_conduit_fanout_10_belyc6q"
2026.08.11.16:49:51 Info: done_cfan: Done "done_cfan" with 2 modules, 2 files
2026.08.11.16:49:51 Info: Generating the following file(s) for XCELIUM simulator in /tmp/main-c9e248-216f3d/ip/mpsim/done_cfan/sim/ directory:
2026.08.11.16:49:51 Info: common/xcelium_files.tcl
2026.08.11.16:49:51 Info: Generating the following file(s) for VCSMX simulator in /tmp/main-c9e248-216f3d/ip/mpsim/done_cfan/sim/ directory:
2026.08.11.16:49:51 Info: common/vcsmx_files.tcl
2026.08.11.16:49:51 Info: Generating the following file(s) for RIVIERA simulator in /tmp/main-c9e248-216f3d/ip/mpsim/done_cfan/sim/ directory:
2026.08.11.16:49:51 Info: common/riviera_files.tcl
2026.08.11.16:49:51 Info: Generating the following file(s) for MODELSIM simulator in /tmp/main-c9e248-216f3d/ip/mpsim/done_cfan/sim/ directory:
2026.08.11.16:49:51 Info: common/modelsim_files.tcl
2026.08.11.16:49:51 Info: Generating the following file(s) for VCS simulator in /tmp/main-c9e248-216f3d/ip/mpsim/done_cfan/sim/ directory:
2026.08.11.16:49:51 Info: common/vcs_files.tcl
2026.08.11.16:49:51 Info: For information on how to simulate your IP, see the explanatory comments in the simulator-specific subdirectories under /tmp/main-c9e248-216f3d/ip/mpsim/done_cfan/sim/.
2026.08.11.16:49:51 Info: Regenerate these scripts whenever you make any change to any Quartus-generated IP in your project.
2026.08.11.16:49:51 Info: Finished: Create simulation model
2026.08.11.16:49:51 Info: Starting: Create simulation script
2026.08.11.16:49:51 Info: sim-script-gen --system-file=/tmp/main-c9e248-216f3d/ip/mpsim/done_cfan.ip --output-directory=/tmp/main-c9e248-216f3d/ip/mpsim/done_cfan/sim/ --use-relative-paths=true --modelsim-flow=traditional
2026.08.11.16:49:51 Info: Generating the following file(s) for XCELIUM simulator in /tmp/main-c9e248-216f3d/ip/mpsim/done_cfan/sim/ directory:
2026.08.11.16:49:51 Info: xcelium/cds.lib
2026.08.11.16:49:51 Info: xcelium/hdl.var
2026.08.11.16:49:51 Info: xcelium/xcelium_setup.sh
2026.08.11.16:49:51 Info: 3 .cds.lib files in xcelium/cds_libs/ directory
2026.08.11.16:49:51 Info: Generating the following file(s) for VCSMX simulator in /tmp/main-c9e248-216f3d/ip/mpsim/done_cfan/sim/ directory:
2026.08.11.16:49:51 Info: synopsys/vcsmx/_device_synopsys_sim.setup
2026.08.11.16:49:51 Info: synopsys/vcsmx/synopsys_sim.setup
2026.08.11.16:49:51 Info: synopsys/vcsmx/vcsmx_setup.sh
2026.08.11.16:49:51 Info: Generating the following file(s) for RIVIERA simulator in /tmp/main-c9e248-216f3d/ip/mpsim/done_cfan/sim/ directory:
2026.08.11.16:49:51 Info: aldec/rivierapro_setup.tcl
2026.08.11.16:49:51 Info: aldec/run_rivierapro_setup.tcl
2026.08.11.16:49:51 Info: Generating the following file(s) for MODELSIM simulator in /tmp/main-c9e248-216f3d/ip/mpsim/done_cfan/sim/ directory:
2026.08.11.16:49:51 Info: mentor/msim_setup.tcl
2026.08.11.16:49:51 Info: mentor/run_msim_setup.tcl
2026.08.11.16:49:51 Info: Generating the following file(s) for VCS simulator in /tmp/main-c9e248-216f3d/ip/mpsim/done_cfan/sim/ directory:
2026.08.11.16:49:51 Info: synopsys/vcs/vcs_setup.sh
2026.08.11.16:49:51 Info: For information on how to simulate your IP, see the explanatory comments in the simulator-specific subdirectories under /tmp/main-c9e248-216f3d/ip/mpsim/done_cfan/sim/.
2026.08.11.16:49:51 Info: Regenerate these scripts whenever you make any change to any Quartus-generated IP in your project.
2026.08.11.16:49:51 Info: Finished: Create simulation script
2026.08.11.16:49:51 Info: Generation of /tmp/main-c9e248-216f3d/ip/mpsim/done_cfan.ip (done_cfan) took 1647 ms
2026.08.11.16:49:51 Info: 
2026.08.11.16:49:51 Info: Generating on localhost:45451
2026.08.11.16:49:51 Warning: Quartus project not specified. Use --quartus-project and --rev to specify a Quartus project and revision.
2026.08.11.16:49:51 Info: Saving generation log to /tmp/main-c9e248-216f3d/ip/mpsim/const_lambda_en_cfan/const_lambda_en_cfan_generation.rpt
2026.08.11.16:49:51 Info: Generated by version: 25.1.1 build 125
2026.08.11.16:49:51 Info: Starting: Create simulation model
2026.08.11.16:49:51 Info: qsys-generate /tmp/main-c9e248-216f3d/ip/mpsim/const_lambda_en_cfan.ip --simulation=VERILOG --allow-mixed-language-simulation --output-directory=/tmp/main-c9e248-216f3d/ip/mpsim/const_lambda_en_cfan --family="Agilex 7" --part=AGFA006R16A2E1V
2026.08.11.16:49:51 Info: const_lambda_en_cfan: "Transforming system: const_lambda_en_cfan"
2026.08.11.16:49:51 Info: const_lambda_en_cfan: "Naming system components in system: const_lambda_en_cfan"
2026.08.11.16:49:51 Info: const_lambda_en_cfan: "Processing generation queue"
2026.08.11.16:49:51 Info: const_lambda_en_cfan: "Generating: const_lambda_en_cfan"
2026.08.11.16:49:51 Info: const_lambda_en_cfan: "Generating: const_lambda_en_cfan_avalon_conduit_fanout_10_xkdeykq"
2026.08.11.16:49:51 Info: const_lambda_en_cfan: Done "const_lambda_en_cfan" with 2 modules, 2 files
2026.08.11.16:49:51 Info: Generating the following file(s) for RIVIERA simulator in /tmp/main-c9e248-216f3d/ip/mpsim/const_lambda_en_cfan/sim/ directory:
2026.08.11.16:49:51 Info: common/riviera_files.tcl
2026.08.11.16:49:51 Info: Generating the following file(s) for VCSMX simulator in /tmp/main-c9e248-216f3d/ip/mpsim/const_lambda_en_cfan/sim/ directory:
2026.08.11.16:49:51 Info: common/vcsmx_files.tcl
2026.08.11.16:49:51 Info: Generating the following file(s) for MODELSIM simulator in /tmp/main-c9e248-216f3d/ip/mpsim/const_lambda_en_cfan/sim/ directory:
2026.08.11.16:49:51 Info: common/modelsim_files.tcl
2026.08.11.16:49:51 Info: Generating the following file(s) for VCS simulator in /tmp/main-c9e248-216f3d/ip/mpsim/const_lambda_en_cfan/sim/ directory:
2026.08.11.16:49:51 Info: common/vcs_files.tcl
2026.08.11.16:49:51 Info: Generating the following file(s) for XCELIUM simulator in /tmp/main-c9e248-216f3d/ip/mpsim/const_lambda_en_cfan/sim/ directory:
2026.08.11.16:49:51 Info: common/xcelium_files.tcl
2026.08.11.16:49:51 Info: For information on how to simulate your IP, see the explanatory comments in the simulator-specific subdirectories under /tmp/main-c9e248-216f3d/ip/mpsim/const_lambda_en_cfan/sim/.
2026.08.11.16:49:51 Info: Regenerate these scripts whenever you make any change to any Quartus-generated IP in your project.
2026.08.11.16:49:51 Info: Finished: Create simulation model
2026.08.11.16:49:51 Info: Starting: Create simulation script
2026.08.11.16:49:51 Info: sim-script-gen --system-file=/tmp/main-c9e248-216f3d/ip/mpsim/const_lambda_en_cfan.ip --output-directory=/tmp/main-c9e248-216f3d/ip/mpsim/const_lambda_en_cfan/sim/ --use-relative-paths=true --modelsim-flow=traditional
2026.08.11.16:49:51 Info: Generating the following file(s) for RIVIERA simulator in /tmp/main-c9e248-216f3d/ip/mpsim/const_lambda_en_cfan/sim/ directory:
2026.08.11.16:49:51 Info: aldec/rivierapro_setup.tcl
2026.08.11.16:49:51 Info: aldec/run_rivierapro_setup.tcl
2026.08.11.16:49:51 Info: Generating the following file(s) for VCSMX simulator in /tmp/main-c9e248-216f3d/ip/mpsim/const_lambda_en_cfan/sim/ directory:
2026.08.11.16:49:51 Info: synopsys/vcsmx/_device_synopsys_sim.setup
2026.08.11.16:49:51 Info: synopsys/vcsmx/synopsys_sim.setup
2026.08.11.16:49:51 Info: synopsys/vcsmx/vcsmx_setup.sh
2026.08.11.16:49:51 Info: Generating the following file(s) for MODELSIM simulator in /tmp/main-c9e248-216f3d/ip/mpsim/const_lambda_en_cfan/sim/ directory:
2026.08.11.16:49:51 Info: mentor/msim_setup.tcl
2026.08.11.16:49:51 Info: mentor/run_msim_setup.tcl
2026.08.11.16:49:51 Info: Generating the following file(s) for VCS simulator in /tmp/main-c9e248-216f3d/ip/mpsim/const_lambda_en_cfan/sim/ directory:
2026.08.11.16:49:51 Info: synopsys/vcs/vcs_setup.sh
2026.08.11.16:49:51 Info: Generating the following file(s) for XCELIUM simulator in /tmp/main-c9e248-216f3d/ip/mpsim/const_lambda_en_cfan/sim/ directory:
2026.08.11.16:49:51 Info: xcelium/cds.lib
2026.08.11.16:49:51 Info: xcelium/hdl.var
2026.08.11.16:49:51 Info: xcelium/xcelium_setup.sh
2026.08.11.16:49:51 Info: 3 .cds.lib files in xcelium/cds_libs/ directory
2026.08.11.16:49:51 Info: For information on how to simulate your IP, see the explanatory comments in the simulator-specific subdirectories under /tmp/main-c9e248-216f3d/ip/mpsim/const_lambda_en_cfan/sim/.
2026.08.11.16:49:51 Info: Regenerate these scripts whenever you make any change to any Quartus-generated IP in your project.
2026.08.11.16:49:51 Info: Finished: Create simulation script
2026.08.11.16:49:51 Info: Generation of /tmp/main-c9e248-216f3d/ip/mpsim/const_lambda_en_cfan.ip (const_lambda_en_cfan) took 1588 ms
2026.08.11.16:49:51 Info: 
2026.08.11.16:49:51 Info: Generating on localhost:37299
2026.08.11.16:49:51 Warning: Quartus project not specified. Use --quartus-project and --rev to specify a Quartus project and revision.
2026.08.11.16:49:51 Info: Saving generation log to /tmp/main-c9e248-216f3d/ip/mpsim/cct_comp_stall/cct_comp_stall_generation.rpt
2026.08.11.16:49:51 Info: Generated by version: 25.1.1 build 125
2026.08.11.16:49:51 Info: Starting: Create simulation model
2026.08.11.16:49:51 Info: qsys-generate /tmp/main-c9e248-216f3d/ip/mpsim/cct_comp_stall.ip --simulation=VERILOG --allow-mixed-language-simulation --output-directory=/tmp/main-c9e248-216f3d/ip/mpsim/cct_comp_stall --family="Agilex 7" --part=AGFA006R16A2E1V
2026.08.11.16:49:51 Info: cct_comp_stall: "Transforming system: cct_comp_stall"
2026.08.11.16:49:51 Info: cct_comp_stall: "Naming system components in system: cct_comp_stall"
2026.08.11.16:49:51 Info: cct_comp_stall: "Processing generation queue"
2026.08.11.16:49:51 Info: cct_comp_stall: "Generating: cct_comp_stall"
2026.08.11.16:49:51 Info: cct_comp_stall: "Generating: cct_comp_stall_avalon_concatenate_singlebit_conduits_10_jiabaci"
2026.08.11.16:49:51 Info: cct_comp_stall: Done "cct_comp_stall" with 2 modules, 2 files
2026.08.11.16:49:51 Info: Generating the following file(s) for MODELSIM simulator in /tmp/main-c9e248-216f3d/ip/mpsim/cct_comp_stall/sim/ directory:
2026.08.11.16:49:51 Info: common/modelsim_files.tcl
2026.08.11.16:49:51 Info: Generating the following file(s) for VCSMX simulator in /tmp/main-c9e248-216f3d/ip/mpsim/cct_comp_stall/sim/ directory:
2026.08.11.16:49:51 Info: common/vcsmx_files.tcl
2026.08.11.16:49:51 Info: Generating the following file(s) for VCS simulator in /tmp/main-c9e248-216f3d/ip/mpsim/cct_comp_stall/sim/ directory:
2026.08.11.16:49:51 Info: common/vcs_files.tcl
2026.08.11.16:49:51 Info: Generating the following file(s) for RIVIERA simulator in /tmp/main-c9e248-216f3d/ip/mpsim/cct_comp_stall/sim/ directory:
2026.08.11.16:49:51 Info: common/riviera_files.tcl
2026.08.11.16:49:51 Info: Generating the following file(s) for XCELIUM simulator in /tmp/main-c9e248-216f3d/ip/mpsim/cct_comp_stall/sim/ directory:
2026.08.11.16:49:51 Info: common/xcelium_files.tcl
2026.08.11.16:49:51 Info: For information on how to simulate your IP, see the explanatory comments in the simulator-specific subdirectories under /tmp/main-c9e248-216f3d/ip/mpsim/cct_comp_stall/sim/.
2026.08.11.16:49:51 Info: Regenerate these scripts whenever you make any change to any Quartus-generated IP in your project.
2026.08.11.16:49:51 Info: Finished: Create simulation model
2026.08.11.16:49:51 Info: Starting: Create simulation script
2026.08.11.16:49:51 Info: sim-script-gen --system-file=/tmp/main-c9e248-216f3d/ip/mpsim/cct_comp_stall.ip --output-directory=/tmp/main-c9e248-216f3d/ip/mpsim/cct_comp_stall/sim/ --use-relative-paths=true --modelsim-flow=traditional
2026.08.11.16:49:51 Info: Generating the following file(s) for MODELSIM simulator in /tmp/main-c9e248-216f3d/ip/mpsim/cct_comp_stall/sim/ directory:
2026.08.11.16:49:51 Info: mentor/msim_setup.tcl
2026.08.11.16:49:51 Info: mentor/run_msim_setup.tcl
2026.08.11.16:49:51 Info: Generating the following file(s) for VCSMX simulator in /tmp/main-c9e248-216f3d/ip/mpsim/cct_comp_stall/sim/ directory:
2026.08.11.16:49:51 Info: synopsys/vcsmx/_device_synopsys_sim.setup
2026.08.11.16:49:51 Info: synopsys/vcsmx/synopsys_sim.setup
2026.08.11.16:49:51 Info: synopsys/vcsmx/vcsmx_setup.sh
2026.08.11.16:49:51 Info: Generating the following file(s) for VCS simulator in /tmp/main-c9e248-216f3d/ip/mpsim/cct_comp_stall/sim/ directory:
2026.08.11.16:49:51 Info: synopsys/vcs/vcs_setup.sh
2026.08.11.16:49:51 Info: Generating the following file(s) for RIVIERA simulator in /tmp/main-c9e248-216f3d/ip/mpsim/cct_comp_stall/sim/ directory:
2026.08.11.16:49:51 Info: aldec/rivierapro_setup.tcl
2026.08.11.16:49:51 Info: aldec/run_rivierapro_setup.tcl
2026.08.11.16:49:51 Info: Generating the following file(s) for XCELIUM simulator in /tmp/main-c9e248-216f3d/ip/mpsim/cct_comp_stall/sim/ directory:
2026.08.11.16:49:51 Info: xcelium/cds.lib
2026.08.11.16:49:51 Info: xcelium/hdl.var
2026.08.11.16:49:51 Info: xcelium/xcelium_setup.sh
2026.08.11.16:49:51 Info: 3 .cds.lib files in xcelium/cds_libs/ directory
2026.08.11.16:49:51 Info: For information on how to simulate your IP, see the explanatory comments in the simulator-specific subdirectories under /tmp/main-c9e248-216f3d/ip/mpsim/cct_comp_stall/sim/.
2026.08.11.16:49:51 Info: Regenerate these scripts whenever you make any change to any Quartus-generated IP in your project.
2026.08.11.16:49:51 Info: Finished: Create simulation script
2026.08.11.16:49:51 Info: Generation of /tmp/main-c9e248-216f3d/ip/mpsim/cct_comp_stall.ip (cct_comp_stall) took 1590 ms
2026.08.11.16:49:51 Info: 
2026.08.11.16:49:51 Info: Generating on localhost:32801
2026.08.11.16:49:51 Warning: Quartus project not specified. Use --quartus-project and --rev to specify a Quartus project and revision.
2026.08.11.16:49:51 Info: Saving generation log to /tmp/main-c9e248-216f3d/ip/mpsim/mpsim_avmm_agent_cra_inst/mpsim_avmm_agent_cra_inst_generation.rpt
2026.08.11.16:49:51 Info: Generated by version: 25.1.1 build 125
2026.08.11.16:49:51 Info: Starting: Create simulation model
2026.08.11.16:49:51 Info: qsys-generate /tmp/main-c9e248-216f3d/ip/mpsim/mpsim_avmm_agent_cra_inst.ip --simulation=VERILOG --allow-mixed-language-simulation --output-directory=/tmp/main-c9e248-216f3d/ip/mpsim/mpsim_avmm_agent_cra_inst --family="Agilex 7" --part=AGFA006R16A2E1V
2026.08.11.16:49:51 Info: mpsim_avmm_agent_cra_inst: "Transforming system: mpsim_avmm_agent_cra_inst"
2026.08.11.16:49:51 Info: mpsim_avmm_agent_cra_inst: "Naming system components in system: mpsim_avmm_agent_cra_inst"
2026.08.11.16:49:51 Info: mpsim_avmm_agent_cra_inst: "Processing generation queue"
2026.08.11.16:49:51 Info: mpsim_avmm_agent_cra_inst: "Generating: mpsim_avmm_agent_cra_inst"
2026.08.11.16:49:51 Info: mpsim_avmm_agent_cra_inst: "Generating: aoc_sim_mm_master_dpi_bfm"
2026.08.11.16:49:51 Info: /data/CMS_CLUE/altera/Quartus/25.1.1/quartus
2026.08.11.16:49:51 Info: /data/CMS_CLUE/altera/Quartus/25.1.1/quartus/../ip/altera/sopc_builder_ip/verification/
2026.08.11.16:49:51 Info: mpsim_avmm_agent_cra_inst: Done "mpsim_avmm_agent_cra_inst" with 2 modules, 6 files
2026.08.11.16:49:51 Info: Generating the following file(s) for VCSMX simulator in /tmp/main-c9e248-216f3d/ip/mpsim/mpsim_avmm_agent_cra_inst/sim/ directory:
2026.08.11.16:49:51 Info: common/vcsmx_files.tcl
2026.08.11.16:49:51 Info: Generating the following file(s) for RIVIERA simulator in /tmp/main-c9e248-216f3d/ip/mpsim/mpsim_avmm_agent_cra_inst/sim/ directory:
2026.08.11.16:49:51 Info: common/riviera_files.tcl
2026.08.11.16:49:51 Info: Generating the following file(s) for XCELIUM simulator in /tmp/main-c9e248-216f3d/ip/mpsim/mpsim_avmm_agent_cra_inst/sim/ directory:
2026.08.11.16:49:51 Info: common/xcelium_files.tcl
2026.08.11.16:49:51 Info: Generating the following file(s) for MODELSIM simulator in /tmp/main-c9e248-216f3d/ip/mpsim/mpsim_avmm_agent_cra_inst/sim/ directory:
2026.08.11.16:49:51 Info: common/modelsim_files.tcl
2026.08.11.16:49:51 Info: Generating the following file(s) for VCS simulator in /tmp/main-c9e248-216f3d/ip/mpsim/mpsim_avmm_agent_cra_inst/sim/ directory:
2026.08.11.16:49:51 Info: common/vcs_files.tcl
2026.08.11.16:49:51 Info: For information on how to simulate your IP, see the explanatory comments in the simulator-specific subdirectories under /tmp/main-c9e248-216f3d/ip/mpsim/mpsim_avmm_agent_cra_inst/sim/.
2026.08.11.16:49:51 Info: Regenerate these scripts whenever you make any change to any Quartus-generated IP in your project.
2026.08.11.16:49:51 Info: Finished: Create simulation model
2026.08.11.16:49:51 Info: Starting: Create simulation script
2026.08.11.16:49:51 Info: sim-script-gen --system-file=/tmp/main-c9e248-216f3d/ip/mpsim/mpsim_avmm_agent_cra_inst.ip --output-directory=/tmp/main-c9e248-216f3d/ip/mpsim/mpsim_avmm_agent_cra_inst/sim/ --use-relative-paths=true --modelsim-flow=traditional
2026.08.11.16:49:51 Info: Generating the following file(s) for VCSMX simulator in /tmp/main-c9e248-216f3d/ip/mpsim/mpsim_avmm_agent_cra_inst/sim/ directory:
2026.08.11.16:49:51 Info: synopsys/vcsmx/_device_synopsys_sim.setup
2026.08.11.16:49:51 Info: synopsys/vcsmx/synopsys_sim.setup
2026.08.11.16:49:51 Info: synopsys/vcsmx/vcsmx_setup.sh
2026.08.11.16:49:51 Info: Generating the following file(s) for RIVIERA simulator in /tmp/main-c9e248-216f3d/ip/mpsim/mpsim_avmm_agent_cra_inst/sim/ directory:
2026.08.11.16:49:51 Info: aldec/rivierapro_setup.tcl
2026.08.11.16:49:51 Info: aldec/run_rivierapro_setup.tcl
2026.08.11.16:49:51 Info: Generating the following file(s) for XCELIUM simulator in /tmp/main-c9e248-216f3d/ip/mpsim/mpsim_avmm_agent_cra_inst/sim/ directory:
2026.08.11.16:49:51 Info: xcelium/cds.lib
2026.08.11.16:49:51 Info: xcelium/hdl.var
2026.08.11.16:49:51 Info: xcelium/xcelium_setup.sh
2026.08.11.16:49:51 Info: 4 .cds.lib files in xcelium/cds_libs/ directory
2026.08.11.16:49:51 Info: Generating the following file(s) for MODELSIM simulator in /tmp/main-c9e248-216f3d/ip/mpsim/mpsim_avmm_agent_cra_inst/sim/ directory:
2026.08.11.16:49:51 Info: mentor/msim_setup.tcl
2026.08.11.16:49:51 Info: mentor/run_msim_setup.tcl
2026.08.11.16:49:51 Info: Generating the following file(s) for VCS simulator in /tmp/main-c9e248-216f3d/ip/mpsim/mpsim_avmm_agent_cra_inst/sim/ directory:
2026.08.11.16:49:51 Info: synopsys/vcs/vcs_setup.sh
2026.08.11.16:49:51 Info: For information on how to simulate your IP, see the explanatory comments in the simulator-specific subdirectories under /tmp/main-c9e248-216f3d/ip/mpsim/mpsim_avmm_agent_cra_inst/sim/.
2026.08.11.16:49:51 Info: Regenerate these scripts whenever you make any change to any Quartus-generated IP in your project.
2026.08.11.16:49:51 Info: Finished: Create simulation script
2026.08.11.16:49:51 Info: Generation of /tmp/main-c9e248-216f3d/ip/mpsim/mpsim_avmm_agent_cra_inst.ip (mpsim_avmm_agent_cra_inst) took 1560 ms
2026.08.11.16:49:51 Info: 
2026.08.11.16:49:51 Info: Generating on localhost:35387
2026.08.11.16:49:51 Warning: Quartus project not specified. Use --quartus-project and --rev to specify a Quartus project and revision.
2026.08.11.16:49:51 Info: Saving generation log to /tmp/main-c9e248-216f3d/ip/mpsim/const_lambda_1_en_cfan/const_lambda_1_en_cfan_generation.rpt
2026.08.11.16:49:51 Info: Generated by version: 25.1.1 build 125
2026.08.11.16:49:51 Info: Starting: Create simulation model
2026.08.11.16:49:51 Info: qsys-generate /tmp/main-c9e248-216f3d/ip/mpsim/const_lambda_1_en_cfan.ip --simulation=VERILOG --allow-mixed-language-simulation --output-directory=/tmp/main-c9e248-216f3d/ip/mpsim/const_lambda_1_en_cfan --family="Agilex 7" --part=AGFA006R16A2E1V
2026.08.11.16:49:51 Info: const_lambda_1_en_cfan: "Transforming system: const_lambda_1_en_cfan"
2026.08.11.16:49:51 Info: const_lambda_1_en_cfan: "Naming system components in system: const_lambda_1_en_cfan"
2026.08.11.16:49:51 Info: const_lambda_1_en_cfan: "Processing generation queue"
2026.08.11.16:49:51 Info: const_lambda_1_en_cfan: "Generating: const_lambda_1_en_cfan"
2026.08.11.16:49:51 Info: const_lambda_1_en_cfan: "Generating: const_lambda_1_en_cfan_avalon_conduit_fanout_10_xkdeykq"
2026.08.11.16:49:51 Info: const_lambda_1_en_cfan: Done "const_lambda_1_en_cfan" with 2 modules, 2 files
2026.08.11.16:49:51 Info: Generating the following file(s) for VCSMX simulator in /tmp/main-c9e248-216f3d/ip/mpsim/const_lambda_1_en_cfan/sim/ directory:
2026.08.11.16:49:51 Info: common/vcsmx_files.tcl
2026.08.11.16:49:51 Info: Generating the following file(s) for MODELSIM simulator in /tmp/main-c9e248-216f3d/ip/mpsim/const_lambda_1_en_cfan/sim/ directory:
2026.08.11.16:49:51 Info: common/modelsim_files.tcl
2026.08.11.16:49:51 Info: Generating the following file(s) for VCS simulator in /tmp/main-c9e248-216f3d/ip/mpsim/const_lambda_1_en_cfan/sim/ directory:
2026.08.11.16:49:51 Info: common/vcs_files.tcl
2026.08.11.16:49:51 Info: Generating the following file(s) for XCELIUM simulator in /tmp/main-c9e248-216f3d/ip/mpsim/const_lambda_1_en_cfan/sim/ directory:
2026.08.11.16:49:51 Info: common/xcelium_files.tcl
2026.08.11.16:49:51 Info: Generating the following file(s) for RIVIERA simulator in /tmp/main-c9e248-216f3d/ip/mpsim/const_lambda_1_en_cfan/sim/ directory:
2026.08.11.16:49:51 Info: common/riviera_files.tcl
2026.08.11.16:49:51 Info: For information on how to simulate your IP, see the explanatory comments in the simulator-specific subdirectories under /tmp/main-c9e248-216f3d/ip/mpsim/const_lambda_1_en_cfan/sim/.
2026.08.11.16:49:51 Info: Regenerate these scripts whenever you make any change to any Quartus-generated IP in your project.
2026.08.11.16:49:51 Info: Finished: Create simulation model
2026.08.11.16:49:51 Info: Starting: Create simulation script
2026.08.11.16:49:51 Info: sim-script-gen --system-file=/tmp/main-c9e248-216f3d/ip/mpsim/const_lambda_1_en_cfan.ip --output-directory=/tmp/main-c9e248-216f3d/ip/mpsim/const_lambda_1_en_cfan/sim/ --use-relative-paths=true --modelsim-flow=traditional
2026.08.11.16:49:51 Info: Generating the following file(s) for VCSMX simulator in /tmp/main-c9e248-216f3d/ip/mpsim/const_lambda_1_en_cfan/sim/ directory:
2026.08.11.16:49:51 Info: synopsys/vcsmx/_device_synopsys_sim.setup
2026.08.11.16:49:51 Info: synopsys/vcsmx/synopsys_sim.setup
2026.08.11.16:49:51 Info: synopsys/vcsmx/vcsmx_setup.sh
2026.08.11.16:49:51 Info: Generating the following file(s) for MODELSIM simulator in /tmp/main-c9e248-216f3d/ip/mpsim/const_lambda_1_en_cfan/sim/ directory:
2026.08.11.16:49:51 Info: mentor/msim_setup.tcl
2026.08.11.16:49:51 Info: mentor/run_msim_setup.tcl
2026.08.11.16:49:51 Info: Generating the following file(s) for VCS simulator in /tmp/main-c9e248-216f3d/ip/mpsim/const_lambda_1_en_cfan/sim/ directory:
2026.08.11.16:49:51 Info: synopsys/vcs/vcs_setup.sh
2026.08.11.16:49:51 Info: Generating the following file(s) for XCELIUM simulator in /tmp/main-c9e248-216f3d/ip/mpsim/const_lambda_1_en_cfan/sim/ directory:
2026.08.11.16:49:51 Info: xcelium/cds.lib
2026.08.11.16:49:51 Info: xcelium/hdl.var
2026.08.11.16:49:51 Info: xcelium/xcelium_setup.sh
2026.08.11.16:49:51 Info: 3 .cds.lib files in xcelium/cds_libs/ directory
2026.08.11.16:49:51 Info: Generating the following file(s) for RIVIERA simulator in /tmp/main-c9e248-216f3d/ip/mpsim/const_lambda_1_en_cfan/sim/ directory:
2026.08.11.16:49:51 Info: aldec/rivierapro_setup.tcl
2026.08.11.16:49:51 Info: aldec/run_rivierapro_setup.tcl
2026.08.11.16:49:51 Info: For information on how to simulate your IP, see the explanatory comments in the simulator-specific subdirectories under /tmp/main-c9e248-216f3d/ip/mpsim/const_lambda_1_en_cfan/sim/.
2026.08.11.16:49:51 Info: Regenerate these scripts whenever you make any change to any Quartus-generated IP in your project.
2026.08.11.16:49:51 Info: Finished: Create simulation script
2026.08.11.16:49:51 Info: Generation of /tmp/main-c9e248-216f3d/ip/mpsim/const_lambda_1_en_cfan.ip (const_lambda_1_en_cfan) took 1621 ms
2026.08.11.16:49:52 Info: 
2026.08.11.16:49:52 Info: Generating on localhost:46301
2026.08.11.16:49:52 Warning: Quartus project not specified. Use --quartus-project and --rev to specify a Quartus project and revision.
2026.08.11.16:49:52 Info: Saving generation log to /tmp/main-c9e248-216f3d/ip/mpsim/mpsim_ki/mpsim_ki_generation.rpt
2026.08.11.16:49:52 Info: Generated by version: 25.1.1 build 125
2026.08.11.16:49:52 Info: Starting: Create simulation model
2026.08.11.16:49:52 Info: qsys-generate /tmp/main-c9e248-216f3d/ip/mpsim/mpsim_ki.ip --simulation=VERILOG --allow-mixed-language-simulation --output-directory=/tmp/main-c9e248-216f3d/ip/mpsim/mpsim_ki --family="Agilex 7" --part=AGFA006R16A2E1V
2026.08.11.16:49:52 Warning: mpsim_ki.ki: add_instance: Component altera_avalon_mm_bridge version 13.1 is not installed - loaded latest installed version 20.1.0 instead.  Please check for parameter mismatches 
2026.08.11.16:49:52 Warning: mpsim_ki.ki: add_instance: Component altera_address_span_extender version 15.0 is not installed - loaded latest installed version 19.2.0 instead.  Please check for parameter mismatches 
2026.08.11.16:49:52 Warning: mpsim_ki.ki: add_instance: Component altera_avalon_mm_bridge version 13.1 is not installed - loaded latest installed version 20.1.0 instead.  Please check for parameter mismatches 
2026.08.11.16:49:52 Warning: mpsim_ki.ki: add_instance: Component clock_source version 13.1 is not installed - loaded latest installed version 25.1 instead.  Please check for parameter mismatches 
2026.08.11.16:49:52 Warning: mpsim_ki.ki: add_instance: Component altera_irq_bridge version 13.1 is not installed - loaded latest installed version 20.0.0 instead.  Please check for parameter mismatches 
2026.08.11.16:49:52 Warning: mpsim_ki.ki: add_instance: Component altera_reset_bridge version 13.1 is not installed - loaded latest installed version 19.2.0 instead.  Please check for parameter mismatches 
2026.08.11.16:49:52 Warning: mpsim_ki.ki: add_instance: Component altera_reset_controller version 13.1 is not installed - loaded latest installed version 19.2.4 instead.  Please check for parameter mismatches 
2026.08.11.16:49:52 Warning: mpsim_ki.ki: add_instance: Component altera_clock_bridge version 13.1 is not installed - loaded latest installed version 19.2.0 instead.  Please check for parameter mismatches 
2026.08.11.16:49:52 Warning: mpsim_ki.ki: add_instance: Component altera_reset_bridge version 13.1 is not installed - loaded latest installed version 19.2.0 instead.  Please check for parameter mismatches 
2026.08.11.16:49:52 Warning: mpsim_ki.ki: add_instance: Component altera_reset_bridge version 13.1 is not installed - loaded latest installed version 19.2.0 instead.  Please check for parameter mismatches 
2026.08.11.16:49:52 Info: mpsim_ki.ki.reset_controller_sw: Deassert with RESET_REQUEST_PRESENT will have Minimum of 4 cycles difference between assertion of reset_req to reset_out
2026.08.11.16:49:52 Info: mpsim_ki: "Transforming system: mpsim_ki"
2026.08.11.16:49:52 Info: Interconnect is inserted between master address_span_extender_0.expanded_master and slave kernel_cra.s0 because they have different clock source.
2026.08.11.16:49:52 Info: Inserting clock-crossing logic between cmd_demux.src0 and cmd_mux.sink0
2026.08.11.16:49:52 Info: Inserting clock-crossing logic between rsp_demux.src0 and rsp_mux.sink0
2026.08.11.16:49:52 Info: mpsim_ki: "Naming system components in system: mpsim_ki"
2026.08.11.16:49:52 Info: mpsim_ki: "Processing generation queue"
2026.08.11.16:49:52 Info: mpsim_ki: "Generating: mpsim_ki"
2026.08.11.16:49:52 Info: mpsim_ki: "Generating: mpsim_ki_kernel_interface_151_yqsw7ei"
2026.08.11.16:49:52 Info: mpsim_ki: "Generating: mpsim_ki_altera_avalon_mm_bridge_2010_tex5a4i"
2026.08.11.16:49:52 Info: mpsim_ki: "Generating: mpsim_ki_altera_address_span_extender_1920_vz4724i"
2026.08.11.16:49:52 Info: mpsim_ki: "Generating: sw_reset"
2026.08.11.16:49:52 Info: mpsim_ki: "Generating: global_routing"
2026.08.11.16:49:52 Info: mpsim_ki: "Generating: mem_org_mode"
2026.08.11.16:49:52 Info: mpsim_ki: "Generating: mpsim_ki_altera_irq_bridge_2000_mzhkeuq"
2026.08.11.16:49:52 Info: irq_bridge_0: 1
2026.08.11.16:49:52 Info: irq_bridge_0: irq_width
2026.08.11.16:49:52 Info: mpsim_ki: "Generating: version_id"
2026.08.11.16:49:52 Info: mpsim_ki: "Generating: altera_reset_controller"
2026.08.11.16:49:52 Info: mpsim_ki: "Generating: mpsim_ki_altera_mm_interconnect_1920_drc2cja"
2026.08.11.16:49:52 Info: mpsim_ki: "Generating: mpsim_ki_altera_mm_interconnect_1920_xrsjtoq"
2026.08.11.16:49:52 Info: mpsim_ki: "Generating: mpsim_ki_altera_merlin_master_translator_193_lgcew2q"
2026.08.11.16:49:52 Info: mpsim_ki: "Generating: mpsim_ki_altera_merlin_slave_translator_191_xg7rzxi"
2026.08.11.16:49:52 Info: mpsim_ki: "Generating: mpsim_ki_altera_merlin_master_agent_1940_6ued26y"
2026.08.11.16:49:52 Info: mpsim_ki: "Generating: mpsim_ki_altera_merlin_slave_agent_1930_jxauz3i"
2026.08.11.16:49:52 Info: mpsim_ki: "Generating: mpsim_ki_altera_avalon_sc_fifo_1932_onpcouq"
2026.08.11.16:49:52 Info: mpsim_ki: "Generating: mpsim_ki_altera_merlin_router_1921_r63f3ii"
2026.08.11.16:49:52 Info: mpsim_ki: "Generating: mpsim_ki_altera_merlin_router_1921_5o23cja"
2026.08.11.16:49:52 Info: mpsim_ki: "Generating: mpsim_ki_altera_merlin_demultiplexer_1921_2ykinqq"
2026.08.11.16:49:52 Info: mpsim_ki: "Generating: mpsim_ki_altera_merlin_multiplexer_1922_3p4gbgy"
2026.08.11.16:49:52 Info: mpsim_ki: "Generating: mpsim_ki_altera_merlin_multiplexer_1922_iunjqty"
2026.08.11.16:49:52 Info: mpsim_ki: "Generating: mpsim_ki_hs_clk_xer_1941_ac5fhdy"
2026.08.11.16:49:52 Info: mpsim_ki: "Generating: mpsim_ki_altera_merlin_master_agent_1940_r3ep6da"
2026.08.11.16:49:52 Info: mpsim_ki: "Generating: mpsim_ki_altera_merlin_router_1921_hszz7ii"
2026.08.11.16:49:52 Info: mpsim_ki: "Generating: mpsim_ki_altera_merlin_router_1921_qtz4nay"
2026.08.11.16:49:52 Info: mpsim_ki: "Generating: mpsim_ki_altera_merlin_router_1921_5eormgy"
2026.08.11.16:49:52 Info: mpsim_ki: "Generating: mpsim_ki_altera_merlin_traffic_limiter_1921_3mmasty"
2026.08.11.16:49:52 Info: my_altera_avalon_sc_fifo_dest_id_fifo: "Generating: my_altera_avalon_sc_fifo_dest_id_fifo"
2026.08.11.16:49:52 Info: mpsim_ki: "Generating: mpsim_ki_altera_merlin_demultiplexer_1921_i7haooa"
2026.08.11.16:49:52 Info: mpsim_ki: "Generating: mpsim_ki_altera_merlin_multiplexer_1922_yh2hzlq"
2026.08.11.16:49:52 Info: mpsim_ki: "Generating: mpsim_ki_altera_merlin_demultiplexer_1921_suap5yy"
2026.08.11.16:49:52 Info: mpsim_ki: "Generating: mpsim_ki_altera_merlin_multiplexer_1922_pzwq76q"
2026.08.11.16:49:52 Info: mpsim_ki: "Generating: mpsim_ki_altera_merlin_width_adapter_1961_6vhpr3q"
2026.08.11.16:49:52 Info: mpsim_ki: "Generating: mpsim_ki_altera_merlin_width_adapter_1961_l6mghii"
2026.08.11.16:49:52 Info: mpsim_ki: "Generating: mpsim_ki_altera_merlin_traffic_limiter_altera_avalon_sc_fifo_1921_xk7jela"
2026.08.11.16:49:52 Info: mpsim_ki: Done "mpsim_ki" with 35 modules, 55 files
2026.08.11.16:49:52 Info: Generating the following file(s) for MODELSIM simulator in /tmp/main-c9e248-216f3d/ip/mpsim/mpsim_ki/sim/ directory:
2026.08.11.16:49:52 Info: common/modelsim_files.tcl
2026.08.11.16:49:52 Info: Generating the following file(s) for RIVIERA simulator in /tmp/main-c9e248-216f3d/ip/mpsim/mpsim_ki/sim/ directory:
2026.08.11.16:49:52 Info: common/riviera_files.tcl
2026.08.11.16:49:52 Info: Generating the following file(s) for XCELIUM simulator in /tmp/main-c9e248-216f3d/ip/mpsim/mpsim_ki/sim/ directory:
2026.08.11.16:49:52 Info: common/xcelium_files.tcl
2026.08.11.16:49:52 Info: Generating the following file(s) for VCSMX simulator in /tmp/main-c9e248-216f3d/ip/mpsim/mpsim_ki/sim/ directory:
2026.08.11.16:49:52 Info: common/vcsmx_files.tcl
2026.08.11.16:49:52 Info: Generating the following file(s) for VCS simulator in /tmp/main-c9e248-216f3d/ip/mpsim/mpsim_ki/sim/ directory:
2026.08.11.16:49:52 Info: common/vcs_files.tcl
2026.08.11.16:49:52 Info: For information on how to simulate your IP, see the explanatory comments in the simulator-specific subdirectories under /tmp/main-c9e248-216f3d/ip/mpsim/mpsim_ki/sim/.
2026.08.11.16:49:52 Info: Regenerate these scripts whenever you make any change to any Quartus-generated IP in your project.
2026.08.11.16:49:52 Info: Finished: Create simulation model
2026.08.11.16:49:52 Info: Starting: Create simulation script
2026.08.11.16:49:52 Info: sim-script-gen --system-file=/tmp/main-c9e248-216f3d/ip/mpsim/mpsim_ki.ip --output-directory=/tmp/main-c9e248-216f3d/ip/mpsim/mpsim_ki/sim/ --use-relative-paths=true --modelsim-flow=traditional
2026.08.11.16:49:52 Info: Generating the following file(s) for MODELSIM simulator in /tmp/main-c9e248-216f3d/ip/mpsim/mpsim_ki/sim/ directory:
2026.08.11.16:49:52 Info: mentor/msim_setup.tcl
2026.08.11.16:49:52 Info: mentor/run_msim_setup.tcl
2026.08.11.16:49:52 Info: Generating the following file(s) for RIVIERA simulator in /tmp/main-c9e248-216f3d/ip/mpsim/mpsim_ki/sim/ directory:
2026.08.11.16:49:52 Info: aldec/rivierapro_setup.tcl
2026.08.11.16:49:52 Info: aldec/run_rivierapro_setup.tcl
2026.08.11.16:49:52 Info: Generating the following file(s) for XCELIUM simulator in /tmp/main-c9e248-216f3d/ip/mpsim/mpsim_ki/sim/ directory:
2026.08.11.16:49:52 Info: xcelium/cds.lib
2026.08.11.16:49:52 Info: xcelium/hdl.var
2026.08.11.16:49:52 Info: xcelium/xcelium_setup.sh
2026.08.11.16:49:52 Info: 23 .cds.lib files in xcelium/cds_libs/ directory
2026.08.11.16:49:52 Info: Generating the following file(s) for VCSMX simulator in /tmp/main-c9e248-216f3d/ip/mpsim/mpsim_ki/sim/ directory:
2026.08.11.16:49:52 Info: synopsys/vcsmx/_device_synopsys_sim.setup
2026.08.11.16:49:52 Info: synopsys/vcsmx/synopsys_sim.setup
2026.08.11.16:49:52 Info: synopsys/vcsmx/vcsmx_setup.sh
2026.08.11.16:49:52 Info: Generating the following file(s) for VCS simulator in /tmp/main-c9e248-216f3d/ip/mpsim/mpsim_ki/sim/ directory:
2026.08.11.16:49:52 Info: synopsys/vcs/vcs_setup.sh
2026.08.11.16:49:52 Info: For information on how to simulate your IP, see the explanatory comments in the simulator-specific subdirectories under /tmp/main-c9e248-216f3d/ip/mpsim/mpsim_ki/sim/.
2026.08.11.16:49:52 Info: Regenerate these scripts whenever you make any change to any Quartus-generated IP in your project.
2026.08.11.16:49:52 Info: Finished: Create simulation script
2026.08.11.16:49:52 Info: Generation of /tmp/main-c9e248-216f3d/ip/mpsim/mpsim_ki.ip (mpsim_ki) took 4117 ms
2026.08.11.16:49:53 Info: 
2026.08.11.16:49:53 Info: Generating on localhost:42427
2026.08.11.16:49:53 Warning: Quartus project not specified. Use --quartus-project and --rev to specify a Quartus project and revision.
2026.08.11.16:49:53 Info: Saving generation log to /tmp/main-c9e248-216f3d/ip/mpsim/dpic_const_lambda_1/dpic_const_lambda_1_generation.rpt
2026.08.11.16:49:53 Info: Generated by version: 25.1.1 build 125
2026.08.11.16:49:53 Info: Starting: Create simulation model
2026.08.11.16:49:53 Info: qsys-generate /tmp/main-c9e248-216f3d/ip/mpsim/dpic_const_lambda_1.ip --simulation=VERILOG --allow-mixed-language-simulation --output-directory=/tmp/main-c9e248-216f3d/ip/mpsim/dpic_const_lambda_1 --family="Agilex 7" --part=AGFA006R16A2E1V
2026.08.11.16:49:53 Warning: dpic_const_lambda_1.dpic_const_lambda_1.dpi_control_stream_writes_active: Interface has no signals
2026.08.11.16:49:53 Info: dpic_const_lambda_1: "Transforming system: dpic_const_lambda_1"
2026.08.11.16:49:53 Info: dpic_const_lambda_1: "Naming system components in system: dpic_const_lambda_1"
2026.08.11.16:49:53 Info: dpic_const_lambda_1: "Processing generation queue"
2026.08.11.16:49:53 Info: dpic_const_lambda_1: "Generating: dpic_const_lambda_1"
2026.08.11.16:49:53 Info: dpic_const_lambda_1: "Generating: aoc_sim_component_dpi_controller"
2026.08.11.16:49:53 Info: dpic_const_lambda_1: Done "dpic_const_lambda_1" with 2 modules, 4 files
2026.08.11.16:49:53 Info: Generating the following file(s) for XCELIUM simulator in /tmp/main-c9e248-216f3d/ip/mpsim/dpic_const_lambda_1/sim/ directory:
2026.08.11.16:49:53 Info: common/xcelium_files.tcl
2026.08.11.16:49:53 Info: Generating the following file(s) for VCSMX simulator in /tmp/main-c9e248-216f3d/ip/mpsim/dpic_const_lambda_1/sim/ directory:
2026.08.11.16:49:53 Info: common/vcsmx_files.tcl
2026.08.11.16:49:53 Info: Generating the following file(s) for RIVIERA simulator in /tmp/main-c9e248-216f3d/ip/mpsim/dpic_const_lambda_1/sim/ directory:
2026.08.11.16:49:53 Info: common/riviera_files.tcl
2026.08.11.16:49:53 Info: Generating the following file(s) for MODELSIM simulator in /tmp/main-c9e248-216f3d/ip/mpsim/dpic_const_lambda_1/sim/ directory:
2026.08.11.16:49:53 Info: common/modelsim_files.tcl
2026.08.11.16:49:53 Info: Generating the following file(s) for VCS simulator in /tmp/main-c9e248-216f3d/ip/mpsim/dpic_const_lambda_1/sim/ directory:
2026.08.11.16:49:53 Info: common/vcs_files.tcl
2026.08.11.16:49:53 Info: For information on how to simulate your IP, see the explanatory comments in the simulator-specific subdirectories under /tmp/main-c9e248-216f3d/ip/mpsim/dpic_const_lambda_1/sim/.
2026.08.11.16:49:53 Info: Regenerate these scripts whenever you make any change to any Quartus-generated IP in your project.
2026.08.11.16:49:53 Info: Finished: Create simulation model
2026.08.11.16:49:53 Info: Starting: Create simulation script
2026.08.11.16:49:53 Info: sim-script-gen --system-file=/tmp/main-c9e248-216f3d/ip/mpsim/dpic_const_lambda_1.ip --output-directory=/tmp/main-c9e248-216f3d/ip/mpsim/dpic_const_lambda_1/sim/ --use-relative-paths=true --modelsim-flow=traditional
2026.08.11.16:49:53 Info: Generating the following file(s) for XCELIUM simulator in /tmp/main-c9e248-216f3d/ip/mpsim/dpic_const_lambda_1/sim/ directory:
2026.08.11.16:49:53 Info: xcelium/cds.lib
2026.08.11.16:49:53 Info: xcelium/hdl.var
2026.08.11.16:49:53 Info: xcelium/xcelium_setup.sh
2026.08.11.16:49:53 Info: 3 .cds.lib files in xcelium/cds_libs/ directory
2026.08.11.16:49:53 Info: Generating the following file(s) for VCSMX simulator in /tmp/main-c9e248-216f3d/ip/mpsim/dpic_const_lambda_1/sim/ directory:
2026.08.11.16:49:53 Info: synopsys/vcsmx/_device_synopsys_sim.setup
2026.08.11.16:49:53 Info: synopsys/vcsmx/synopsys_sim.setup
2026.08.11.16:49:53 Info: synopsys/vcsmx/vcsmx_setup.sh
2026.08.11.16:49:53 Info: Generating the following file(s) for RIVIERA simulator in /tmp/main-c9e248-216f3d/ip/mpsim/dpic_const_lambda_1/sim/ directory:
2026.08.11.16:49:53 Info: aldec/rivierapro_setup.tcl
2026.08.11.16:49:53 Info: aldec/run_rivierapro_setup.tcl
2026.08.11.16:49:53 Info: Generating the following file(s) for MODELSIM simulator in /tmp/main-c9e248-216f3d/ip/mpsim/dpic_const_lambda_1/sim/ directory:
2026.08.11.16:49:53 Info: mentor/msim_setup.tcl
2026.08.11.16:49:53 Info: mentor/run_msim_setup.tcl
2026.08.11.16:49:53 Info: Generating the following file(s) for VCS simulator in /tmp/main-c9e248-216f3d/ip/mpsim/dpic_const_lambda_1/sim/ directory:
2026.08.11.16:49:53 Info: synopsys/vcs/vcs_setup.sh
2026.08.11.16:49:53 Info: For information on how to simulate your IP, see the explanatory comments in the simulator-specific subdirectories under /tmp/main-c9e248-216f3d/ip/mpsim/dpic_const_lambda_1/sim/.
2026.08.11.16:49:53 Info: Regenerate these scripts whenever you make any change to any Quartus-generated IP in your project.
2026.08.11.16:49:53 Info: Finished: Create simulation script
2026.08.11.16:49:53 Info: Generation of /tmp/main-c9e248-216f3d/ip/mpsim/dpic_const_lambda_1.ip (dpic_const_lambda_1) took 1655 ms
2026.08.11.16:49:53 Info: 
2026.08.11.16:49:53 Info: Generating on localhost:37299
2026.08.11.16:49:53 Warning: Quartus project not specified. Use --quartus-project and --rev to specify a Quartus project and revision.
2026.08.11.16:49:53 Info: Saving generation log to /tmp/main-c9e248-216f3d/ip/kernel_system/kernel_system_kernel_irq/kernel_system_kernel_irq_generation.rpt
2026.08.11.16:49:53 Info: Generated by version: 25.1.1 build 125
2026.08.11.16:49:53 Info: Starting: Create simulation model
2026.08.11.16:49:53 Info: qsys-generate /tmp/main-c9e248-216f3d/ip/kernel_system/kernel_system_kernel_irq.ip --simulation=VERILOG --allow-mixed-language-simulation --output-directory=/tmp/main-c9e248-216f3d/ip/kernel_system/kernel_system_kernel_irq --family="Agilex 7" --part=AGFA006R16A2E1V
2026.08.11.16:49:53 Info: kernel_system_kernel_irq: "Transforming system: kernel_system_kernel_irq"
2026.08.11.16:49:53 Info: kernel_system_kernel_irq: "Naming system components in system: kernel_system_kernel_irq"
2026.08.11.16:49:53 Info: kernel_system_kernel_irq: "Processing generation queue"
2026.08.11.16:49:53 Info: kernel_system_kernel_irq: "Generating: kernel_system_kernel_irq"
2026.08.11.16:49:53 Info: kernel_system_kernel_irq: "Generating: kernel_system_kernel_irq_altera_irq_bridge_2000_mzhkeuq"
2026.08.11.16:49:53 Info: kernel_irq: 1
2026.08.11.16:49:53 Info: kernel_irq: irq_width
2026.08.11.16:49:53 Info: kernel_system_kernel_irq: Done "kernel_system_kernel_irq" with 2 modules, 2 files
2026.08.11.16:49:53 Info: Generating the following file(s) for MODELSIM simulator in /tmp/main-c9e248-216f3d/ip/kernel_system/kernel_system_kernel_irq/sim/ directory:
2026.08.11.16:49:53 Info: common/modelsim_files.tcl
2026.08.11.16:49:53 Info: Generating the following file(s) for VCSMX simulator in /tmp/main-c9e248-216f3d/ip/kernel_system/kernel_system_kernel_irq/sim/ directory:
2026.08.11.16:49:53 Info: common/vcsmx_files.tcl
2026.08.11.16:49:53 Info: Generating the following file(s) for VCS simulator in /tmp/main-c9e248-216f3d/ip/kernel_system/kernel_system_kernel_irq/sim/ directory:
2026.08.11.16:49:53 Info: common/vcs_files.tcl
2026.08.11.16:49:53 Info: Generating the following file(s) for RIVIERA simulator in /tmp/main-c9e248-216f3d/ip/kernel_system/kernel_system_kernel_irq/sim/ directory:
2026.08.11.16:49:53 Info: common/riviera_files.tcl
2026.08.11.16:49:53 Info: Generating the following file(s) for XCELIUM simulator in /tmp/main-c9e248-216f3d/ip/kernel_system/kernel_system_kernel_irq/sim/ directory:
2026.08.11.16:49:53 Info: common/xcelium_files.tcl
2026.08.11.16:49:53 Info: For information on how to simulate your IP, see the explanatory comments in the simulator-specific subdirectories under /tmp/main-c9e248-216f3d/ip/kernel_system/kernel_system_kernel_irq/sim/.
2026.08.11.16:49:53 Info: Regenerate these scripts whenever you make any change to any Quartus-generated IP in your project.
2026.08.11.16:49:53 Info: Finished: Create simulation model
2026.08.11.16:49:53 Info: Starting: Create simulation script
2026.08.11.16:49:53 Info: sim-script-gen --system-file=/tmp/main-c9e248-216f3d/ip/kernel_system/kernel_system_kernel_irq.ip --output-directory=/tmp/main-c9e248-216f3d/ip/kernel_system/kernel_system_kernel_irq/sim/ --use-relative-paths=true --modelsim-flow=traditional
2026.08.11.16:49:53 Info: Generating the following file(s) for MODELSIM simulator in /tmp/main-c9e248-216f3d/ip/kernel_system/kernel_system_kernel_irq/sim/ directory:
2026.08.11.16:49:53 Info: mentor/msim_setup.tcl
2026.08.11.16:49:53 Info: mentor/run_msim_setup.tcl
2026.08.11.16:49:53 Info: Generating the following file(s) for VCSMX simulator in /tmp/main-c9e248-216f3d/ip/kernel_system/kernel_system_kernel_irq/sim/ directory:
2026.08.11.16:49:53 Info: synopsys/vcsmx/_device_synopsys_sim.setup
2026.08.11.16:49:53 Info: synopsys/vcsmx/synopsys_sim.setup
2026.08.11.16:49:53 Info: synopsys/vcsmx/vcsmx_setup.sh
2026.08.11.16:49:53 Info: Generating the following file(s) for VCS simulator in /tmp/main-c9e248-216f3d/ip/kernel_system/kernel_system_kernel_irq/sim/ directory:
2026.08.11.16:49:53 Info: synopsys/vcs/vcs_setup.sh
2026.08.11.16:49:53 Info: Generating the following file(s) for RIVIERA simulator in /tmp/main-c9e248-216f3d/ip/kernel_system/kernel_system_kernel_irq/sim/ directory:
2026.08.11.16:49:53 Info: aldec/rivierapro_setup.tcl
2026.08.11.16:49:53 Info: aldec/run_rivierapro_setup.tcl
2026.08.11.16:49:53 Info: Generating the following file(s) for XCELIUM simulator in /tmp/main-c9e248-216f3d/ip/kernel_system/kernel_system_kernel_irq/sim/ directory:
2026.08.11.16:49:53 Info: xcelium/cds.lib
2026.08.11.16:49:53 Info: xcelium/hdl.var
2026.08.11.16:49:53 Info: xcelium/xcelium_setup.sh
2026.08.11.16:49:53 Info: 3 .cds.lib files in xcelium/cds_libs/ directory
2026.08.11.16:49:53 Info: For information on how to simulate your IP, see the explanatory comments in the simulator-specific subdirectories under /tmp/main-c9e248-216f3d/ip/kernel_system/kernel_system_kernel_irq/sim/.
2026.08.11.16:49:53 Info: Regenerate these scripts whenever you make any change to any Quartus-generated IP in your project.
2026.08.11.16:49:53 Info: Finished: Create simulation script
2026.08.11.16:49:53 Info: Generation of /tmp/main-c9e248-216f3d/ip/kernel_system/kernel_system_kernel_irq.ip (kernel_system_kernel_irq) took 1548 ms
2026.08.11.16:49:53 Info: 
2026.08.11.16:49:53 Info: Generating on localhost:32801
2026.08.11.16:49:53 Warning: Quartus project not specified. Use --quartus-project and --rev to specify a Quartus project and revision.
2026.08.11.16:49:53 Info: Saving generation log to /tmp/main-c9e248-216f3d/ip/mpsim/dpic_const_lambda_3/dpic_const_lambda_3_generation.rpt
2026.08.11.16:49:53 Info: Generated by version: 25.1.1 build 125
2026.08.11.16:49:53 Info: Starting: Create simulation model
2026.08.11.16:49:53 Info: qsys-generate /tmp/main-c9e248-216f3d/ip/mpsim/dpic_const_lambda_3.ip --simulation=VERILOG --allow-mixed-language-simulation --output-directory=/tmp/main-c9e248-216f3d/ip/mpsim/dpic_const_lambda_3 --family="Agilex 7" --part=AGFA006R16A2E1V
2026.08.11.16:49:53 Warning: dpic_const_lambda_3.dpic_const_lambda_3.dpi_control_stream_writes_active: Interface has no signals
2026.08.11.16:49:53 Info: dpic_const_lambda_3: "Transforming system: dpic_const_lambda_3"
2026.08.11.16:49:53 Info: dpic_const_lambda_3: "Naming system components in system: dpic_const_lambda_3"
2026.08.11.16:49:53 Info: dpic_const_lambda_3: "Processing generation queue"
2026.08.11.16:49:53 Info: dpic_const_lambda_3: "Generating: dpic_const_lambda_3"
2026.08.11.16:49:53 Info: dpic_const_lambda_3: "Generating: aoc_sim_component_dpi_controller"
2026.08.11.16:49:53 Info: dpic_const_lambda_3: Done "dpic_const_lambda_3" with 2 modules, 4 files
2026.08.11.16:49:53 Info: Generating the following file(s) for VCSMX simulator in /tmp/main-c9e248-216f3d/ip/mpsim/dpic_const_lambda_3/sim/ directory:
2026.08.11.16:49:53 Info: common/vcsmx_files.tcl
2026.08.11.16:49:53 Info: Generating the following file(s) for RIVIERA simulator in /tmp/main-c9e248-216f3d/ip/mpsim/dpic_const_lambda_3/sim/ directory:
2026.08.11.16:49:53 Info: common/riviera_files.tcl
2026.08.11.16:49:53 Info: Generating the following file(s) for XCELIUM simulator in /tmp/main-c9e248-216f3d/ip/mpsim/dpic_const_lambda_3/sim/ directory:
2026.08.11.16:49:53 Info: common/xcelium_files.tcl
2026.08.11.16:49:53 Info: Generating the following file(s) for MODELSIM simulator in /tmp/main-c9e248-216f3d/ip/mpsim/dpic_const_lambda_3/sim/ directory:
2026.08.11.16:49:53 Info: common/modelsim_files.tcl
2026.08.11.16:49:53 Info: Generating the following file(s) for VCS simulator in /tmp/main-c9e248-216f3d/ip/mpsim/dpic_const_lambda_3/sim/ directory:
2026.08.11.16:49:53 Info: common/vcs_files.tcl
2026.08.11.16:49:53 Info: For information on how to simulate your IP, see the explanatory comments in the simulator-specific subdirectories under /tmp/main-c9e248-216f3d/ip/mpsim/dpic_const_lambda_3/sim/.
2026.08.11.16:49:53 Info: Regenerate these scripts whenever you make any change to any Quartus-generated IP in your project.
2026.08.11.16:49:53 Info: Finished: Create simulation model
2026.08.11.16:49:53 Info: Starting: Create simulation script
2026.08.11.16:49:53 Info: sim-script-gen --system-file=/tmp/main-c9e248-216f3d/ip/mpsim/dpic_const_lambda_3.ip --output-directory=/tmp/main-c9e248-216f3d/ip/mpsim/dpic_const_lambda_3/sim/ --use-relative-paths=true --modelsim-flow=traditional
2026.08.11.16:49:53 Info: Generating the following file(s) for VCSMX simulator in /tmp/main-c9e248-216f3d/ip/mpsim/dpic_const_lambda_3/sim/ directory:
2026.08.11.16:49:53 Info: synopsys/vcsmx/_device_synopsys_sim.setup
2026.08.11.16:49:53 Info: synopsys/vcsmx/synopsys_sim.setup
2026.08.11.16:49:53 Info: synopsys/vcsmx/vcsmx_setup.sh
2026.08.11.16:49:53 Info: Generating the following file(s) for RIVIERA simulator in /tmp/main-c9e248-216f3d/ip/mpsim/dpic_const_lambda_3/sim/ directory:
2026.08.11.16:49:53 Info: aldec/rivierapro_setup.tcl
2026.08.11.16:49:53 Info: aldec/run_rivierapro_setup.tcl
2026.08.11.16:49:53 Info: Generating the following file(s) for XCELIUM simulator in /tmp/main-c9e248-216f3d/ip/mpsim/dpic_const_lambda_3/sim/ directory:
2026.08.11.16:49:53 Info: xcelium/cds.lib
2026.08.11.16:49:53 Info: xcelium/hdl.var
2026.08.11.16:49:53 Info: xcelium/xcelium_setup.sh
2026.08.11.16:49:53 Info: 3 .cds.lib files in xcelium/cds_libs/ directory
2026.08.11.16:49:53 Info: Generating the following file(s) for MODELSIM simulator in /tmp/main-c9e248-216f3d/ip/mpsim/dpic_const_lambda_3/sim/ directory:
2026.08.11.16:49:53 Info: mentor/msim_setup.tcl
2026.08.11.16:49:53 Info: mentor/run_msim_setup.tcl
2026.08.11.16:49:53 Info: Generating the following file(s) for VCS simulator in /tmp/main-c9e248-216f3d/ip/mpsim/dpic_const_lambda_3/sim/ directory:
2026.08.11.16:49:53 Info: synopsys/vcs/vcs_setup.sh
2026.08.11.16:49:53 Info: For information on how to simulate your IP, see the explanatory comments in the simulator-specific subdirectories under /tmp/main-c9e248-216f3d/ip/mpsim/dpic_const_lambda_3/sim/.
2026.08.11.16:49:53 Info: Regenerate these scripts whenever you make any change to any Quartus-generated IP in your project.
2026.08.11.16:49:53 Info: Finished: Create simulation script
2026.08.11.16:49:53 Info: Generation of /tmp/main-c9e248-216f3d/ip/mpsim/dpic_const_lambda_3.ip (dpic_const_lambda_3) took 1630 ms
2026.08.11.16:49:53 Info: 
2026.08.11.16:49:53 Info: Generating on localhost:35387
2026.08.11.16:49:53 Warning: Quartus project not specified. Use --quartus-project and --rev to specify a Quartus project and revision.
2026.08.11.16:49:53 Info: Saving generation log to /tmp/main-c9e248-216f3d/ip/mpsim/mpsim_oirq/mpsim_oirq_generation.rpt
2026.08.11.16:49:53 Info: Generated by version: 25.1.1 build 125
2026.08.11.16:49:53 Info: Starting: Create simulation model
2026.08.11.16:49:53 Info: qsys-generate /tmp/main-c9e248-216f3d/ip/mpsim/mpsim_oirq.ip --simulation=VERILOG --allow-mixed-language-simulation --output-directory=/tmp/main-c9e248-216f3d/ip/mpsim/mpsim_oirq --family="Agilex 7" --part=AGFA006R16A2E1V
2026.08.11.16:49:53 Info: mpsim_oirq: "Transforming system: mpsim_oirq"
2026.08.11.16:49:53 Info: mpsim_oirq: "Naming system components in system: mpsim_oirq"
2026.08.11.16:49:53 Info: mpsim_oirq: "Processing generation queue"
2026.08.11.16:49:53 Info: mpsim_oirq: "Generating: mpsim_oirq"
2026.08.11.16:49:53 Info: mpsim_oirq: "Generating: aoc_sim_main_dpi_controller"
2026.08.11.16:49:53 Info: mpsim_oirq: Done "mpsim_oirq" with 2 modules, 2 files
2026.08.11.16:49:53 Info: Generating the following file(s) for VCSMX simulator in /tmp/main-c9e248-216f3d/ip/mpsim/mpsim_oirq/sim/ directory:
2026.08.11.16:49:53 Info: common/vcsmx_files.tcl
2026.08.11.16:49:53 Info: Generating the following file(s) for MODELSIM simulator in /tmp/main-c9e248-216f3d/ip/mpsim/mpsim_oirq/sim/ directory:
2026.08.11.16:49:53 Info: common/modelsim_files.tcl
2026.08.11.16:49:53 Info: Generating the following file(s) for VCS simulator in /tmp/main-c9e248-216f3d/ip/mpsim/mpsim_oirq/sim/ directory:
2026.08.11.16:49:53 Info: common/vcs_files.tcl
2026.08.11.16:49:53 Info: Generating the following file(s) for XCELIUM simulator in /tmp/main-c9e248-216f3d/ip/mpsim/mpsim_oirq/sim/ directory:
2026.08.11.16:49:53 Info: common/xcelium_files.tcl
2026.08.11.16:49:53 Info: Generating the following file(s) for RIVIERA simulator in /tmp/main-c9e248-216f3d/ip/mpsim/mpsim_oirq/sim/ directory:
2026.08.11.16:49:53 Info: common/riviera_files.tcl
2026.08.11.16:49:53 Info: For information on how to simulate your IP, see the explanatory comments in the simulator-specific subdirectories under /tmp/main-c9e248-216f3d/ip/mpsim/mpsim_oirq/sim/.
2026.08.11.16:49:53 Info: Regenerate these scripts whenever you make any change to any Quartus-generated IP in your project.
2026.08.11.16:49:53 Info: Finished: Create simulation model
2026.08.11.16:49:53 Info: Starting: Create simulation script
2026.08.11.16:49:53 Info: sim-script-gen --system-file=/tmp/main-c9e248-216f3d/ip/mpsim/mpsim_oirq.ip --output-directory=/tmp/main-c9e248-216f3d/ip/mpsim/mpsim_oirq/sim/ --use-relative-paths=true --modelsim-flow=traditional
2026.08.11.16:49:53 Info: Generating the following file(s) for VCSMX simulator in /tmp/main-c9e248-216f3d/ip/mpsim/mpsim_oirq/sim/ directory:
2026.08.11.16:49:53 Info: synopsys/vcsmx/_device_synopsys_sim.setup
2026.08.11.16:49:53 Info: synopsys/vcsmx/synopsys_sim.setup
2026.08.11.16:49:53 Info: synopsys/vcsmx/vcsmx_setup.sh
2026.08.11.16:49:53 Info: Generating the following file(s) for MODELSIM simulator in /tmp/main-c9e248-216f3d/ip/mpsim/mpsim_oirq/sim/ directory:
2026.08.11.16:49:53 Info: mentor/msim_setup.tcl
2026.08.11.16:49:53 Info: mentor/run_msim_setup.tcl
2026.08.11.16:49:53 Info: Generating the following file(s) for VCS simulator in /tmp/main-c9e248-216f3d/ip/mpsim/mpsim_oirq/sim/ directory:
2026.08.11.16:49:53 Info: synopsys/vcs/vcs_setup.sh
2026.08.11.16:49:53 Info: Generating the following file(s) for XCELIUM simulator in /tmp/main-c9e248-216f3d/ip/mpsim/mpsim_oirq/sim/ directory:
2026.08.11.16:49:53 Info: xcelium/cds.lib
2026.08.11.16:49:53 Info: xcelium/hdl.var
2026.08.11.16:49:53 Info: xcelium/xcelium_setup.sh
2026.08.11.16:49:53 Info: 3 .cds.lib files in xcelium/cds_libs/ directory
2026.08.11.16:49:53 Info: Generating the following file(s) for RIVIERA simulator in /tmp/main-c9e248-216f3d/ip/mpsim/mpsim_oirq/sim/ directory:
2026.08.11.16:49:53 Info: aldec/rivierapro_setup.tcl
2026.08.11.16:49:53 Info: aldec/run_rivierapro_setup.tcl
2026.08.11.16:49:53 Info: For information on how to simulate your IP, see the explanatory comments in the simulator-specific subdirectories under /tmp/main-c9e248-216f3d/ip/mpsim/mpsim_oirq/sim/.
2026.08.11.16:49:53 Info: Regenerate these scripts whenever you make any change to any Quartus-generated IP in your project.
2026.08.11.16:49:53 Info: Finished: Create simulation script
2026.08.11.16:49:53 Info: Generation of /tmp/main-c9e248-216f3d/ip/mpsim/mpsim_oirq.ip (mpsim_oirq) took 1614 ms
2026.08.11.16:49:54 Info: 
2026.08.11.16:49:54 Info: Generating on localhost:46301
2026.08.11.16:49:54 Warning: Quartus project not specified. Use --quartus-project and --rev to specify a Quartus project and revision.
2026.08.11.16:49:54 Info: Saving generation log to /tmp/main-c9e248-216f3d/ip/kernel_system/kernel_system_reset/kernel_system_reset_generation.rpt
2026.08.11.16:49:54 Info: Generated by version: 25.1.1 build 125
2026.08.11.16:49:54 Info: Starting: Create simulation model
2026.08.11.16:49:54 Info: qsys-generate /tmp/main-c9e248-216f3d/ip/kernel_system/kernel_system_reset.ip --simulation=VERILOG --allow-mixed-language-simulation --output-directory=/tmp/main-c9e248-216f3d/ip/kernel_system/kernel_system_reset --family="Agilex 7" --part=AGFA006R16A2E1V
2026.08.11.16:49:54 Info: kernel_system_reset: "Transforming system: kernel_system_reset"
2026.08.11.16:49:54 Info: kernel_system_reset: "Naming system components in system: kernel_system_reset"
2026.08.11.16:49:54 Info: kernel_system_reset: "Processing generation queue"
2026.08.11.16:49:54 Info: kernel_system_reset: "Generating: kernel_system_reset"
2026.08.11.16:49:54 Info: kernel_system_reset: Done "kernel_system_reset" with 1 modules, 1 files
2026.08.11.16:49:54 Info: Generating the following file(s) for MODELSIM simulator in /tmp/main-c9e248-216f3d/ip/kernel_system/kernel_system_reset/sim/ directory:
2026.08.11.16:49:54 Info: common/modelsim_files.tcl
2026.08.11.16:49:54 Info: Generating the following file(s) for RIVIERA simulator in /tmp/main-c9e248-216f3d/ip/kernel_system/kernel_system_reset/sim/ directory:
2026.08.11.16:49:54 Info: common/riviera_files.tcl
2026.08.11.16:49:54 Info: Generating the following file(s) for XCELIUM simulator in /tmp/main-c9e248-216f3d/ip/kernel_system/kernel_system_reset/sim/ directory:
2026.08.11.16:49:54 Info: common/xcelium_files.tcl
2026.08.11.16:49:54 Info: Generating the following file(s) for VCSMX simulator in /tmp/main-c9e248-216f3d/ip/kernel_system/kernel_system_reset/sim/ directory:
2026.08.11.16:49:54 Info: common/vcsmx_files.tcl
2026.08.11.16:49:54 Info: Generating the following file(s) for VCS simulator in /tmp/main-c9e248-216f3d/ip/kernel_system/kernel_system_reset/sim/ directory:
2026.08.11.16:49:54 Info: common/vcs_files.tcl
2026.08.11.16:49:54 Info: For information on how to simulate your IP, see the explanatory comments in the simulator-specific subdirectories under /tmp/main-c9e248-216f3d/ip/kernel_system/kernel_system_reset/sim/.
2026.08.11.16:49:54 Info: Regenerate these scripts whenever you make any change to any Quartus-generated IP in your project.
2026.08.11.16:49:54 Info: Finished: Create simulation model
2026.08.11.16:49:54 Info: Starting: Create simulation script
2026.08.11.16:49:54 Info: sim-script-gen --system-file=/tmp/main-c9e248-216f3d/ip/kernel_system/kernel_system_reset.ip --output-directory=/tmp/main-c9e248-216f3d/ip/kernel_system/kernel_system_reset/sim/ --use-relative-paths=true --modelsim-flow=traditional
2026.08.11.16:49:54 Info: Generating the following file(s) for MODELSIM simulator in /tmp/main-c9e248-216f3d/ip/kernel_system/kernel_system_reset/sim/ directory:
2026.08.11.16:49:54 Info: mentor/msim_setup.tcl
2026.08.11.16:49:54 Info: mentor/run_msim_setup.tcl
2026.08.11.16:49:54 Info: Generating the following file(s) for RIVIERA simulator in /tmp/main-c9e248-216f3d/ip/kernel_system/kernel_system_reset/sim/ directory:
2026.08.11.16:49:54 Info: aldec/rivierapro_setup.tcl
2026.08.11.16:49:54 Info: aldec/run_rivierapro_setup.tcl
2026.08.11.16:49:54 Info: Generating the following file(s) for XCELIUM simulator in /tmp/main-c9e248-216f3d/ip/kernel_system/kernel_system_reset/sim/ directory:
2026.08.11.16:49:54 Info: xcelium/cds.lib
2026.08.11.16:49:54 Info: xcelium/hdl.var
2026.08.11.16:49:54 Info: xcelium/xcelium_setup.sh
2026.08.11.16:49:54 Info: 2 .cds.lib files in xcelium/cds_libs/ directory
2026.08.11.16:49:54 Info: Generating the following file(s) for VCSMX simulator in /tmp/main-c9e248-216f3d/ip/kernel_system/kernel_system_reset/sim/ directory:
2026.08.11.16:49:54 Info: synopsys/vcsmx/_device_synopsys_sim.setup
2026.08.11.16:49:54 Info: synopsys/vcsmx/synopsys_sim.setup
2026.08.11.16:49:54 Info: synopsys/vcsmx/vcsmx_setup.sh
2026.08.11.16:49:54 Info: Generating the following file(s) for VCS simulator in /tmp/main-c9e248-216f3d/ip/kernel_system/kernel_system_reset/sim/ directory:
2026.08.11.16:49:54 Info: synopsys/vcs/vcs_setup.sh
2026.08.11.16:49:54 Info: For information on how to simulate your IP, see the explanatory comments in the simulator-specific subdirectories under /tmp/main-c9e248-216f3d/ip/kernel_system/kernel_system_reset/sim/.
2026.08.11.16:49:54 Info: Regenerate these scripts whenever you make any change to any Quartus-generated IP in your project.
2026.08.11.16:49:54 Info: Finished: Create simulation script
2026.08.11.16:49:54 Info: Generation of /tmp/main-c9e248-216f3d/ip/kernel_system/kernel_system_reset.ip (kernel_system_reset) took 1585 ms
2026.08.11.16:49:54 Info: 
2026.08.11.16:49:54 Info: Generating on localhost:42427
2026.08.11.16:49:54 Warning: Quartus project not specified. Use --quartus-project and --rev to specify a Quartus project and revision.
2026.08.11.16:49:54 Info: Saving generation log to /tmp/main-c9e248-216f3d/ip/mpsim/const_lambda_2_en_cfan/const_lambda_2_en_cfan_generation.rpt
2026.08.11.16:49:54 Info: Generated by version: 25.1.1 build 125
2026.08.11.16:49:54 Info: Starting: Create simulation model
2026.08.11.16:49:54 Info: qsys-generate /tmp/main-c9e248-216f3d/ip/mpsim/const_lambda_2_en_cfan.ip --simulation=VERILOG --allow-mixed-language-simulation --output-directory=/tmp/main-c9e248-216f3d/ip/mpsim/const_lambda_2_en_cfan --family="Agilex 7" --part=AGFA006R16A2E1V
2026.08.11.16:49:54 Info: const_lambda_2_en_cfan: "Transforming system: const_lambda_2_en_cfan"
2026.08.11.16:49:54 Info: const_lambda_2_en_cfan: "Naming system components in system: const_lambda_2_en_cfan"
2026.08.11.16:49:54 Info: const_lambda_2_en_cfan: "Processing generation queue"
2026.08.11.16:49:54 Info: const_lambda_2_en_cfan: "Generating: const_lambda_2_en_cfan"
2026.08.11.16:49:54 Info: const_lambda_2_en_cfan: "Generating: const_lambda_2_en_cfan_avalon_conduit_fanout_10_xkdeykq"
2026.08.11.16:49:54 Info: const_lambda_2_en_cfan: Done "const_lambda_2_en_cfan" with 2 modules, 2 files
2026.08.11.16:49:54 Info: Generating the following file(s) for XCELIUM simulator in /tmp/main-c9e248-216f3d/ip/mpsim/const_lambda_2_en_cfan/sim/ directory:
2026.08.11.16:49:54 Info: common/xcelium_files.tcl
2026.08.11.16:49:54 Info: Generating the following file(s) for VCSMX simulator in /tmp/main-c9e248-216f3d/ip/mpsim/const_lambda_2_en_cfan/sim/ directory:
2026.08.11.16:49:54 Info: common/vcsmx_files.tcl
2026.08.11.16:49:54 Info: Generating the following file(s) for RIVIERA simulator in /tmp/main-c9e248-216f3d/ip/mpsim/const_lambda_2_en_cfan/sim/ directory:
2026.08.11.16:49:54 Info: common/riviera_files.tcl
2026.08.11.16:49:54 Info: Generating the following file(s) for MODELSIM simulator in /tmp/main-c9e248-216f3d/ip/mpsim/const_lambda_2_en_cfan/sim/ directory:
2026.08.11.16:49:54 Info: common/modelsim_files.tcl
2026.08.11.16:49:54 Info: Generating the following file(s) for VCS simulator in /tmp/main-c9e248-216f3d/ip/mpsim/const_lambda_2_en_cfan/sim/ directory:
2026.08.11.16:49:54 Info: common/vcs_files.tcl
2026.08.11.16:49:54 Info: For information on how to simulate your IP, see the explanatory comments in the simulator-specific subdirectories under /tmp/main-c9e248-216f3d/ip/mpsim/const_lambda_2_en_cfan/sim/.
2026.08.11.16:49:54 Info: Regenerate these scripts whenever you make any change to any Quartus-generated IP in your project.
2026.08.11.16:49:54 Info: Finished: Create simulation model
2026.08.11.16:49:54 Info: Starting: Create simulation script
2026.08.11.16:49:54 Info: sim-script-gen --system-file=/tmp/main-c9e248-216f3d/ip/mpsim/const_lambda_2_en_cfan.ip --output-directory=/tmp/main-c9e248-216f3d/ip/mpsim/const_lambda_2_en_cfan/sim/ --use-relative-paths=true --modelsim-flow=traditional
2026.08.11.16:49:54 Info: Generating the following file(s) for XCELIUM simulator in /tmp/main-c9e248-216f3d/ip/mpsim/const_lambda_2_en_cfan/sim/ directory:
2026.08.11.16:49:54 Info: xcelium/cds.lib
2026.08.11.16:49:54 Info: xcelium/hdl.var
2026.08.11.16:49:54 Info: xcelium/xcelium_setup.sh
2026.08.11.16:49:54 Info: 3 .cds.lib files in xcelium/cds_libs/ directory
2026.08.11.16:49:54 Info: Generating the following file(s) for VCSMX simulator in /tmp/main-c9e248-216f3d/ip/mpsim/const_lambda_2_en_cfan/sim/ directory:
2026.08.11.16:49:54 Info: synopsys/vcsmx/_device_synopsys_sim.setup
2026.08.11.16:49:54 Info: synopsys/vcsmx/synopsys_sim.setup
2026.08.11.16:49:54 Info: synopsys/vcsmx/vcsmx_setup.sh
2026.08.11.16:49:54 Info: Generating the following file(s) for RIVIERA simulator in /tmp/main-c9e248-216f3d/ip/mpsim/const_lambda_2_en_cfan/sim/ directory:
2026.08.11.16:49:54 Info: aldec/rivierapro_setup.tcl
2026.08.11.16:49:54 Info: aldec/run_rivierapro_setup.tcl
2026.08.11.16:49:54 Info: Generating the following file(s) for MODELSIM simulator in /tmp/main-c9e248-216f3d/ip/mpsim/const_lambda_2_en_cfan/sim/ directory:
2026.08.11.16:49:54 Info: mentor/msim_setup.tcl
2026.08.11.16:49:54 Info: mentor/run_msim_setup.tcl
2026.08.11.16:49:54 Info: Generating the following file(s) for VCS simulator in /tmp/main-c9e248-216f3d/ip/mpsim/const_lambda_2_en_cfan/sim/ directory:
2026.08.11.16:49:54 Info: synopsys/vcs/vcs_setup.sh
2026.08.11.16:49:54 Info: For information on how to simulate your IP, see the explanatory comments in the simulator-specific subdirectories under /tmp/main-c9e248-216f3d/ip/mpsim/const_lambda_2_en_cfan/sim/.
2026.08.11.16:49:54 Info: Regenerate these scripts whenever you make any change to any Quartus-generated IP in your project.
2026.08.11.16:49:54 Info: Finished: Create simulation script
2026.08.11.16:49:54 Info: Generation of /tmp/main-c9e248-216f3d/ip/mpsim/const_lambda_2_en_cfan.ip (const_lambda_2_en_cfan) took 1592 ms
2026.08.11.16:49:54 Info: 
2026.08.11.16:49:54 Info: Generating on localhost:32801
2026.08.11.16:49:54 Warning: Quartus project not specified. Use --quartus-project and --rev to specify a Quartus project and revision.
2026.08.11.16:49:54 Info: Saving generation log to /tmp/main-c9e248-216f3d/ip/mpsim/mm_agent_ks_mem0_rw/mm_agent_ks_mem0_rw_generation.rpt
2026.08.11.16:49:54 Info: Generated by version: 25.1.1 build 125
2026.08.11.16:49:54 Info: Starting: Create simulation model
2026.08.11.16:49:54 Info: qsys-generate /tmp/main-c9e248-216f3d/ip/mpsim/mm_agent_ks_mem0_rw.ip --simulation=VERILOG --allow-mixed-language-simulation --output-directory=/tmp/main-c9e248-216f3d/ip/mpsim/mm_agent_ks_mem0_rw --family="Agilex 7" --part=AGFA006R16A2E1V
2026.08.11.16:49:54 Info: mm_agent_ks_mem0_rw: "Transforming system: mm_agent_ks_mem0_rw"
2026.08.11.16:49:54 Info: mm_agent_ks_mem0_rw: "Naming system components in system: mm_agent_ks_mem0_rw"
2026.08.11.16:49:54 Info: mm_agent_ks_mem0_rw: "Processing generation queue"
2026.08.11.16:49:54 Info: mm_agent_ks_mem0_rw: "Generating: mm_agent_ks_mem0_rw"
2026.08.11.16:49:54 Info: mm_agent_ks_mem0_rw: "Generating: aoc_sim_mm_slave_dpi_bfm"
2026.08.11.16:49:54 Info: /data/CMS_CLUE/altera/Quartus/25.1.1/quartus
2026.08.11.16:49:54 Info: /data/CMS_CLUE/altera/Quartus/25.1.1/quartus/../ip/altera/sopc_builder_ip/verification/
2026.08.11.16:49:54 Info: mm_agent_ks_mem0_rw: Done "mm_agent_ks_mem0_rw" with 2 modules, 6 files
2026.08.11.16:49:54 Info: Generating the following file(s) for VCSMX simulator in /tmp/main-c9e248-216f3d/ip/mpsim/mm_agent_ks_mem0_rw/sim/ directory:
2026.08.11.16:49:54 Info: common/vcsmx_files.tcl
2026.08.11.16:49:54 Info: Generating the following file(s) for RIVIERA simulator in /tmp/main-c9e248-216f3d/ip/mpsim/mm_agent_ks_mem0_rw/sim/ directory:
2026.08.11.16:49:54 Info: common/riviera_files.tcl
2026.08.11.16:49:54 Info: Generating the following file(s) for XCELIUM simulator in /tmp/main-c9e248-216f3d/ip/mpsim/mm_agent_ks_mem0_rw/sim/ directory:
2026.08.11.16:49:54 Info: common/xcelium_files.tcl
2026.08.11.16:49:54 Info: Generating the following file(s) for MODELSIM simulator in /tmp/main-c9e248-216f3d/ip/mpsim/mm_agent_ks_mem0_rw/sim/ directory:
2026.08.11.16:49:54 Info: common/modelsim_files.tcl
2026.08.11.16:49:54 Info: Generating the following file(s) for VCS simulator in /tmp/main-c9e248-216f3d/ip/mpsim/mm_agent_ks_mem0_rw/sim/ directory:
2026.08.11.16:49:54 Info: common/vcs_files.tcl
2026.08.11.16:49:54 Info: For information on how to simulate your IP, see the explanatory comments in the simulator-specific subdirectories under /tmp/main-c9e248-216f3d/ip/mpsim/mm_agent_ks_mem0_rw/sim/.
2026.08.11.16:49:54 Info: Regenerate these scripts whenever you make any change to any Quartus-generated IP in your project.
2026.08.11.16:49:54 Info: Finished: Create simulation model
2026.08.11.16:49:54 Info: Starting: Create simulation script
2026.08.11.16:49:54 Info: sim-script-gen --system-file=/tmp/main-c9e248-216f3d/ip/mpsim/mm_agent_ks_mem0_rw.ip --output-directory=/tmp/main-c9e248-216f3d/ip/mpsim/mm_agent_ks_mem0_rw/sim/ --use-relative-paths=true --modelsim-flow=traditional
2026.08.11.16:49:54 Info: Generating the following file(s) for VCSMX simulator in /tmp/main-c9e248-216f3d/ip/mpsim/mm_agent_ks_mem0_rw/sim/ directory:
2026.08.11.16:49:54 Info: synopsys/vcsmx/_device_synopsys_sim.setup
2026.08.11.16:49:54 Info: synopsys/vcsmx/synopsys_sim.setup
2026.08.11.16:49:54 Info: synopsys/vcsmx/vcsmx_setup.sh
2026.08.11.16:49:54 Info: Generating the following file(s) for RIVIERA simulator in /tmp/main-c9e248-216f3d/ip/mpsim/mm_agent_ks_mem0_rw/sim/ directory:
2026.08.11.16:49:54 Info: aldec/rivierapro_setup.tcl
2026.08.11.16:49:54 Info: aldec/run_rivierapro_setup.tcl
2026.08.11.16:49:54 Info: Generating the following file(s) for XCELIUM simulator in /tmp/main-c9e248-216f3d/ip/mpsim/mm_agent_ks_mem0_rw/sim/ directory:
2026.08.11.16:49:54 Info: xcelium/cds.lib
2026.08.11.16:49:54 Info: xcelium/hdl.var
2026.08.11.16:49:54 Info: xcelium/xcelium_setup.sh
2026.08.11.16:49:54 Info: 4 .cds.lib files in xcelium/cds_libs/ directory
2026.08.11.16:49:54 Info: Generating the following file(s) for MODELSIM simulator in /tmp/main-c9e248-216f3d/ip/mpsim/mm_agent_ks_mem0_rw/sim/ directory:
2026.08.11.16:49:54 Info: mentor/msim_setup.tcl
2026.08.11.16:49:54 Info: mentor/run_msim_setup.tcl
2026.08.11.16:49:54 Info: Generating the following file(s) for VCS simulator in /tmp/main-c9e248-216f3d/ip/mpsim/mm_agent_ks_mem0_rw/sim/ directory:
2026.08.11.16:49:54 Info: synopsys/vcs/vcs_setup.sh
2026.08.11.16:49:54 Info: For information on how to simulate your IP, see the explanatory comments in the simulator-specific subdirectories under /tmp/main-c9e248-216f3d/ip/mpsim/mm_agent_ks_mem0_rw/sim/.
2026.08.11.16:49:54 Info: Regenerate these scripts whenever you make any change to any Quartus-generated IP in your project.
2026.08.11.16:49:54 Info: Finished: Create simulation script
2026.08.11.16:49:54 Info: Generation of /tmp/main-c9e248-216f3d/ip/mpsim/mm_agent_ks_mem0_rw.ip (mm_agent_ks_mem0_rw) took 1554 ms
2026.08.11.16:49:55 Info: 
2026.08.11.16:49:55 Info: Generating on localhost:37299
2026.08.11.16:49:55 Warning: Quartus project not specified. Use --quartus-project and --rev to specify a Quartus project and revision.
2026.08.11.16:49:55 Info: Saving generation log to /tmp/main-c9e248-216f3d/ip/kernel_system/kernel_system_fpgaclue_alpaka_sys/kernel_system_fpgaclue_alpaka_sys_generation.rpt
2026.08.11.16:49:55 Info: Generated by version: 25.1.1 build 125
2026.08.11.16:49:55 Info: Starting: Create simulation model
2026.08.11.16:49:55 Info: qsys-generate /tmp/main-c9e248-216f3d/ip/kernel_system/kernel_system_fpgaclue_alpaka_sys.ip --simulation=VERILOG --allow-mixed-language-simulation --output-directory=/tmp/main-c9e248-216f3d/ip/kernel_system/kernel_system_fpgaclue_alpaka_sys --family="Agilex 7" --part=AGFA006R16A2E1V
2026.08.11.16:49:55 Info: kernel_system_fpgaclue_alpaka_sys: "Transforming system: kernel_system_fpgaclue_alpaka_sys"
2026.08.11.16:49:55 Info: kernel_system_fpgaclue_alpaka_sys: "Naming system components in system: kernel_system_fpgaclue_alpaka_sys"
2026.08.11.16:49:55 Info: kernel_system_fpgaclue_alpaka_sys: "Processing generation queue"
2026.08.11.16:49:55 Info: kernel_system_fpgaclue_alpaka_sys: "Generating: kernel_system_fpgaclue_alpaka_sys"
2026.08.11.16:49:55 Info: kernel_system_fpgaclue_alpaka_sys: "Generating: fpgaclue_alpaka_sys"
2026.08.11.16:49:55 Info: kernel_system_fpgaclue_alpaka_sys: Done "kernel_system_fpgaclue_alpaka_sys" with 2 modules, 695 files
2026.08.11.16:49:55 Info: Generating the following file(s) for MODELSIM simulator in /tmp/main-c9e248-216f3d/ip/kernel_system/kernel_system_fpgaclue_alpaka_sys/sim/ directory:
2026.08.11.16:49:55 Info: common/modelsim_files.tcl
2026.08.11.16:49:55 Info: Generating the following file(s) for VCSMX simulator in /tmp/main-c9e248-216f3d/ip/kernel_system/kernel_system_fpgaclue_alpaka_sys/sim/ directory:
2026.08.11.16:49:55 Info: common/vcsmx_files.tcl
2026.08.11.16:49:55 Info: Generating the following file(s) for VCS simulator in /tmp/main-c9e248-216f3d/ip/kernel_system/kernel_system_fpgaclue_alpaka_sys/sim/ directory:
2026.08.11.16:49:55 Info: common/vcs_files.tcl
2026.08.11.16:49:55 Info: Generating the following file(s) for RIVIERA simulator in /tmp/main-c9e248-216f3d/ip/kernel_system/kernel_system_fpgaclue_alpaka_sys/sim/ directory:
2026.08.11.16:49:55 Info: common/riviera_files.tcl
2026.08.11.16:49:55 Info: Generating the following file(s) for XCELIUM simulator in /tmp/main-c9e248-216f3d/ip/kernel_system/kernel_system_fpgaclue_alpaka_sys/sim/ directory:
2026.08.11.16:49:55 Info: common/xcelium_files.tcl
2026.08.11.16:49:55 Info: For information on how to simulate your IP, see the explanatory comments in the simulator-specific subdirectories under /tmp/main-c9e248-216f3d/ip/kernel_system/kernel_system_fpgaclue_alpaka_sys/sim/.
2026.08.11.16:49:55 Info: Regenerate these scripts whenever you make any change to any Quartus-generated IP in your project.
2026.08.11.16:49:55 Info: Finished: Create simulation model
2026.08.11.16:49:55 Info: Starting: Create simulation script
2026.08.11.16:49:55 Info: sim-script-gen --system-file=/tmp/main-c9e248-216f3d/ip/kernel_system/kernel_system_fpgaclue_alpaka_sys.ip --output-directory=/tmp/main-c9e248-216f3d/ip/kernel_system/kernel_system_fpgaclue_alpaka_sys/sim/ --use-relative-paths=true --modelsim-flow=traditional
2026.08.11.16:49:55 Info: Generating the following file(s) for MODELSIM simulator in /tmp/main-c9e248-216f3d/ip/kernel_system/kernel_system_fpgaclue_alpaka_sys/sim/ directory:
2026.08.11.16:49:55 Info: mentor/msim_setup.tcl
2026.08.11.16:49:55 Info: mentor/run_msim_setup.tcl
2026.08.11.16:49:55 Info: Generating the following file(s) for VCSMX simulator in /tmp/main-c9e248-216f3d/ip/kernel_system/kernel_system_fpgaclue_alpaka_sys/sim/ directory:
2026.08.11.16:49:55 Info: synopsys/vcsmx/_device_synopsys_sim.setup
2026.08.11.16:49:55 Info: synopsys/vcsmx/synopsys_sim.setup
2026.08.11.16:49:55 Info: synopsys/vcsmx/vcsmx_setup.sh
2026.08.11.16:49:55 Info: Generating the following file(s) for VCS simulator in /tmp/main-c9e248-216f3d/ip/kernel_system/kernel_system_fpgaclue_alpaka_sys/sim/ directory:
2026.08.11.16:49:55 Info: synopsys/vcs/vcs_setup.sh
2026.08.11.16:49:55 Info: Generating the following file(s) for RIVIERA simulator in /tmp/main-c9e248-216f3d/ip/kernel_system/kernel_system_fpgaclue_alpaka_sys/sim/ directory:
2026.08.11.16:49:55 Info: aldec/rivierapro_setup.tcl
2026.08.11.16:49:55 Info: aldec/run_rivierapro_setup.tcl
2026.08.11.16:49:55 Info: Generating the following file(s) for XCELIUM simulator in /tmp/main-c9e248-216f3d/ip/kernel_system/kernel_system_fpgaclue_alpaka_sys/sim/ directory:
2026.08.11.16:49:55 Info: xcelium/cds.lib
2026.08.11.16:49:55 Info: xcelium/hdl.var
2026.08.11.16:49:55 Info: xcelium/xcelium_setup.sh
2026.08.11.16:49:55 Info: 3 .cds.lib files in xcelium/cds_libs/ directory
2026.08.11.16:49:55 Info: For information on how to simulate your IP, see the explanatory comments in the simulator-specific subdirectories under /tmp/main-c9e248-216f3d/ip/kernel_system/kernel_system_fpgaclue_alpaka_sys/sim/.
2026.08.11.16:49:55 Info: Regenerate these scripts whenever you make any change to any Quartus-generated IP in your project.
2026.08.11.16:49:55 Info: Finished: Create simulation script
2026.08.11.16:49:55 Info: Generation of /tmp/main-c9e248-216f3d/ip/kernel_system/kernel_system_fpgaclue_alpaka_sys.ip (kernel_system_fpgaclue_alpaka_sys) took 1865 ms
2026.08.11.16:49:55 Info: 
2026.08.11.16:49:55 Info: Generating on localhost:45451
2026.08.11.16:49:55 Warning: Quartus project not specified. Use --quartus-project and --rev to specify a Quartus project and revision.
2026.08.11.16:49:55 Info: mpsim: All Generic Component instances match their respective ip files.
2026.08.11.16:49:55 Info: Saving generation log to /tmp/main-c9e248-216f3d/mpsim/mpsim_generation.rpt
2026.08.11.16:49:55 Info: Generated by version: 25.1.1 build 125
2026.08.11.16:49:55 Info: Starting: Create simulation model
2026.08.11.16:49:55 Info: qsys-generate /tmp/main-c9e248-216f3d/mpsim.qsys --simulation=VERILOG --allow-mixed-language-simulation --output-directory=/tmp/main-c9e248-216f3d/mpsim --family="Agilex 7" --part=AGFA006R16A2E1V
2026.08.11.16:49:55 Info: Loading main-c9e248-216f3d/mpsim.qsys
2026.08.11.16:49:55 Info: Reading input file
2026.08.11.16:49:55 Info: Parameterizing module avmm_agent_cra_inst
2026.08.11.16:49:55 Info: Parameterizing module clk_rst
2026.08.11.16:49:55 Info: Parameterizing module component_dpi_controller_const_lambda_1_inst
2026.08.11.16:49:55 Info: Parameterizing module component_dpi_controller_const_lambda_2_inst
2026.08.11.16:49:55 Info: Parameterizing module component_dpi_controller_const_lambda_3_inst
2026.08.11.16:49:55 Info: Parameterizing module component_dpi_controller_const_lambda_4_inst
2026.08.11.16:49:55 Info: Parameterizing module component_dpi_controller_const_lambda_inst
2026.08.11.16:49:55 Info: Parameterizing module concat_component_stall_inst
2026.08.11.16:49:55 Info: Parameterizing module const_lambda_1_component_dpi_controller_enable_conduit_fanout_inst
2026.08.11.16:49:55 Info: Parameterizing module const_lambda_2_component_dpi_controller_enable_conduit_fanout_inst
2026.08.11.16:49:55 Info: Parameterizing module const_lambda_3_component_dpi_controller_enable_conduit_fanout_inst
2026.08.11.16:49:55 Info: Parameterizing module const_lambda_4_component_dpi_controller_enable_conduit_fanout_inst
2026.08.11.16:49:55 Info: Parameterizing module const_lambda_component_dpi_controller_enable_conduit_fanout_inst
2026.08.11.16:49:55 Info: Parameterizing module ki
2026.08.11.16:49:55 Info: Parameterizing module ks
2026.08.11.16:49:55 Info: Parameterizing module master_done_fanout_inst
2026.08.11.16:49:55 Info: Parameterizing module oirq
2026.08.11.16:49:55 Info: Parameterizing module osm_0_inst
2026.08.11.16:49:55 Info: Parameterizing module split_component_csr_ready_inst
2026.08.11.16:49:55 Info: Building connections
2026.08.11.16:49:55 Info: Parameterizing connections
2026.08.11.16:49:55 Info: Validating
2026.08.11.16:49:55 Info: Done reading input file
2026.08.11.16:49:55 Warning: mpsim.component_dpi_controller_const_lambda_1_inst: Warnings found in IP parameterization.
2026.08.11.16:49:55 Warning: mpsim.component_dpi_controller_const_lambda_1_inst.dpi_control_stream_writes_active: Interface has no signals
2026.08.11.16:49:55 Warning: mpsim.component_dpi_controller_const_lambda_2_inst: Warnings found in IP parameterization.
2026.08.11.16:49:55 Warning: mpsim.component_dpi_controller_const_lambda_2_inst.dpi_control_stream_writes_active: Interface has no signals
2026.08.11.16:49:55 Warning: mpsim.component_dpi_controller_const_lambda_3_inst: Warnings found in IP parameterization.
2026.08.11.16:49:55 Warning: mpsim.component_dpi_controller_const_lambda_3_inst.dpi_control_stream_writes_active: Interface has no signals
2026.08.11.16:49:55 Warning: mpsim.component_dpi_controller_const_lambda_4_inst: Warnings found in IP parameterization.
2026.08.11.16:49:55 Warning: mpsim.component_dpi_controller_const_lambda_4_inst.dpi_control_stream_writes_active: Interface has no signals
2026.08.11.16:49:55 Warning: mpsim.component_dpi_controller_const_lambda_inst: Warnings found in IP parameterization.
2026.08.11.16:49:55 Warning: mpsim.component_dpi_controller_const_lambda_inst.dpi_control_stream_writes_active: Interface has no signals
2026.08.11.16:49:55 Warning: mpsim.ki: Warnings found in IP parameterization.
2026.08.11.16:49:55 Warning: mpsim.clk_rst.clock/ki.clk: ki.clk requires 100000000Hz, but source has frequency of 0Hz
2026.08.11.16:49:55 Warning: mpsim.avmm_agent_cra_inst: avmm_agent_cra_inst.enable must be exported, or connected to a matching conduit as it has unconnected inputs.
2026.08.11.16:49:55 Warning: mpsim.component_dpi_controller_const_lambda_1_inst: component_dpi_controller_const_lambda_1_inst.dpi_control_agents_done must be exported, or connected to a matching conduit as it has unconnected inputs.
2026.08.11.16:49:55 Warning: mpsim.component_dpi_controller_const_lambda_1_inst: component_dpi_controller_const_lambda_1_inst.component_enabled must be exported, or connected to a matching conduit as it has unconnected inputs.
2026.08.11.16:49:55 Warning: mpsim.component_dpi_controller_const_lambda_1_inst: component_dpi_controller_const_lambda_1_inst.agent_busy must be exported, or connected to a matching conduit as it has unconnected inputs.
2026.08.11.16:49:55 Warning: mpsim.component_dpi_controller_const_lambda_1_inst: component_dpi_controller_const_lambda_1_inst.component_call must be exported, or connected to a matching conduit as it has unconnected inputs.
2026.08.11.16:49:55 Warning: mpsim.component_dpi_controller_const_lambda_1_inst: component_dpi_controller_const_lambda_1_inst.component_return must be exported, or connected to a matching conduit as it has unconnected inputs.
2026.08.11.16:49:55 Warning: mpsim.component_dpi_controller_const_lambda_1_inst: component_dpi_controller_const_lambda_1_inst.returndata must be exported, or connected to a matching conduit as it has unconnected inputs.
2026.08.11.16:49:55 Warning: mpsim.component_dpi_controller_const_lambda_2_inst: component_dpi_controller_const_lambda_2_inst.dpi_control_agents_done must be exported, or connected to a matching conduit as it has unconnected inputs.
2026.08.11.16:49:55 Warning: mpsim.component_dpi_controller_const_lambda_2_inst: component_dpi_controller_const_lambda_2_inst.component_enabled must be exported, or connected to a matching conduit as it has unconnected inputs.
2026.08.11.16:49:55 Warning: mpsim.component_dpi_controller_const_lambda_2_inst: component_dpi_controller_const_lambda_2_inst.agent_busy must be exported, or connected to a matching conduit as it has unconnected inputs.
2026.08.11.16:49:55 Warning: mpsim.component_dpi_controller_const_lambda_2_inst: component_dpi_controller_const_lambda_2_inst.component_call must be exported, or connected to a matching conduit as it has unconnected inputs.
2026.08.11.16:49:55 Warning: mpsim.component_dpi_controller_const_lambda_2_inst: component_dpi_controller_const_lambda_2_inst.component_return must be exported, or connected to a matching conduit as it has unconnected inputs.
2026.08.11.16:49:55 Warning: mpsim.component_dpi_controller_const_lambda_2_inst: component_dpi_controller_const_lambda_2_inst.returndata must be exported, or connected to a matching conduit as it has unconnected inputs.
2026.08.11.16:49:55 Warning: mpsim.component_dpi_controller_const_lambda_3_inst: component_dpi_controller_const_lambda_3_inst.dpi_control_agents_done must be exported, or connected to a matching conduit as it has unconnected inputs.
2026.08.11.16:49:55 Warning: mpsim.component_dpi_controller_const_lambda_3_inst: component_dpi_controller_const_lambda_3_inst.component_enabled must be exported, or connected to a matching conduit as it has unconnected inputs.
2026.08.11.16:49:55 Warning: mpsim.component_dpi_controller_const_lambda_3_inst: component_dpi_controller_const_lambda_3_inst.agent_busy must be exported, or connected to a matching conduit as it has unconnected inputs.
2026.08.11.16:49:55 Warning: mpsim.component_dpi_controller_const_lambda_3_inst: component_dpi_controller_const_lambda_3_inst.component_call must be exported, or connected to a matching conduit as it has unconnected inputs.
2026.08.11.16:49:55 Warning: mpsim.component_dpi_controller_const_lambda_3_inst: component_dpi_controller_const_lambda_3_inst.component_return must be exported, or connected to a matching conduit as it has unconnected inputs.
2026.08.11.16:49:55 Warning: mpsim.component_dpi_controller_const_lambda_3_inst: component_dpi_controller_const_lambda_3_inst.returndata must be exported, or connected to a matching conduit as it has unconnected inputs.
2026.08.11.16:49:55 Warning: mpsim.component_dpi_controller_const_lambda_4_inst: component_dpi_controller_const_lambda_4_inst.dpi_control_agents_done must be exported, or connected to a matching conduit as it has unconnected inputs.
2026.08.11.16:49:55 Warning: mpsim.component_dpi_controller_const_lambda_4_inst: component_dpi_controller_const_lambda_4_inst.component_enabled must be exported, or connected to a matching conduit as it has unconnected inputs.
2026.08.11.16:49:55 Warning: mpsim.component_dpi_controller_const_lambda_4_inst: component_dpi_controller_const_lambda_4_inst.agent_busy must be exported, or connected to a matching conduit as it has unconnected inputs.
2026.08.11.16:49:55 Warning: mpsim.component_dpi_controller_const_lambda_4_inst: component_dpi_controller_const_lambda_4_inst.component_call must be exported, or connected to a matching conduit as it has unconnected inputs.
2026.08.11.16:49:55 Warning: mpsim.component_dpi_controller_const_lambda_4_inst: component_dpi_controller_const_lambda_4_inst.component_return must be exported, or connected to a matching conduit as it has unconnected inputs.
2026.08.11.16:49:55 Warning: mpsim.component_dpi_controller_const_lambda_4_inst: component_dpi_controller_const_lambda_4_inst.returndata must be exported, or connected to a matching conduit as it has unconnected inputs.
2026.08.11.16:49:55 Warning: mpsim.component_dpi_controller_const_lambda_inst: component_dpi_controller_const_lambda_inst.dpi_control_agents_done must be exported, or connected to a matching conduit as it has unconnected inputs.
2026.08.11.16:49:55 Warning: mpsim.component_dpi_controller_const_lambda_inst: component_dpi_controller_const_lambda_inst.component_enabled must be exported, or connected to a matching conduit as it has unconnected inputs.
2026.08.11.16:49:55 Warning: mpsim.component_dpi_controller_const_lambda_inst: component_dpi_controller_const_lambda_inst.agent_busy must be exported, or connected to a matching conduit as it has unconnected inputs.
2026.08.11.16:49:55 Warning: mpsim.component_dpi_controller_const_lambda_inst: component_dpi_controller_const_lambda_inst.component_call must be exported, or connected to a matching conduit as it has unconnected inputs.
2026.08.11.16:49:55 Warning: mpsim.component_dpi_controller_const_lambda_inst: component_dpi_controller_const_lambda_inst.component_return must be exported, or connected to a matching conduit as it has unconnected inputs.
2026.08.11.16:49:55 Warning: mpsim.component_dpi_controller_const_lambda_inst: component_dpi_controller_const_lambda_inst.returndata must be exported, or connected to a matching conduit as it has unconnected inputs.
2026.08.11.16:49:55 Warning: mpsim.avmm_agent_cra_inst.m_mbd: avmm_agent_cra_inst.m_mbd must be connected to a MM agent or exported
2026.08.11.16:49:55 Info: mpsim: "Transforming system: mpsim"
2026.08.11.16:49:55 Warning: oirq.kernel_interrupt: Cannot connect clock for irq_mapper_006.sender
2026.08.11.16:49:55 Warning: oirq.kernel_interrupt: Cannot connect reset for irq_mapper_006.sender
2026.08.11.16:49:55 Info: mpsim: "Naming system components in system: mpsim"
2026.08.11.16:49:55 Info: mpsim: "Processing generation queue"
2026.08.11.16:49:55 Info: mpsim: "Generating: mpsim"
2026.08.11.16:49:55 Info: mpsim: "Generating: mpsim_avmm_agent_cra_inst"
2026.08.11.16:49:55 Info: mpsim: "Generating: mpsim_clk_rst"
2026.08.11.16:49:55 Info: mpsim: "Generating: dpic_const_lambda_1"
2026.08.11.16:49:55 Info: mpsim: "Generating: dpic_const_lambda_2"
2026.08.11.16:49:55 Info: mpsim: "Generating: dpic_const_lambda_3"
2026.08.11.16:49:55 Info: mpsim: "Generating: dpic_const_lambda_4"
2026.08.11.16:49:55 Info: mpsim: "Generating: dpic_const_lambda"
2026.08.11.16:49:55 Info: mpsim: "Generating: cct_comp_stall"
2026.08.11.16:49:55 Info: mpsim: "Generating: const_lambda_1_en_cfan"
2026.08.11.16:49:55 Info: mpsim: "Generating: const_lambda_2_en_cfan"
2026.08.11.16:49:55 Info: mpsim: "Generating: const_lambda_3_en_cfan"
2026.08.11.16:49:55 Info: mpsim: "Generating: const_lambda_4_en_cfan"
2026.08.11.16:49:55 Info: mpsim: "Generating: const_lambda_en_cfan"
2026.08.11.16:49:55 Info: mpsim: "Generating: mpsim_ki"
2026.08.11.16:49:55 Info: mpsim: "Generating: done_cfan"
2026.08.11.16:49:55 Info: mpsim: "Generating: mpsim_oirq"
2026.08.11.16:49:55 Info: mpsim: "Generating: mm_agent_ks_mem0_rw"
2026.08.11.16:49:55 Info: mpsim: "Generating: sp_csr_ready"
2026.08.11.16:49:55 Info: mpsim: "Generating: mpsim_altera_mm_interconnect_1920_f2fjppy"
2026.08.11.16:49:55 Info: mpsim: "Generating: mpsim_altera_irq_mapper_2001_rctq6fa"
2026.08.11.16:49:55 Info: mpsim: "Generating: mpsim_altera_irq_mapper_2001_wgtbcyy"
2026.08.11.16:49:55 Info: mpsim: "Generating: mpsim_altera_merlin_master_translator_193_lgcew2q"
2026.08.11.16:49:55 Info: mpsim: "Generating: mpsim_altera_merlin_slave_translator_191_xg7rzxi"
2026.08.11.16:49:55 Info: mpsim: Done "mpsim" with 25 modules, 6 files
2026.08.11.16:49:55 Info: Generating the following file(s) for RIVIERA simulator in /tmp/main-c9e248-216f3d/mpsim/sim/ directory:
2026.08.11.16:49:55 Info: common/riviera_files.tcl
2026.08.11.16:49:55 Info: Generating the following file(s) for VCSMX simulator in /tmp/main-c9e248-216f3d/mpsim/sim/ directory:
2026.08.11.16:49:55 Info: common/vcsmx_files.tcl
2026.08.11.16:49:55 Info: Generating the following file(s) for MODELSIM simulator in /tmp/main-c9e248-216f3d/mpsim/sim/ directory:
2026.08.11.16:49:55 Info: common/modelsim_files.tcl
2026.08.11.16:49:55 Info: Generating the following file(s) for VCS simulator in /tmp/main-c9e248-216f3d/mpsim/sim/ directory:
2026.08.11.16:49:55 Info: common/vcs_files.tcl
2026.08.11.16:49:55 Info: Generating the following file(s) for XCELIUM simulator in /tmp/main-c9e248-216f3d/mpsim/sim/ directory:
2026.08.11.16:49:55 Info: common/xcelium_files.tcl
2026.08.11.16:49:55 Info: For information on how to simulate your IP, see the explanatory comments in the simulator-specific subdirectories under /tmp/main-c9e248-216f3d/mpsim/sim/.
2026.08.11.16:49:55 Info: Regenerate these scripts whenever you make any change to any Quartus-generated IP in your project.
2026.08.11.16:49:55 Info: Finished: Create simulation model
2026.08.11.16:49:55 Info: Starting: Create simulation script
2026.08.11.16:49:55 Info: sim-script-gen --system-file=/tmp/main-c9e248-216f3d/mpsim.qsys --output-directory=/tmp/main-c9e248-216f3d/mpsim/sim/ --use-relative-paths=true --modelsim-flow=traditional
2026.08.11.16:49:55 Info: Generating the following file(s) for RIVIERA simulator in /tmp/main-c9e248-216f3d/mpsim/sim/ directory:
2026.08.11.16:49:55 Info: aldec/rivierapro_setup.tcl
2026.08.11.16:49:55 Info: aldec/run_rivierapro_setup.tcl
2026.08.11.16:49:55 Info: Generating the following file(s) for VCSMX simulator in /tmp/main-c9e248-216f3d/mpsim/sim/ directory:
2026.08.11.16:49:55 Info: synopsys/vcsmx/_device_synopsys_sim.setup
2026.08.11.16:49:55 Info: synopsys/vcsmx/synopsys_sim.setup
2026.08.11.16:49:55 Info: synopsys/vcsmx/vcsmx_setup.sh
2026.08.11.16:49:55 Info: Generating the following file(s) for MODELSIM simulator in /tmp/main-c9e248-216f3d/mpsim/sim/ directory:
2026.08.11.16:49:55 Info: mentor/msim_setup.tcl
2026.08.11.16:49:55 Info: mentor/run_msim_setup.tcl
2026.08.11.16:49:55 Info: Generating the following file(s) for VCS simulator in /tmp/main-c9e248-216f3d/mpsim/sim/ directory:
2026.08.11.16:49:55 Info: synopsys/vcs/vcs_setup.sh
2026.08.11.16:49:55 Info: Generating the following file(s) for XCELIUM simulator in /tmp/main-c9e248-216f3d/mpsim/sim/ directory:
2026.08.11.16:49:55 Info: xcelium/cds.lib
2026.08.11.16:49:55 Info: xcelium/hdl.var
2026.08.11.16:49:55 Info: xcelium/xcelium_setup.sh
2026.08.11.16:49:55 Info: 1 .cds.lib files in xcelium/cds_libs/ directory
2026.08.11.16:49:55 Info: For information on how to simulate your IP, see the explanatory comments in the simulator-specific subdirectories under /tmp/main-c9e248-216f3d/mpsim/sim/.
2026.08.11.16:49:55 Info: Regenerate these scripts whenever you make any change to any Quartus-generated IP in your project.
2026.08.11.16:49:55 Info: Finished: Create simulation script
2026.08.11.16:49:55 Info: Generation of /tmp/main-c9e248-216f3d/mpsim.qsys (mpsim) took 3094 ms
2026.08.11.16:49:55 Info: Finished: Platform Designer system generation
# 
# do mpsim/sim/msim_compile.tcl
# Questa Intel FPGA Edition-64 vsim 2025.1 Simulator 2025.01 Jan 18 2025
# mpsim/sim
# [exec] file_copy
# List Of Command Line Aliases
# 
# file_copy                                         -- Copy ROM/RAM files to simulation directory
# 
# dev_com                                           -- Compile device library files
# 
# com                                               -- Compile the design files in correct order
# 
# elab                                              -- Elaborate top level design
# 
# elab_debug                                        -- Elaborate the top level design with -voptargs=+acc option
# 
# ld                                                -- Compile all the design files and elaborate the top level design
# 
# ld_debug                                          -- Compile all the design files and elaborate the top level design with  -voptargs=+acc
# 
# 
# 
# List Of Variables
# 
# TOP_LEVEL_NAME                                    -- Top level module name.
#                                                      For most designs, this should be overridden
#                                                      to enable the elab/elab_debug aliases.
# 
# SYSTEM_INSTANCE_NAME                              -- Instantiated system module name inside top level module.
# 
# QSYS_SIMDIR                                       -- Qsys base simulation directory.
# 
# QUARTUS_INSTALL_DIR                               -- Quartus installation directory.
# 
# USER_DEFINED_COMPILE_OPTIONS                      -- User-defined compile options, added to com/dev_com aliases.
# 
# USER_DEFINED_VHDL_COMPILE_OPTIONS                 -- User-defined vhdl compile options, added to com/dev_com aliases.
# 
# USER_DEFINED_VERILOG_COMPILE_OPTIONS              -- User-defined verilog compile options, added to com/dev_com aliases.
# 
# USER_DEFINED_ELAB_OPTIONS                         -- User-defined elaboration options, added to elab/elab_debug aliases.
# 
# SILENCE                                           -- Set to true to suppress all informational and/or warning messages in the generated simulation script. 
# 
# PRECOMP_DEVICE_LIB_FILE                           -- Precompiled device library file.
#                                                     Use this variable to provide modelsim.ini or tcl containing device library mapping and dev_com will be skipped
#                                                     If value is empty, device libraries will be compiled local
# 
# FORCE_MODELSIM_AE_SELECTION                       -- Set to true to force to select Modelsim AE always.
# +incdir+mpsim/sim +define+COSIM_LIB -suppress 2388 -suppress 14408 -suppress 7061
# [exec] dev_com
# Questa Intel FPGA Edition-64 vlog 2025.1 Compiler 2025.01 Jan 18 2025
# Start time: 16:50:07 on Aug 11,2026
# vlog -sv "+incdir+mpsim/sim" "+define+COSIM_LIB" -suppress 2388 -suppress 14408 -suppress 7061 /data/CMS_CLUE/altera/Quartus/25.1.1/quartus/eda/sim_lib/simsf_dpi.cpp 
# -- Compiling DPI/PLI C++ file /data/CMS_CLUE/altera/Quartus/25.1.1/quartus/eda/sim_lib/simsf_dpi.cpp
# End time: 16:50:09 on Aug 11,2026, Elapsed time: 0:00:02
# Errors: 0, Warnings: 0
# [exec] com
# Questa Intel FPGA Edition-64 vlog 2025.1 Compiler 2025.01 Jan 18 2025
# Start time: 16:50:09 on Aug 11,2026
# vlog -sv "+incdir+mpsim/sim" "+define+COSIM_LIB" -suppress 2388 -suppress 14408 -suppress 7061 ip/mpsim/mm_agent_ks_mem0_rw/aoc_sim_mm_slave_dpi_bfm_10/sim/verbosity_pkg.sv -work altera_common_sv_packages 
# -- Compiling package verbosity_pkg
# 
# Top level modules:
# 	--none--
# End time: 16:50:09 on Aug 11,2026, Elapsed time: 0:00:00
# Errors: 0, Warnings: 0
# Questa Intel FPGA Edition-64 vlog 2025.1 Compiler 2025.01 Jan 18 2025
# Start time: 16:50:09 on Aug 11,2026
# vlog -sv "+incdir+mpsim/sim" "+define+COSIM_LIB" -suppress 2388 -suppress 14408 -suppress 7061 ip/mpsim/mm_agent_ks_mem0_rw/aoc_sim_mm_slave_dpi_bfm_10/sim/avalon_mm_pkg.sv -work altera_common_sv_packages 
# -- Compiling package avalon_mm_pkg
# -- Importing package verbosity_pkg
# 
# Top level modules:
# 	--none--
# End time: 16:50:09 on Aug 11,2026, Elapsed time: 0:00:00
# Errors: 0, Warnings: 0
# Questa Intel FPGA Edition-64 vlog 2025.1 Compiler 2025.01 Jan 18 2025
# Start time: 16:50:09 on Aug 11,2026
# vlog -sv "+incdir+mpsim/sim" "+define+COSIM_LIB" -suppress 2388 -suppress 14408 -suppress 7061 ip/mpsim/mm_agent_ks_mem0_rw/aoc_sim_mm_slave_dpi_bfm_10/sim/avalon_utilities_pkg.sv -work altera_common_sv_packages 
# -- Compiling package avalon_utilities_pkg
# 
# Top level modules:
# 	--none--
# End time: 16:50:09 on Aug 11,2026, Elapsed time: 0:00:00
# Errors: 0, Warnings: 0
# Questa Intel FPGA Edition-64 vlog 2025.1 Compiler 2025.01 Jan 18 2025
# Start time: 16:50:09 on Aug 11,2026
# vlog -sv "+incdir+mpsim/sim" "+define+COSIM_LIB" -suppress 2388 -suppress 14408 -suppress 7061 ip/mpsim/cct_comp_stall/avalon_concatenate_singlebit_conduits_10/sim/cct_comp_stall_avalon_concatenate_singlebit_conduits_10_jiabaci.sv -work avalon_concatenate_singlebit_conduits_10 
# -- Compiling module cct_comp_stall_avalon_concatenate_singlebit_conduits_10_jiabaci
# 
# Top level modules:
# 	cct_comp_stall_avalon_concatenate_singlebit_conduits_10_jiabaci
# End time: 16:50:09 on Aug 11,2026, Elapsed time: 0:00:00
# Errors: 0, Warnings: 0
# Questa Intel FPGA Edition-64 vlog 2025.1 Compiler 2025.01 Jan 18 2025
# Start time: 16:50:09 on Aug 11,2026
# vlog "+incdir+mpsim/sim" "+define+COSIM_LIB" -suppress 2388 -suppress 14408 -suppress 7061 ip/mpsim/cct_comp_stall/sim/cct_comp_stall.v -work cct_comp_stall 
# -- Compiling module cct_comp_stall
# 
# Top level modules:
# 	cct_comp_stall
# End time: 16:50:09 on Aug 11,2026, Elapsed time: 0:00:00
# Errors: 0, Warnings: 0
# Questa Intel FPGA Edition-64 vlog 2025.1 Compiler 2025.01 Jan 18 2025
# Start time: 16:50:09 on Aug 11,2026
# vlog -sv "+incdir+mpsim/sim" "+define+COSIM_LIB" -suppress 2388 -suppress 14408 -suppress 7061 ip/mpsim/const_lambda_3_en_cfan/avalon_conduit_fanout_10/sim/const_lambda_3_en_cfan_avalon_conduit_fanout_10_xkdeykq.sv -work avalon_conduit_fanout_10 
# -- Compiling module const_lambda_3_en_cfan_avalon_conduit_fanout_10_xkdeykq
# 
# Top level modules:
# 	const_lambda_3_en_cfan_avalon_conduit_fanout_10_xkdeykq
# End time: 16:50:09 on Aug 11,2026, Elapsed time: 0:00:00
# Errors: 0, Warnings: 0
# Questa Intel FPGA Edition-64 vlog 2025.1 Compiler 2025.01 Jan 18 2025
# Start time: 16:50:09 on Aug 11,2026
# vlog "+incdir+mpsim/sim" "+define+COSIM_LIB" -suppress 2388 -suppress 14408 -suppress 7061 ip/mpsim/const_lambda_3_en_cfan/sim/const_lambda_3_en_cfan.v -work const_lambda_3_en_cfan 
# -- Compiling module const_lambda_3_en_cfan
# 
# Top level modules:
# 	const_lambda_3_en_cfan
# End time: 16:50:09 on Aug 11,2026, Elapsed time: 0:00:00
# Errors: 0, Warnings: 0
# Questa Intel FPGA Edition-64 vlog 2025.1 Compiler 2025.01 Jan 18 2025
# Start time: 16:50:09 on Aug 11,2026
# vlog "+incdir+mpsim/sim" "+define+COSIM_LIB" -suppress 2388 -suppress 14408 -suppress 7061 ip/kernel_system/kernel_system_clk_1x/sim/kernel_system_clk_1x.v -work kernel_system_clk_1x 
# -- Compiling module kernel_system_clk_1x
# 
# Top level modules:
# 	kernel_system_clk_1x
# End time: 16:50:09 on Aug 11,2026, Elapsed time: 0:00:00
# Errors: 0, Warnings: 0
# Questa Intel FPGA Edition-64 vlog 2025.1 Compiler 2025.01 Jan 18 2025
# Start time: 16:50:09 on Aug 11,2026
# vlog "+incdir+mpsim/sim" "+define+COSIM_LIB" -suppress 2388 -suppress 14408 -suppress 7061 ip/kernel_system/kernel_system_kernel_irq/altera_irq_bridge_2000/sim/kernel_system_kernel_irq_altera_irq_bridge_2000_mzhkeuq.v -work altera_irq_bridge_2000 
# -- Compiling module kernel_system_kernel_irq_altera_irq_bridge_2000_mzhkeuq
# 
# Top level modules:
# 	kernel_system_kernel_irq_altera_irq_bridge_2000_mzhkeuq
# End time: 16:50:09 on Aug 11,2026, Elapsed time: 0:00:00
# Errors: 0, Warnings: 0
# Questa Intel FPGA Edition-64 vlog 2025.1 Compiler 2025.01 Jan 18 2025
# Start time: 16:50:09 on Aug 11,2026
# vlog "+incdir+mpsim/sim" "+define+COSIM_LIB" -suppress 2388 -suppress 14408 -suppress 7061 ip/kernel_system/kernel_system_kernel_irq/sim/kernel_system_kernel_irq.v -work kernel_system_kernel_irq 
# -- Compiling module kernel_system_kernel_irq
# 
# Top level modules:
# 	kernel_system_kernel_irq
# End time: 16:50:09 on Aug 11,2026, Elapsed time: 0:00:00
# Errors: 0, Warnings: 0
# Questa Intel FPGA Edition-64 vlog 2025.1 Compiler 2025.01 Jan 18 2025
# Start time: 16:50:09 on Aug 11,2026
# vlog "+incdir+mpsim/sim" "+define+COSIM_LIB" -suppress 2388 -suppress 14408 -suppress 7061 ip/kernel_system/kernel_system_kernel_cra/altera_avalon_mm_bridge_2010/sim/kernel_system_kernel_cra_altera_avalon_mm_bridge_2010_tex5a4i.v -work altera_avalon_mm_bridge_2010 
# -- Compiling module kernel_system_kernel_cra_altera_avalon_mm_bridge_2010_tex5a4i
# 
# Top level modules:
# 	kernel_system_kernel_cra_altera_avalon_mm_bridge_2010_tex5a4i
# End time: 16:50:09 on Aug 11,2026, Elapsed time: 0:00:00
# Errors: 0, Warnings: 0
# Questa Intel FPGA Edition-64 vlog 2025.1 Compiler 2025.01 Jan 18 2025
# Start time: 16:50:09 on Aug 11,2026
# vlog "+incdir+mpsim/sim" "+define+COSIM_LIB" -suppress 2388 -suppress 14408 -suppress 7061 ip/kernel_system/kernel_system_kernel_cra/altera_avalon_mm_bridge_2010/sim/altera_merlin_waitrequest_adapter.v -work altera_avalon_mm_bridge_2010 
# -- Compiling module altera_merlin_waitrequest_adapter
# 
# Top level modules:
# 	altera_merlin_waitrequest_adapter
# End time: 16:50:09 on Aug 11,2026, Elapsed time: 0:00:00
# Errors: 0, Warnings: 0
# Questa Intel FPGA Edition-64 vlog 2025.1 Compiler 2025.01 Jan 18 2025
# Start time: 16:50:09 on Aug 11,2026
# vlog "+incdir+mpsim/sim" "+define+COSIM_LIB" -suppress 2388 -suppress 14408 -suppress 7061 ip/kernel_system/kernel_system_kernel_cra/altera_avalon_mm_bridge_2010/sim/altera_avalon_sc_fifo.v -work altera_avalon_mm_bridge_2010 
# -- Compiling module altera_avalon_sc_fifo
# 
# Top level modules:
# 	altera_avalon_sc_fifo
# End time: 16:50:10 on Aug 11,2026, Elapsed time: 0:00:01
# Errors: 0, Warnings: 0
# Questa Intel FPGA Edition-64 vlog 2025.1 Compiler 2025.01 Jan 18 2025
# Start time: 16:50:10 on Aug 11,2026
# vlog "+incdir+mpsim/sim" "+define+COSIM_LIB" -suppress 2388 -suppress 14408 -suppress 7061 ip/kernel_system/kernel_system_kernel_cra/sim/kernel_system_kernel_cra.v -work kernel_system_kernel_cra 
# -- Compiling module kernel_system_kernel_cra
# 
# Top level modules:
# 	kernel_system_kernel_cra
# End time: 16:50:10 on Aug 11,2026, Elapsed time: 0:00:00
# Errors: 0, Warnings: 0
# Questa Intel FPGA Edition-64 vlog 2025.1 Compiler 2025.01 Jan 18 2025
# Start time: 16:50:10 on Aug 11,2026
# vlog "+incdir+mpsim/sim" "+define+COSIM_LIB" -suppress 2388 -suppress 14408 -suppress 7061 ip/kernel_system/kernel_system_reset/sim/kernel_system_reset.v -work kernel_system_reset 
# -- Compiling module kernel_system_reset
# 
# Top level modules:
# 	kernel_system_reset
# End time: 16:50:10 on Aug 11,2026, Elapsed time: 0:00:00
# Errors: 0, Warnings: 0
# Questa Intel FPGA Edition-64 vlog 2025.1 Compiler 2025.01 Jan 18 2025
# Start time: 16:50:10 on Aug 11,2026
# vlog -sv "+incdir+mpsim/sim" "+define+COSIM_LIB" -suppress 2388 -suppress 14408 -suppress 7061 ip/kernel_system/kernel_system_fpgaclue_alpaka_sys/fpgaclue_alpaka_sys_140/sim/acl_reset_handler.sv -work fpgaclue_alpaka_sys_140 
# -- Compiling module acl_reset_handler
# 
# Top level modules:
# 	acl_reset_handler
# End time: 16:50:10 on Aug 11,2026, Elapsed time: 0:00:00
# Errors: 0, Warnings: 0
# Questa Intel FPGA Edition-64 vlog 2025.1 Compiler 2025.01 Jan 18 2025
# Start time: 16:50:10 on Aug 11,2026
# vlog -sv "+incdir+mpsim/sim" "+define+COSIM_LIB" -suppress 2388 -suppress 14408 -suppress 7061 ip/kernel_system/kernel_system_fpgaclue_alpaka_sys/fpgaclue_alpaka_sys_140/sim/fpgaclue_alpaka_di.sv -work fpgaclue_alpaka_sys_140 
# -- Compiling module fpgaclue_alpaka_di
# -- Compiling module const_lambda_3_std_ic_partition_wrapper
# -- Compiling module const_lambda_4_std_ic_partition_wrapper
# -- Compiling module const_lambda_1_std_ic_partition_wrapper
# -- Compiling module const_lambda_std_ic_partition_wrapper
# -- Compiling module const_lambda_2_std_ic_partition_wrapper
# -- Compiling module const_lambda_3_top_wrapper_0
# ** Warning: ip/kernel_system/kernel_system_fpgaclue_alpaka_sys/fpgaclue_alpaka_sys_140/sim/fpgaclue_alpaka_di.sv(3115): (vlog-13314) Defaulting port 'global_offset' kind to 'var' rather than 'wire' due to default compile option setting of -svinputport=relaxed.
# ** Warning: ip/kernel_system/kernel_system_fpgaclue_alpaka_sys/fpgaclue_alpaka_sys_140/sim/fpgaclue_alpaka_di.sv(3119): (vlog-13314) Defaulting port 'global_id' kind to 'var' rather than 'wire' due to default compile option setting of -svinputport=relaxed.
# ** Warning: ip/kernel_system/kernel_system_fpgaclue_alpaka_sys/fpgaclue_alpaka_sys_140/sim/fpgaclue_alpaka_di.sv(3120): (vlog-13314) Defaulting port 'local_id' kind to 'var' rather than 'wire' due to default compile option setting of -svinputport=relaxed.
# ** Warning: ip/kernel_system/kernel_system_fpgaclue_alpaka_sys/fpgaclue_alpaka_sys_140/sim/fpgaclue_alpaka_di.sv(3121): (vlog-13314) Defaulting port 'group_id' kind to 'var' rather than 'wire' due to default compile option setting of -svinputport=relaxed.
# ** Warning: ip/kernel_system/kernel_system_fpgaclue_alpaka_sys/fpgaclue_alpaka_sys_140/sim/fpgaclue_alpaka_di.sv(3122): (vlog-13314) Defaulting port 'global_size' kind to 'var' rather than 'wire' due to default compile option setting of -svinputport=relaxed.
# ** Warning: ip/kernel_system/kernel_system_fpgaclue_alpaka_sys/fpgaclue_alpaka_sys_140/sim/fpgaclue_alpaka_di.sv(3123): (vlog-13314) Defaulting port 'local_size' kind to 'var' rather than 'wire' due to default compile option setting of -svinputport=relaxed.
# ** Warning: ip/kernel_system/kernel_system_fpgaclue_alpaka_sys/fpgaclue_alpaka_sys_140/sim/fpgaclue_alpaka_di.sv(3124): (vlog-13314) Defaulting port 'num_groups' kind to 'var' rather than 'wire' due to default compile option setting of -svinputport=relaxed.
# -- Compiling module const_lambda_4_top_wrapper_0
# ** Warning: ip/kernel_system/kernel_system_fpgaclue_alpaka_sys/fpgaclue_alpaka_sys_140/sim/fpgaclue_alpaka_di.sv(3371): (vlog-13314) Defaulting port 'global_offset' kind to 'var' rather than 'wire' due to default compile option setting of -svinputport=relaxed.
# ** Warning: ip/kernel_system/kernel_system_fpgaclue_alpaka_sys/fpgaclue_alpaka_sys_140/sim/fpgaclue_alpaka_di.sv(3375): (vlog-13314) Defaulting port 'global_id' kind to 'var' rather than 'wire' due to default compile option setting of -svinputport=relaxed.
# ** Warning: ip/kernel_system/kernel_system_fpgaclue_alpaka_sys/fpgaclue_alpaka_sys_140/sim/fpgaclue_alpaka_di.sv(3376): (vlog-13314) Defaulting port 'local_id' kind to 'var' rather than 'wire' due to default compile option setting of -svinputport=relaxed.
# ** Warning: ip/kernel_system/kernel_system_fpgaclue_alpaka_sys/fpgaclue_alpaka_sys_140/sim/fpgaclue_alpaka_di.sv(3377): (vlog-13314) Defaulting port 'group_id' kind to 'var' rather than 'wire' due to default compile option setting of -svinputport=relaxed.
# ** Warning: ip/kernel_system/kernel_system_fpgaclue_alpaka_sys/fpgaclue_alpaka_sys_140/sim/fpgaclue_alpaka_di.sv(3378): (vlog-13314) Defaulting port 'global_size' kind to 'var' rather than 'wire' due to default compile option setting of -svinputport=relaxed.
# ** Warning: ip/kernel_system/kernel_system_fpgaclue_alpaka_sys/fpgaclue_alpaka_sys_140/sim/fpgaclue_alpaka_di.sv(3379): (vlog-13314) Defaulting port 'local_size' kind to 'var' rather than 'wire' due to default compile option setting of -svinputport=relaxed.
# ** Warning: ip/kernel_system/kernel_system_fpgaclue_alpaka_sys/fpgaclue_alpaka_sys_140/sim/fpgaclue_alpaka_di.sv(3380): (vlog-13314) Defaulting port 'num_groups' kind to 'var' rather than 'wire' due to default compile option setting of -svinputport=relaxed.
# -- Compiling module const_lambda_1_top_wrapper_0
# ** Warning: ip/kernel_system/kernel_system_fpgaclue_alpaka_sys/fpgaclue_alpaka_sys_140/sim/fpgaclue_alpaka_di.sv(3651): (vlog-13314) Defaulting port 'global_offset' kind to 'var' rather than 'wire' due to default compile option setting of -svinputport=relaxed.
# ** Warning: ip/kernel_system/kernel_system_fpgaclue_alpaka_sys/fpgaclue_alpaka_sys_140/sim/fpgaclue_alpaka_di.sv(3655): (vlog-13314) Defaulting port 'global_id' kind to 'var' rather than 'wire' due to default compile option setting of -svinputport=relaxed.
# ** Warning: ip/kernel_system/kernel_system_fpgaclue_alpaka_sys/fpgaclue_alpaka_sys_140/sim/fpgaclue_alpaka_di.sv(3656): (vlog-13314) Defaulting port 'local_id' kind to 'var' rather than 'wire' due to default compile option setting of -svinputport=relaxed.
# ** Warning: ip/kernel_system/kernel_system_fpgaclue_alpaka_sys/fpgaclue_alpaka_sys_140/sim/fpgaclue_alpaka_di.sv(3657): (vlog-13314) Defaulting port 'group_id' kind to 'var' rather than 'wire' due to default compile option setting of -svinputport=relaxed.
# ** Warning: ip/kernel_system/kernel_system_fpgaclue_alpaka_sys/fpgaclue_alpaka_sys_140/sim/fpgaclue_alpaka_di.sv(3658): (vlog-13314) Defaulting port 'global_size' kind to 'var' rather than 'wire' due to default compile option setting of -svinputport=relaxed.
# ** Warning: ip/kernel_system/kernel_system_fpgaclue_alpaka_sys/fpgaclue_alpaka_sys_140/sim/fpgaclue_alpaka_di.sv(3659): (vlog-13314) Defaulting port 'local_size' kind to 'var' rather than 'wire' due to default compile option setting of -svinputport=relaxed.
# ** Warning: ip/kernel_system/kernel_system_fpgaclue_alpaka_sys/fpgaclue_alpaka_sys_140/sim/fpgaclue_alpaka_di.sv(3660): (vlog-13314) Defaulting port 'num_groups' kind to 'var' rather than 'wire' due to default compile option setting of -svinputport=relaxed.
# -- Compiling module const_lambda_top_wrapper_0
# ** Warning: ip/kernel_system/kernel_system_fpgaclue_alpaka_sys/fpgaclue_alpaka_sys_140/sim/fpgaclue_alpaka_di.sv(3931): (vlog-13314) Defaulting port 'global_offset' kind to 'var' rather than 'wire' due to default compile option setting of -svinputport=relaxed.
# ** Warning: ip/kernel_system/kernel_system_fpgaclue_alpaka_sys/fpgaclue_alpaka_sys_140/sim/fpgaclue_alpaka_di.sv(3935): (vlog-13314) Defaulting port 'global_id' kind to 'var' rather than 'wire' due to default compile option setting of -svinputport=relaxed.
# ** Warning: ip/kernel_system/kernel_system_fpgaclue_alpaka_sys/fpgaclue_alpaka_sys_140/sim/fpgaclue_alpaka_di.sv(3936): (vlog-13314) Defaulting port 'local_id' kind to 'var' rather than 'wire' due to default compile option setting of -svinputport=relaxed.
# ** Warning: ip/kernel_system/kernel_system_fpgaclue_alpaka_sys/fpgaclue_alpaka_sys_140/sim/fpgaclue_alpaka_di.sv(3937): (vlog-13314) Defaulting port 'group_id' kind to 'var' rather than 'wire' due to default compile option setting of -svinputport=relaxed.
# ** Warning: ip/kernel_system/kernel_system_fpgaclue_alpaka_sys/fpgaclue_alpaka_sys_140/sim/fpgaclue_alpaka_di.sv(3938): (vlog-13314) Defaulting port 'global_size' kind to 'var' rather than 'wire' due to default compile option setting of -svinputport=relaxed.
# ** Warning: ip/kernel_system/kernel_system_fpgaclue_alpaka_sys/fpgaclue_alpaka_sys_140/sim/fpgaclue_alpaka_di.sv(3939): (vlog-13314) Defaulting port 'local_size' kind to 'var' rather than 'wire' due to default compile option setting of -svinputport=relaxed.
# ** Warning: ip/kernel_system/kernel_system_fpgaclue_alpaka_sys/fpgaclue_alpaka_sys_140/sim/fpgaclue_alpaka_di.sv(3940): (vlog-13314) Defaulting port 'num_groups' kind to 'var' rather than 'wire' due to default compile option setting of -svinputport=relaxed.
# -- Compiling module const_lambda_2_top_wrapper_0
# ** Warning: ip/kernel_system/kernel_system_fpgaclue_alpaka_sys/fpgaclue_alpaka_sys_140/sim/fpgaclue_alpaka_di.sv(4115): (vlog-13314) Defaulting port 'global_offset' kind to 'var' rather than 'wire' due to default compile option setting of -svinputport=relaxed.
# ** Warning: ip/kernel_system/kernel_system_fpgaclue_alpaka_sys/fpgaclue_alpaka_sys_140/sim/fpgaclue_alpaka_di.sv(4119): (vlog-13314) Defaulting port 'global_id' kind to 'var' rather than 'wire' due to default compile option setting of -svinputport=relaxed.
# ** Warning: ip/kernel_system/kernel_system_fpgaclue_alpaka_sys/fpgaclue_alpaka_sys_140/sim/fpgaclue_alpaka_di.sv(4120): (vlog-13314) Defaulting port 'local_id' kind to 'var' rather than 'wire' due to default compile option setting of -svinputport=relaxed.
# ** Warning: ip/kernel_system/kernel_system_fpgaclue_alpaka_sys/fpgaclue_alpaka_sys_140/sim/fpgaclue_alpaka_di.sv(4121): (vlog-13314) Defaulting port 'group_id' kind to 'var' rather than 'wire' due to default compile option setting of -svinputport=relaxed.
# ** Warning: ip/kernel_system/kernel_system_fpgaclue_alpaka_sys/fpgaclue_alpaka_sys_140/sim/fpgaclue_alpaka_di.sv(4122): (vlog-13314) Defaulting port 'global_size' kind to 'var' rather than 'wire' due to default compile option setting of -svinputport=relaxed.
# ** Warning: ip/kernel_system/kernel_system_fpgaclue_alpaka_sys/fpgaclue_alpaka_sys_140/sim/fpgaclue_alpaka_di.sv(4123): (vlog-13314) Defaulting port 'local_size' kind to 'var' rather than 'wire' due to default compile option setting of -svinputport=relaxed.
# ** Warning: ip/kernel_system/kernel_system_fpgaclue_alpaka_sys/fpgaclue_alpaka_sys_140/sim/fpgaclue_alpaka_di.sv(4124): (vlog-13314) Defaulting port 'num_groups' kind to 'var' rather than 'wire' due to default compile option setting of -svinputport=relaxed.
# -- Compiling module cra_ring_wrapper
# 
# Top level modules:
# 	fpgaclue_alpaka_di
# End time: 16:50:10 on Aug 11,2026, Elapsed time: 0:00:00
# Errors: 0, Warnings: 35
# Questa Intel FPGA Edition-64 vlog 2025.1 Compiler 2025.01 Jan 18 2025
# Start time: 16:50:10 on Aug 11,2026
# vlog -sv "+incdir+mpsim/sim" "+define+COSIM_LIB" -suppress 2388 -suppress 14408 -suppress 7061 ip/kernel_system/kernel_system_fpgaclue_alpaka_sys/fpgaclue_alpaka_sys_140/sim/fpgaclue_alpaka_sys.sv -work fpgaclue_alpaka_sys_140 
# -- Compiling module fpgaclue_alpaka_sys
# 
# Top level modules:
# 	fpgaclue_alpaka_sys
# End time: 16:50:10 on Aug 11,2026, Elapsed time: 0:00:00
# Errors: 0, Warnings: 0
# Questa Intel FPGA Edition-64 vlog 2025.1 Compiler 2025.01 Jan 18 2025
# Start time: 16:50:10 on Aug 11,2026
# vlog -sv "+incdir+mpsim/sim" "+define+COSIM_LIB" -suppress 2388 -suppress 14408 -suppress 7061 ip/kernel_system/kernel_system_fpgaclue_alpaka_sys/fpgaclue_alpaka_sys_140/sim/acl_work_group_dispatcher.sv -work fpgaclue_alpaka_sys_140 
# -- Compiling module acl_work_group_dispatcher
# 
# Top level modules:
# 	acl_work_group_dispatcher
# End time: 16:50:10 on Aug 11,2026, Elapsed time: 0:00:00
# Errors: 0, Warnings: 0
# Questa Intel FPGA Edition-64 vlog 2025.1 Compiler 2025.01 Jan 18 2025
# Start time: 16:50:10 on Aug 11,2026
# vlog -sv "+incdir+mpsim/sim" "+define+COSIM_LIB" -suppress 2388 -suppress 14408 -suppress 7061 ip/kernel_system/kernel_system_fpgaclue_alpaka_sys/fpgaclue_alpaka_sys_140/sim/acl_kernel_finish_detector.sv -work fpgaclue_alpaka_sys_140 
# -- Compiling module acl_kernel_finish_detector
# 
# Top level modules:
# 	acl_kernel_finish_detector
# End time: 16:50:10 on Aug 11,2026, Elapsed time: 0:00:00
# Errors: 0, Warnings: 0
# Questa Intel FPGA Edition-64 vlog 2025.1 Compiler 2025.01 Jan 18 2025
# Start time: 16:50:10 on Aug 11,2026
# vlog -sv "+incdir+mpsim/sim" "+define+COSIM_LIB" -suppress 2388 -suppress 14408 -suppress 7061 ip/kernel_system/kernel_system_fpgaclue_alpaka_sys/fpgaclue_alpaka_sys_140/sim/acl_multistage_accumulator.sv -work fpgaclue_alpaka_sys_140 
# -- Compiling module acl_multistage_accumulator
# 
# Top level modules:
# 	acl_multistage_accumulator
# End time: 16:50:10 on Aug 11,2026, Elapsed time: 0:00:00
# Errors: 0, Warnings: 0
# Questa Intel FPGA Edition-64 vlog 2025.1 Compiler 2025.01 Jan 18 2025
# Start time: 16:50:10 on Aug 11,2026
# vlog -sv "+incdir+mpsim/sim" "+define+COSIM_LIB" -suppress 2388 -suppress 14408 -suppress 7061 ip/kernel_system/kernel_system_fpgaclue_alpaka_sys/fpgaclue_alpaka_sys_140/sim/acl_std_synchronizer_nocut.sv -work fpgaclue_alpaka_sys_140 
# -- Compiling module acl_std_synchronizer_nocut
# 
# Top level modules:
# 	acl_std_synchronizer_nocut
# End time: 16:50:10 on Aug 11,2026, Elapsed time: 0:00:00
# Errors: 0, Warnings: 0
# Questa Intel FPGA Edition-64 vlog 2025.1 Compiler 2025.01 Jan 18 2025
# Start time: 16:50:10 on Aug 11,2026
# vlog -sv "+incdir+mpsim/sim" "+define+COSIM_LIB" -suppress 2388 -suppress 14408 -suppress 7061 ip/kernel_system/kernel_system_fpgaclue_alpaka_sys/fpgaclue_alpaka_sys_140/sim/acl_fanout_pipeline.sv -work fpgaclue_alpaka_sys_140 
# -- Compiling module acl_fanout_pipeline
# 
# Top level modules:
# 	acl_fanout_pipeline
# End time: 16:50:10 on Aug 11,2026, Elapsed time: 0:00:00
# Errors: 0, Warnings: 0
# Questa Intel FPGA Edition-64 vlog 2025.1 Compiler 2025.01 Jan 18 2025
# Start time: 16:50:10 on Aug 11,2026
# vlog -sv "+incdir+mpsim/sim" "+define+COSIM_LIB" -suppress 2388 -suppress 14408 -suppress 7061 ip/kernel_system/kernel_system_fpgaclue_alpaka_sys/fpgaclue_alpaka_sys_140/sim/acl_ecc_pkg.sv -work fpgaclue_alpaka_sys_140 
# -- Compiling package acl_ecc_pkg
# 
# Top level modules:
# 	--none--
# End time: 16:50:10 on Aug 11,2026, Elapsed time: 0:00:00
# Errors: 0, Warnings: 0
# Questa Intel FPGA Edition-64 vlog 2025.1 Compiler 2025.01 Jan 18 2025
# Start time: 16:50:10 on Aug 11,2026
# vlog -sv "+incdir+mpsim/sim" "+define+COSIM_LIB" -suppress 2388 -suppress 14408 -suppress 7061 ip/kernel_system/kernel_system_fpgaclue_alpaka_sys/fpgaclue_alpaka_sys_140/sim/acl_id_iterator.sv -work fpgaclue_alpaka_sys_140 
# -- Compiling module acl_id_iterator
# 
# Top level modules:
# 	acl_id_iterator
# End time: 16:50:10 on Aug 11,2026, Elapsed time: 0:00:00
# Errors: 0, Warnings: 0
# Questa Intel FPGA Edition-64 vlog 2025.1 Compiler 2025.01 Jan 18 2025
# Start time: 16:50:10 on Aug 11,2026
# vlog -sv "+incdir+mpsim/sim" "+define+COSIM_LIB" -suppress 2388 -suppress 14408 -suppress 7061 ip/kernel_system/kernel_system_fpgaclue_alpaka_sys/fpgaclue_alpaka_sys_140/sim/acl_work_item_iterator.sv -work fpgaclue_alpaka_sys_140 
# -- Compiling module acl_work_item_iterator
# 
# Top level modules:
# 	acl_work_item_iterator
# End time: 16:50:10 on Aug 11,2026, Elapsed time: 0:00:00
# Errors: 0, Warnings: 0
# Questa Intel FPGA Edition-64 vlog 2025.1 Compiler 2025.01 Jan 18 2025
# Start time: 16:50:10 on Aug 11,2026
# vlog -sv "+incdir+mpsim/sim" "+define+COSIM_LIB" -suppress 2388 -suppress 14408 -suppress 7061 ip/kernel_system/kernel_system_fpgaclue_alpaka_sys/fpgaclue_alpaka_sys_140/sim/acl_multistage_adder.sv -work fpgaclue_alpaka_sys_140 
# -- Compiling module acl_multistage_adder
# 
# Top level modules:
# 	acl_multistage_adder
# End time: 16:50:10 on Aug 11,2026, Elapsed time: 0:00:00
# Errors: 0, Warnings: 0
# Questa Intel FPGA Edition-64 vlog 2025.1 Compiler 2025.01 Jan 18 2025
# Start time: 16:50:10 on Aug 11,2026
# vlog -sv "+incdir+mpsim/sim" "+define+COSIM_LIB" -suppress 2388 -suppress 14408 -suppress 7061 ip/kernel_system/kernel_system_fpgaclue_alpaka_sys/fpgaclue_alpaka_sys_140/sim/acl_shift_register.sv -work fpgaclue_alpaka_sys_140 
# -- Compiling module acl_shift_register
# 
# Top level modules:
# 	acl_shift_register
# End time: 16:50:10 on Aug 11,2026, Elapsed time: 0:00:00
# Errors: 0, Warnings: 0
# Questa Intel FPGA Edition-64 vlog 2025.1 Compiler 2025.01 Jan 18 2025
# Start time: 16:50:11 on Aug 11,2026
# vlog -sv "+incdir+mpsim/sim" "+define+COSIM_LIB" -suppress 2388 -suppress 14408 -suppress 7061 ip/kernel_system/kernel_system_fpgaclue_alpaka_sys/fpgaclue_alpaka_sys_140/sim/acl_fifo.sv -work fpgaclue_alpaka_sys_140 
# -- Compiling module acl_fifo
# 
# Top level modules:
# 	acl_fifo
# End time: 16:50:11 on Aug 11,2026, Elapsed time: 0:00:00
# Errors: 0, Warnings: 0
# Questa Intel FPGA Edition-64 vlog 2025.1 Compiler 2025.01 Jan 18 2025
# Start time: 16:50:11 on Aug 11,2026
# vlog -sv "+incdir+mpsim/sim" "+define+COSIM_LIB" -suppress 2388 -suppress 14408 -suppress 7061 ip/kernel_system/kernel_system_fpgaclue_alpaka_sys/fpgaclue_alpaka_sys_140/sim/acl_fifo_stall_valid_lookahead.sv -work fpgaclue_alpaka_sys_140 
# -- Compiling module acl_fifo_stall_valid_lookahead
# 
# Top level modules:
# 	acl_fifo_stall_valid_lookahead
# End time: 16:50:11 on Aug 11,2026, Elapsed time: 0:00:00
# Errors: 0, Warnings: 0
# Questa Intel FPGA Edition-64 vlog 2025.1 Compiler 2025.01 Jan 18 2025
# Start time: 16:50:11 on Aug 11,2026
# vlog -sv "+incdir+mpsim/sim" "+define+COSIM_LIB" -suppress 2388 -suppress 14408 -suppress 7061 ip/kernel_system/kernel_system_fpgaclue_alpaka_sys/fpgaclue_alpaka_sys_140/sim/acl_scfifo_wrapped.sv -work fpgaclue_alpaka_sys_140 
# -- Compiling module acl_scfifo_wrapped
# -- Importing package acl_ecc_pkg
# 
# Top level modules:
# 	acl_scfifo_wrapped
# End time: 16:50:11 on Aug 11,2026, Elapsed time: 0:00:00
# Errors: 0, Warnings: 0
# Questa Intel FPGA Edition-64 vlog 2025.1 Compiler 2025.01 Jan 18 2025
# Start time: 16:50:11 on Aug 11,2026
# vlog -sv "+incdir+mpsim/sim" "+define+COSIM_LIB" -suppress 2388 -suppress 14408 -suppress 7061 ip/kernel_system/kernel_system_fpgaclue_alpaka_sys/fpgaclue_alpaka_sys_140/sim/acl_ecc_encoder.sv -work fpgaclue_alpaka_sys_140 
# -- Compiling module acl_ecc_encoder
# -- Importing package acl_ecc_pkg
# -- Compiling module secded_encoder
# 
# Top level modules:
# 	acl_ecc_encoder
# End time: 16:50:11 on Aug 11,2026, Elapsed time: 0:00:00
# Errors: 0, Warnings: 0
# Questa Intel FPGA Edition-64 vlog 2025.1 Compiler 2025.01 Jan 18 2025
# Start time: 16:50:11 on Aug 11,2026
# vlog -sv "+incdir+mpsim/sim" "+define+COSIM_LIB" -suppress 2388 -suppress 14408 -suppress 7061 ip/kernel_system/kernel_system_fpgaclue_alpaka_sys/fpgaclue_alpaka_sys_140/sim/acl_ecc_decoder.sv -work fpgaclue_alpaka_sys_140 
# -- Compiling module acl_ecc_decoder
# -- Importing package acl_ecc_pkg
# -- Compiling module secded_decoder
# 
# Top level modules:
# 	acl_ecc_decoder
# End time: 16:50:11 on Aug 11,2026, Elapsed time: 0:00:00
# Errors: 0, Warnings: 0
# Questa Intel FPGA Edition-64 vlog 2025.1 Compiler 2025.01 Jan 18 2025
# Start time: 16:50:11 on Aug 11,2026
# vlog -sv "+incdir+mpsim/sim" "+define+COSIM_LIB" -suppress 2388 -suppress 14408 -suppress 7061 ip/kernel_system/kernel_system_fpgaclue_alpaka_sys/fpgaclue_alpaka_sys_140/sim/dspba_library_ver.sv -work fpgaclue_alpaka_sys_140 
# -- Compiling module dspba_delay_ver
# -- Compiling module dspba_sync_reg_ver
# -- Compiling module dspba_pipe
# -- Compiling module dspba_dcfifo_mixed_widths
# 
# Top level modules:
# 	dspba_delay_ver
# 	dspba_sync_reg_ver
# 	dspba_pipe
# 	dspba_dcfifo_mixed_widths
# End time: 16:50:11 on Aug 11,2026, Elapsed time: 0:00:00
# Errors: 0, Warnings: 0
# Questa Intel FPGA Edition-64 vlog 2025.1 Compiler 2025.01 Jan 18 2025
# Start time: 16:50:11 on Aug 11,2026
# vlog -sv "+incdir+mpsim/sim" "+define+COSIM_LIB" -suppress 2388 -suppress 14408 -suppress 7061 ip/kernel_system/kernel_system_fpgaclue_alpaka_sys/fpgaclue_alpaka_sys_140/sim/acl_data_fifo.sv -work fpgaclue_alpaka_sys_140 
# -- Compiling module acl_data_fifo
# 
# Top level modules:
# 	--none--
# End time: 16:50:11 on Aug 11,2026, Elapsed time: 0:00:00
# Errors: 0, Warnings: 0
# Questa Intel FPGA Edition-64 vlog 2025.1 Compiler 2025.01 Jan 18 2025
# Start time: 16:50:11 on Aug 11,2026
# vlog -sv "+incdir+mpsim/sim" "+define+COSIM_LIB" -suppress 2388 -suppress 14408 -suppress 7061 ip/kernel_system/kernel_system_fpgaclue_alpaka_sys/fpgaclue_alpaka_sys_140/sim/acl_altera_syncram_wrapped.sv -work fpgaclue_alpaka_sys_140 
# -- Compiling module acl_altera_syncram_wrapped
# -- Importing package acl_ecc_pkg
# 
# Top level modules:
# 	acl_altera_syncram_wrapped
# End time: 16:50:11 on Aug 11,2026, Elapsed time: 0:00:00
# Errors: 0, Warnings: 0
# Questa Intel FPGA Edition-64 vlog 2025.1 Compiler 2025.01 Jan 18 2025
# Start time: 16:50:11 on Aug 11,2026
# vlog -sv "+incdir+mpsim/sim" "+define+COSIM_LIB" -suppress 2388 -suppress 14408 -suppress 7061 ip/kernel_system/kernel_system_fpgaclue_alpaka_sys/fpgaclue_alpaka_sys_140/sim/acl_ll_fifo.sv -work fpgaclue_alpaka_sys_140 
# -- Compiling module acl_ll_fifo
# 
# Top level modules:
# 	acl_ll_fifo
# End time: 16:50:11 on Aug 11,2026, Elapsed time: 0:00:00
# Errors: 0, Warnings: 0
# Questa Intel FPGA Edition-64 vlog 2025.1 Compiler 2025.01 Jan 18 2025
# Start time: 16:50:11 on Aug 11,2026
# vlog -sv "+incdir+mpsim/sim" "+define+COSIM_LIB" -suppress 2388 -suppress 14408 -suppress 7061 ip/kernel_system/kernel_system_fpgaclue_alpaka_sys/fpgaclue_alpaka_sys_140/sim/acl_ll_ram_fifo.sv -work fpgaclue_alpaka_sys_140 
# -- Compiling module acl_ll_ram_fifo
# 
# Top level modules:
# 	acl_ll_ram_fifo
# End time: 16:50:11 on Aug 11,2026, Elapsed time: 0:00:00
# Errors: 0, Warnings: 0
# Questa Intel FPGA Edition-64 vlog 2025.1 Compiler 2025.01 Jan 18 2025
# Start time: 16:50:11 on Aug 11,2026
# vlog -sv "+incdir+mpsim/sim" "+define+COSIM_LIB" -suppress 2388 -suppress 14408 -suppress 7061 ip/kernel_system/kernel_system_fpgaclue_alpaka_sys/fpgaclue_alpaka_sys_140/sim/acl_valid_fifo_counter.sv -work fpgaclue_alpaka_sys_140 
# -- Compiling module acl_valid_fifo_counter
# 
# Top level modules:
# 	acl_valid_fifo_counter
# End time: 16:50:11 on Aug 11,2026, Elapsed time: 0:00:00
# Errors: 0, Warnings: 0
# Questa Intel FPGA Edition-64 vlog 2025.1 Compiler 2025.01 Jan 18 2025
# Start time: 16:50:11 on Aug 11,2026
# vlog -sv "+incdir+mpsim/sim" "+define+COSIM_LIB" -suppress 2388 -suppress 14408 -suppress 7061 ip/kernel_system/kernel_system_fpgaclue_alpaka_sys/fpgaclue_alpaka_sys_140/sim/acl_dspba_valid_fifo_counter.sv -work fpgaclue_alpaka_sys_140 
# -- Compiling module acl_dspba_valid_fifo_counter
# 
# Top level modules:
# 	acl_dspba_valid_fifo_counter
# End time: 16:50:11 on Aug 11,2026, Elapsed time: 0:00:00
# Errors: 0, Warnings: 0
# Questa Intel FPGA Edition-64 vlog 2025.1 Compiler 2025.01 Jan 18 2025
# Start time: 16:50:11 on Aug 11,2026
# vlog -sv "+incdir+mpsim/sim" "+define+COSIM_LIB" -suppress 2388 -suppress 14408 -suppress 7061 ip/kernel_system/kernel_system_fpgaclue_alpaka_sys/fpgaclue_alpaka_sys_140/sim/acl_staging_reg.sv -work fpgaclue_alpaka_sys_140 
# -- Compiling module acl_staging_reg
# 
# Top level modules:
# 	acl_staging_reg
# End time: 16:50:11 on Aug 11,2026, Elapsed time: 0:00:00
# Errors: 0, Warnings: 0
# Questa Intel FPGA Edition-64 vlog 2025.1 Compiler 2025.01 Jan 18 2025
# Start time: 16:50:11 on Aug 11,2026
# vlog -sv "+incdir+mpsim/sim" "+define+COSIM_LIB" -suppress 2388 -suppress 14408 -suppress 7061 ip/kernel_system/kernel_system_fpgaclue_alpaka_sys/fpgaclue_alpaka_sys_140/sim/hld_fifo.sv -work fpgaclue_alpaka_sys_140 
# -- Compiling module hld_fifo
# 
# Top level modules:
# 	--none--
# End time: 16:50:11 on Aug 11,2026, Elapsed time: 0:00:00
# Errors: 0, Warnings: 0
# Questa Intel FPGA Edition-64 vlog 2025.1 Compiler 2025.01 Jan 18 2025
# Start time: 16:50:11 on Aug 11,2026
# vlog -sv "+incdir+mpsim/sim" "+define+COSIM_LIB" -suppress 2388 -suppress 14408 -suppress 7061 ip/kernel_system/kernel_system_fpgaclue_alpaka_sys/fpgaclue_alpaka_sys_140/sim/acl_mid_speed_fifo.sv -work fpgaclue_alpaka_sys_140 
# -- Compiling module acl_mid_speed_fifo
# 
# Top level modules:
# 	acl_mid_speed_fifo
# End time: 16:50:11 on Aug 11,2026, Elapsed time: 0:00:00
# Errors: 0, Warnings: 0
# Questa Intel FPGA Edition-64 vlog 2025.1 Compiler 2025.01 Jan 18 2025
# Start time: 16:50:11 on Aug 11,2026
# vlog -sv "+incdir+mpsim/sim" "+define+COSIM_LIB" -suppress 2388 -suppress 14408 -suppress 7061 ip/kernel_system/kernel_system_fpgaclue_alpaka_sys/fpgaclue_alpaka_sys_140/sim/acl_latency_one_ram_fifo.sv -work fpgaclue_alpaka_sys_140 
# -- Compiling module acl_latency_one_ram_fifo
# 
# Top level modules:
# 	acl_latency_one_ram_fifo
# End time: 16:50:12 on Aug 11,2026, Elapsed time: 0:00:01
# Errors: 0, Warnings: 0
# Questa Intel FPGA Edition-64 vlog 2025.1 Compiler 2025.01 Jan 18 2025
# Start time: 16:50:12 on Aug 11,2026
# vlog -sv "+incdir+mpsim/sim" "+define+COSIM_LIB" -suppress 2388 -suppress 14408 -suppress 7061 ip/kernel_system/kernel_system_fpgaclue_alpaka_sys/fpgaclue_alpaka_sys_140/sim/acl_latency_zero_ram_fifo.sv -work fpgaclue_alpaka_sys_140 
# -- Compiling module acl_latency_zero_ram_fifo
# 
# Top level modules:
# 	acl_latency_zero_ram_fifo
# End time: 16:50:12 on Aug 11,2026, Elapsed time: 0:00:00
# Errors: 0, Warnings: 0
# Questa Intel FPGA Edition-64 vlog 2025.1 Compiler 2025.01 Jan 18 2025
# Start time: 16:50:12 on Aug 11,2026
# vlog -sv "+incdir+mpsim/sim" "+define+COSIM_LIB" -suppress 2388 -suppress 14408 -suppress 7061 ip/kernel_system/kernel_system_fpgaclue_alpaka_sys/fpgaclue_alpaka_sys_140/sim/hld_fifo_zero_width.sv -work fpgaclue_alpaka_sys_140 
# -- Compiling module hld_fifo_zero_width
# 
# Top level modules:
# 	hld_fifo_zero_width
# End time: 16:50:12 on Aug 11,2026, Elapsed time: 0:00:00
# Errors: 0, Warnings: 0
# Questa Intel FPGA Edition-64 vlog 2025.1 Compiler 2025.01 Jan 18 2025
# Start time: 16:50:12 on Aug 11,2026
# vlog -sv "+incdir+mpsim/sim" "+define+COSIM_LIB" -suppress 2388 -suppress 14408 -suppress 7061 ip/kernel_system/kernel_system_fpgaclue_alpaka_sys/fpgaclue_alpaka_sys_140/sim/acl_high_speed_fifo.sv -work fpgaclue_alpaka_sys_140 
# -- Compiling module acl_high_speed_fifo
# -- Compiling module scfifo_to_acl_high_speed_fifo
# 
# Top level modules:
# 	scfifo_to_acl_high_speed_fifo
# End time: 16:50:12 on Aug 11,2026, Elapsed time: 0:00:00
# Errors: 0, Warnings: 0
# Questa Intel FPGA Edition-64 vlog 2025.1 Compiler 2025.01 Jan 18 2025
# Start time: 16:50:12 on Aug 11,2026
# vlog -sv "+incdir+mpsim/sim" "+define+COSIM_LIB" -suppress 2388 -suppress 14408 -suppress 7061 ip/kernel_system/kernel_system_fpgaclue_alpaka_sys/fpgaclue_alpaka_sys_140/sim/acl_low_latency_fifo.sv -work fpgaclue_alpaka_sys_140 
# -- Compiling module acl_low_latency_fifo
# 
# Top level modules:
# 	acl_low_latency_fifo
# End time: 16:50:12 on Aug 11,2026, Elapsed time: 0:00:00
# Errors: 0, Warnings: 0
# Questa Intel FPGA Edition-64 vlog 2025.1 Compiler 2025.01 Jan 18 2025
# Start time: 16:50:12 on Aug 11,2026
# vlog -sv "+incdir+mpsim/sim" "+define+COSIM_LIB" -suppress 2388 -suppress 14408 -suppress 7061 ip/kernel_system/kernel_system_fpgaclue_alpaka_sys/fpgaclue_alpaka_sys_140/sim/acl_zero_latency_fifo.sv -work fpgaclue_alpaka_sys_140 
# -- Compiling module acl_zero_latency_fifo
# 
# Top level modules:
# 	acl_zero_latency_fifo
# End time: 16:50:12 on Aug 11,2026, Elapsed time: 0:00:00
# Errors: 0, Warnings: 0
# Questa Intel FPGA Edition-64 vlog 2025.1 Compiler 2025.01 Jan 18 2025
# Start time: 16:50:12 on Aug 11,2026
# vlog -sv "+incdir+mpsim/sim" "+define+COSIM_LIB" -suppress 2388 -suppress 14408 -suppress 7061 ip/kernel_system/kernel_system_fpgaclue_alpaka_sys/fpgaclue_alpaka_sys_140/sim/acl_tessellated_incr_decr_threshold.sv -work fpgaclue_alpaka_sys_140 
# -- Compiling module acl_tessellated_incr_decr_threshold
# 
# Top level modules:
# 	acl_tessellated_incr_decr_threshold
# End time: 16:50:12 on Aug 11,2026, Elapsed time: 0:00:00
# Errors: 0, Warnings: 0
# Questa Intel FPGA Edition-64 vlog 2025.1 Compiler 2025.01 Jan 18 2025
# Start time: 16:50:12 on Aug 11,2026
# vlog -sv "+incdir+mpsim/sim" "+define+COSIM_LIB" -suppress 2388 -suppress 14408 -suppress 7061 ip/kernel_system/kernel_system_fpgaclue_alpaka_sys/fpgaclue_alpaka_sys_140/sim/acl_tessellated_incr_lookahead.sv -work fpgaclue_alpaka_sys_140 
# -- Compiling module acl_tessellated_incr_lookahead
# 
# Top level modules:
# 	acl_tessellated_incr_lookahead
# End time: 16:50:12 on Aug 11,2026, Elapsed time: 0:00:00
# Errors: 0, Warnings: 0
# Questa Intel FPGA Edition-64 vlog 2025.1 Compiler 2025.01 Jan 18 2025
# Start time: 16:50:12 on Aug 11,2026
# vlog -sv "+incdir+mpsim/sim" "+define+COSIM_LIB" -suppress 2388 -suppress 14408 -suppress 7061 ip/kernel_system/kernel_system_fpgaclue_alpaka_sys/fpgaclue_alpaka_sys_140/sim/acl_lfsr.sv -work fpgaclue_alpaka_sys_140 
# -- Compiling module acl_lfsr
# -- Compiling module galois_lfsr
# -- Compiling module fibonacci_lfsr
# 
# Top level modules:
# 	acl_lfsr
# End time: 16:50:12 on Aug 11,2026, Elapsed time: 0:00:00
# Errors: 0, Warnings: 0
# Questa Intel FPGA Edition-64 vlog 2025.1 Compiler 2025.01 Jan 18 2025
# Start time: 16:50:12 on Aug 11,2026
# vlog -sv "+incdir+mpsim/sim" "+define+COSIM_LIB" -suppress 2388 -suppress 14408 -suppress 7061 ip/kernel_system/kernel_system_fpgaclue_alpaka_sys/fpgaclue_alpaka_sys_140/sim/acl_mlab_fifo.sv -work fpgaclue_alpaka_sys_140 
# -- Compiling module acl_mlab_fifo
# 
# Top level modules:
# 	acl_mlab_fifo
# End time: 16:50:12 on Aug 11,2026, Elapsed time: 0:00:00
# Errors: 0, Warnings: 0
# Questa Intel FPGA Edition-64 vlog 2025.1 Compiler 2025.01 Jan 18 2025
# Start time: 16:50:12 on Aug 11,2026
# vlog -sv "+incdir+mpsim/sim" "+define+COSIM_LIB" -suppress 2388 -suppress 14408 -suppress 7061 ip/kernel_system/kernel_system_fpgaclue_alpaka_sys/fpgaclue_alpaka_sys_140/sim/acl_parameter_assert.svh -work fpgaclue_alpaka_sys_140 
# End time: 16:50:12 on Aug 11,2026, Elapsed time: 0:00:00
# Errors: 0, Warnings: 0
# Questa Intel FPGA Edition-64 vlog 2025.1 Compiler 2025.01 Jan 18 2025
# Start time: 16:50:12 on Aug 11,2026
# vlog -sv "+incdir+mpsim/sim" "+define+COSIM_LIB" -suppress 2388 -suppress 14408 -suppress 7061 ip/kernel_system/kernel_system_fpgaclue_alpaka_sys/fpgaclue_alpaka_sys_140/sim/acl_dspba_buffer.sv -work fpgaclue_alpaka_sys_140 
# -- Compiling module acl_dspba_buffer
# 
# Top level modules:
# 	acl_dspba_buffer
# End time: 16:50:12 on Aug 11,2026, Elapsed time: 0:00:00
# Errors: 0, Warnings: 0
# Questa Intel FPGA Edition-64 vlog 2025.1 Compiler 2025.01 Jan 18 2025
# Start time: 16:50:12 on Aug 11,2026
# vlog -sv "+incdir+mpsim/sim" "+define+COSIM_LIB" -suppress 2388 -suppress 14408 -suppress 7061 ip/kernel_system/kernel_system_fpgaclue_alpaka_sys/fpgaclue_alpaka_sys_140/sim/acl_full_detector.sv -work fpgaclue_alpaka_sys_140 
# -- Compiling module acl_full_detector
# 
# Top level modules:
# 	acl_full_detector
# End time: 16:50:12 on Aug 11,2026, Elapsed time: 0:00:00
# Errors: 0, Warnings: 0
# Questa Intel FPGA Edition-64 vlog 2025.1 Compiler 2025.01 Jan 18 2025
# Start time: 16:50:12 on Aug 11,2026
# vlog -sv "+incdir+mpsim/sim" "+define+COSIM_LIB" -suppress 2388 -suppress 14408 -suppress 7061 ip/kernel_system/kernel_system_fpgaclue_alpaka_sys/fpgaclue_alpaka_sys_140/sim/acl_tessellated_incr_decr_decr.sv -work fpgaclue_alpaka_sys_140 
# -- Compiling module acl_tessellated_incr_decr_decr
# -- Compiling module acl_tessellated_incr_decr
# 
# Top level modules:
# 	acl_tessellated_incr_decr_decr
# End time: 16:50:12 on Aug 11,2026, Elapsed time: 0:00:00
# Errors: 0, Warnings: 0
# Questa Intel FPGA Edition-64 vlog 2025.1 Compiler 2025.01 Jan 18 2025
# Start time: 16:50:12 on Aug 11,2026
# vlog -sv "+incdir+mpsim/sim" "+define+COSIM_LIB" -suppress 2388 -suppress 14408 -suppress 7061 ip/kernel_system/kernel_system_fpgaclue_alpaka_sys/fpgaclue_alpaka_sys_140/sim/lsu_top.sv -work fpgaclue_alpaka_sys_140 
# -- Compiling module lsu_top
# 
# Top level modules:
# 	lsu_top
# End time: 16:50:12 on Aug 11,2026, Elapsed time: 0:00:00
# Errors: 0, Warnings: 0
# Questa Intel FPGA Edition-64 vlog 2025.1 Compiler 2025.01 Jan 18 2025
# Start time: 16:50:12 on Aug 11,2026
# vlog -sv "+incdir+mpsim/sim" "+define+COSIM_LIB" -suppress 2388 -suppress 14408 -suppress 7061 ip/kernel_system/kernel_system_fpgaclue_alpaka_sys/fpgaclue_alpaka_sys_140/sim/lsu_permute_address.sv -work fpgaclue_alpaka_sys_140 
# -- Compiling module lsu_permute_address
# 
# Top level modules:
# 	lsu_permute_address
# End time: 16:50:12 on Aug 11,2026, Elapsed time: 0:00:00
# Errors: 0, Warnings: 0
# Questa Intel FPGA Edition-64 vlog 2025.1 Compiler 2025.01 Jan 18 2025
# Start time: 16:50:12 on Aug 11,2026
# vlog -sv "+incdir+mpsim/sim" "+define+COSIM_LIB" -suppress 2388 -suppress 14408 -suppress 7061 ip/kernel_system/kernel_system_fpgaclue_alpaka_sys/fpgaclue_alpaka_sys_140/sim/lsu_pipelined.sv -work fpgaclue_alpaka_sys_140 
# -- Compiling module lsu_pipelined_read
# -- Compiling module lsu_pipelined_write
# 
# Top level modules:
# 	lsu_pipelined_read
# 	lsu_pipelined_write
# End time: 16:50:13 on Aug 11,2026, Elapsed time: 0:00:01
# Errors: 0, Warnings: 0
# Questa Intel FPGA Edition-64 vlog 2025.1 Compiler 2025.01 Jan 18 2025
# Start time: 16:50:13 on Aug 11,2026
# vlog -sv "+incdir+mpsim/sim" "+define+COSIM_LIB" -suppress 2388 -suppress 14408 -suppress 7061 ip/kernel_system/kernel_system_fpgaclue_alpaka_sys/fpgaclue_alpaka_sys_140/sim/lsu_enabled.sv -work fpgaclue_alpaka_sys_140 
# -- Compiling module lsu_enabled_read
# -- Compiling module lsu_enabled_write
# 
# Top level modules:
# 	lsu_enabled_read
# 	lsu_enabled_write
# End time: 16:50:13 on Aug 11,2026, Elapsed time: 0:00:00
# Errors: 0, Warnings: 0
# Questa Intel FPGA Edition-64 vlog 2025.1 Compiler 2025.01 Jan 18 2025
# Start time: 16:50:13 on Aug 11,2026
# vlog -sv "+incdir+mpsim/sim" "+define+COSIM_LIB" -suppress 2388 -suppress 14408 -suppress 7061 ip/kernel_system/kernel_system_fpgaclue_alpaka_sys/fpgaclue_alpaka_sys_140/sim/lsu_basic_coalescer.sv -work fpgaclue_alpaka_sys_140 
# -- Compiling module lsu_basic_coalesced_read
# -- Compiling module lsu_basic_coalesced_write
# -- Compiling module lookahead_fifo
# -- Compiling module basic_coalescer
# 
# Top level modules:
# 	lsu_basic_coalesced_read
# 	lsu_basic_coalesced_write
# End time: 16:50:13 on Aug 11,2026, Elapsed time: 0:00:00
# Errors: 0, Warnings: 0
# Questa Intel FPGA Edition-64 vlog 2025.1 Compiler 2025.01 Jan 18 2025
# Start time: 16:50:13 on Aug 11,2026
# vlog -sv "+incdir+mpsim/sim" "+define+COSIM_LIB" -suppress 2388 -suppress 14408 -suppress 7061 ip/kernel_system/kernel_system_fpgaclue_alpaka_sys/fpgaclue_alpaka_sys_140/sim/lsu_simple.sv -work fpgaclue_alpaka_sys_140 
# -- Compiling module lsu_simple_read
# -- Compiling module lsu_simple_write
# 
# Top level modules:
# 	lsu_simple_read
# 	lsu_simple_write
# End time: 16:50:13 on Aug 11,2026, Elapsed time: 0:00:00
# Errors: 0, Warnings: 0
# Questa Intel FPGA Edition-64 vlog 2025.1 Compiler 2025.01 Jan 18 2025
# Start time: 16:50:13 on Aug 11,2026
# vlog -sv "+incdir+mpsim/sim" "+define+COSIM_LIB" -suppress 2388 -suppress 14408 -suppress 7061 ip/kernel_system/kernel_system_fpgaclue_alpaka_sys/fpgaclue_alpaka_sys_140/sim/lsu_burst_host.sv -work fpgaclue_alpaka_sys_140 
# -- Compiling module lsu_burst_read_host
# 
# Top level modules:
# 	lsu_burst_read_host
# End time: 16:50:13 on Aug 11,2026, Elapsed time: 0:00:00
# Errors: 0, Warnings: 0
# Questa Intel FPGA Edition-64 vlog 2025.1 Compiler 2025.01 Jan 18 2025
# Start time: 16:50:13 on Aug 11,2026
# vlog -sv "+incdir+mpsim/sim" "+define+COSIM_LIB" -suppress 2388 -suppress 14408 -suppress 7061 ip/kernel_system/kernel_system_fpgaclue_alpaka_sys/fpgaclue_alpaka_sys_140/sim/lsu_bursting_load_stores.sv -work fpgaclue_alpaka_sys_140 
# -- Compiling module lsu_bursting_read
# -- Compiling module acl_io_pipeline
# -- Compiling module lsu_bursting_pipelined_read
# -- Compiling module acl_stall_free_coalescer
# -- Compiling module lsu_bursting_write
# -- Compiling module lsu_bursting_write_internal
# -- Compiling module bursting_coalescer
# 
# Top level modules:
# 	lsu_bursting_read
# 	lsu_bursting_write
# End time: 16:50:13 on Aug 11,2026, Elapsed time: 0:00:00
# Errors: 0, Warnings: 0
# Questa Intel FPGA Edition-64 vlog 2025.1 Compiler 2025.01 Jan 18 2025
# Start time: 16:50:13 on Aug 11,2026
# vlog -sv "+incdir+mpsim/sim" "+define+COSIM_LIB" -suppress 2388 -suppress 14408 -suppress 7061 ip/kernel_system/kernel_system_fpgaclue_alpaka_sys/fpgaclue_alpaka_sys_140/sim/lsu_non_aligned_write.sv -work fpgaclue_alpaka_sys_140 
# -- Compiling module lsu_non_aligned_write
# -- Compiling module lsu_non_aligned_write_internal
# 
# Top level modules:
# 	lsu_non_aligned_write
# End time: 16:50:13 on Aug 11,2026, Elapsed time: 0:00:00
# Errors: 0, Warnings: 0
# Questa Intel FPGA Edition-64 vlog 2025.1 Compiler 2025.01 Jan 18 2025
# Start time: 16:50:13 on Aug 11,2026
# vlog -sv "+incdir+mpsim/sim" "+define+COSIM_LIB" -suppress 2388 -suppress 14408 -suppress 7061 ip/kernel_system/kernel_system_fpgaclue_alpaka_sys/fpgaclue_alpaka_sys_140/sim/lsu_read_cache.sv -work fpgaclue_alpaka_sys_140 
# -- Compiling module lsu_read_cache
# 
# Top level modules:
# 	lsu_read_cache
# End time: 16:50:13 on Aug 11,2026, Elapsed time: 0:00:00
# Errors: 0, Warnings: 0
# Questa Intel FPGA Edition-64 vlog 2025.1 Compiler 2025.01 Jan 18 2025
# Start time: 16:50:13 on Aug 11,2026
# vlog -sv "+incdir+mpsim/sim" "+define+COSIM_LIB" -suppress 2388 -suppress 14408 -suppress 7061 ip/kernel_system/kernel_system_fpgaclue_alpaka_sys/fpgaclue_alpaka_sys_140/sim/lsu_atomic.sv -work fpgaclue_alpaka_sys_140 
# -- Compiling module lsu_atomic_pipelined
# 
# Top level modules:
# 	lsu_atomic_pipelined
# End time: 16:50:13 on Aug 11,2026, Elapsed time: 0:00:00
# Errors: 0, Warnings: 0
# Questa Intel FPGA Edition-64 vlog 2025.1 Compiler 2025.01 Jan 18 2025
# Start time: 16:50:13 on Aug 11,2026
# vlog -sv "+incdir+mpsim/sim" "+define+COSIM_LIB" -suppress 2388 -suppress 14408 -suppress 7061 ip/kernel_system/kernel_system_fpgaclue_alpaka_sys/fpgaclue_alpaka_sys_140/sim/lsu_prefetch_block.sv -work fpgaclue_alpaka_sys_140 
# -- Compiling module lsu_prefetch_block
# 
# Top level modules:
# 	lsu_prefetch_block
# End time: 16:50:13 on Aug 11,2026, Elapsed time: 0:00:00
# Errors: 0, Warnings: 0
# Questa Intel FPGA Edition-64 vlog 2025.1 Compiler 2025.01 Jan 18 2025
# Start time: 16:50:13 on Aug 11,2026
# vlog -sv "+incdir+mpsim/sim" "+define+COSIM_LIB" -suppress 2388 -suppress 14408 -suppress 7061 ip/kernel_system/kernel_system_fpgaclue_alpaka_sys/fpgaclue_alpaka_sys_140/sim/lsu_wide_wrapper.sv -work fpgaclue_alpaka_sys_140 
# -- Compiling module lsu_wide_wrapper
# 
# Top level modules:
# 	lsu_wide_wrapper
# End time: 16:50:13 on Aug 11,2026, Elapsed time: 0:00:00
# Errors: 0, Warnings: 0
# Questa Intel FPGA Edition-64 vlog 2025.1 Compiler 2025.01 Jan 18 2025
# Start time: 16:50:13 on Aug 11,2026
# vlog -sv "+incdir+mpsim/sim" "+define+COSIM_LIB" -suppress 2388 -suppress 14408 -suppress 7061 ip/kernel_system/kernel_system_fpgaclue_alpaka_sys/fpgaclue_alpaka_sys_140/sim/lsu_streaming_prefetch.sv -work fpgaclue_alpaka_sys_140 
# -- Compiling module lsu_streaming_prefetch_read
# -- Compiling module lsu_streaming_prefetch_fifo
# -- Compiling module lsu_streaming_prefetch_avalon_burst_host
# 
# Top level modules:
# 	lsu_streaming_prefetch_read
# End time: 16:50:13 on Aug 11,2026, Elapsed time: 0:00:00
# Errors: 0, Warnings: 0
# Questa Intel FPGA Edition-64 vlog 2025.1 Compiler 2025.01 Jan 18 2025
# Start time: 16:50:13 on Aug 11,2026
# vlog -sv "+incdir+mpsim/sim" "+define+COSIM_LIB" -suppress 2388 -suppress 14408 -suppress 7061 ip/kernel_system/kernel_system_fpgaclue_alpaka_sys/fpgaclue_alpaka_sys_140/sim/acl_aligned_burst_coalesced_lsu.sv -work fpgaclue_alpaka_sys_140 
# -- Compiling module acl_aligned_burst_coalesced_lsu
# -- Compiling module avalon_interface
# -- Compiling module valid_generator
# -- Compiling module acl_lsu_buffers
# -- Compiling module acl_burst_coalescer
# -- Compiling module acl_registered_comparison
# 
# Top level modules:
# 	acl_aligned_burst_coalesced_lsu
# End time: 16:50:13 on Aug 11,2026, Elapsed time: 0:00:00
# Errors: 0, Warnings: 0
# Questa Intel FPGA Edition-64 vlog 2025.1 Compiler 2025.01 Jan 18 2025
# Start time: 16:50:13 on Aug 11,2026
# vlog -sv "+incdir+mpsim/sim" "+define+COSIM_LIB" -suppress 2388 -suppress 14408 -suppress 7061 ip/kernel_system/kernel_system_fpgaclue_alpaka_sys/fpgaclue_alpaka_sys_140/sim/acl_toggle_detect.sv -work fpgaclue_alpaka_sys_140 
# -- Compiling module acl_toggle_detect
# 
# Top level modules:
# 	acl_toggle_detect
# End time: 16:50:13 on Aug 11,2026, Elapsed time: 0:00:00
# Errors: 0, Warnings: 0
# Questa Intel FPGA Edition-64 vlog 2025.1 Compiler 2025.01 Jan 18 2025
# Start time: 16:50:13 on Aug 11,2026
# vlog -sv "+incdir+mpsim/sim" "+define+COSIM_LIB" -suppress 2388 -suppress 14408 -suppress 7061 ip/kernel_system/kernel_system_fpgaclue_alpaka_sys/fpgaclue_alpaka_sys_140/sim/acl_debug_mem.sv -work fpgaclue_alpaka_sys_140 
# -- Compiling module acl_debug_mem
# ** Warning: ip/kernel_system/kernel_system_fpgaclue_alpaka_sys/fpgaclue_alpaka_sys_140/sim/acl_debug_mem.sv(38): (vlog-13314) Defaulting port 'data' kind to 'var' rather than 'wire' due to default compile option setting of -svinputport=relaxed.
# 
# Top level modules:
# 	acl_debug_mem
# End time: 16:50:13 on Aug 11,2026, Elapsed time: 0:00:00
# Errors: 0, Warnings: 1
# Questa Intel FPGA Edition-64 vlog 2025.1 Compiler 2025.01 Jan 18 2025
# Start time: 16:50:13 on Aug 11,2026
# vlog -sv "+incdir+mpsim/sim" "+define+COSIM_LIB" -suppress 2388 -suppress 14408 -suppress 7061 ip/kernel_system/kernel_system_fpgaclue_alpaka_sys/fpgaclue_alpaka_sys_140/sim/lsu_burst_coalesced_pipelined_write.sv -work fpgaclue_alpaka_sys_140 
# -- Compiling module lsu_burst_coalesced_pipelined_write
# 
# Top level modules:
# 	lsu_burst_coalesced_pipelined_write
# End time: 16:50:14 on Aug 11,2026, Elapsed time: 0:00:01
# Errors: 0, Warnings: 0
# Questa Intel FPGA Edition-64 vlog 2025.1 Compiler 2025.01 Jan 18 2025
# Start time: 16:50:14 on Aug 11,2026
# vlog -sv "+incdir+mpsim/sim" "+define+COSIM_LIB" -suppress 2388 -suppress 14408 -suppress 7061 ip/kernel_system/kernel_system_fpgaclue_alpaka_sys/fpgaclue_alpaka_sys_140/sim/lsu_burst_coalesced_pipelined_read.sv -work fpgaclue_alpaka_sys_140 
# -- Compiling module lsu_burst_coalesced_pipelined_read
# 
# Top level modules:
# 	lsu_burst_coalesced_pipelined_read
# End time: 16:50:14 on Aug 11,2026, Elapsed time: 0:00:00
# Errors: 0, Warnings: 0
# Questa Intel FPGA Edition-64 vlog 2025.1 Compiler 2025.01 Jan 18 2025
# Start time: 16:50:14 on Aug 11,2026
# vlog -sv "+incdir+mpsim/sim" "+define+COSIM_LIB" -suppress 2388 -suppress 14408 -suppress 7061 ip/kernel_system/kernel_system_fpgaclue_alpaka_sys/fpgaclue_alpaka_sys_140/sim/hld_global_load_store.sv -work fpgaclue_alpaka_sys_140 
# -- Compiling module hld_global_load_store
# 
# Top level modules:
# 	hld_global_load_store
# End time: 16:50:14 on Aug 11,2026, Elapsed time: 0:00:00
# Errors: 0, Warnings: 0
# Questa Intel FPGA Edition-64 vlog 2025.1 Compiler 2025.01 Jan 18 2025
# Start time: 16:50:14 on Aug 11,2026
# vlog -sv "+incdir+mpsim/sim" "+define+COSIM_LIB" -suppress 2388 -suppress 14408 -suppress 7061 ip/kernel_system/kernel_system_fpgaclue_alpaka_sys/fpgaclue_alpaka_sys_140/sim/hld_lsu.sv -work fpgaclue_alpaka_sys_140 
# -- Compiling module hld_lsu
# 
# Top level modules:
# 	hld_lsu
# End time: 16:50:14 on Aug 11,2026, Elapsed time: 0:00:00
# Errors: 0, Warnings: 0
# Questa Intel FPGA Edition-64 vlog 2025.1 Compiler 2025.01 Jan 18 2025
# Start time: 16:50:14 on Aug 11,2026
# vlog -sv "+incdir+mpsim/sim" "+define+COSIM_LIB" -suppress 2388 -suppress 14408 -suppress 7061 ip/kernel_system/kernel_system_fpgaclue_alpaka_sys/fpgaclue_alpaka_sys_140/sim/hld_lsu_burst_coalescer.sv -work fpgaclue_alpaka_sys_140 
# -- Compiling module hld_lsu_burst_coalescer
# 
# Top level modules:
# 	hld_lsu_burst_coalescer
# End time: 16:50:14 on Aug 11,2026, Elapsed time: 0:00:00
# Errors: 0, Warnings: 0
# Questa Intel FPGA Edition-64 vlog 2025.1 Compiler 2025.01 Jan 18 2025
# Start time: 16:50:14 on Aug 11,2026
# vlog -sv "+incdir+mpsim/sim" "+define+COSIM_LIB" -suppress 2388 -suppress 14408 -suppress 7061 ip/kernel_system/kernel_system_fpgaclue_alpaka_sys/fpgaclue_alpaka_sys_140/sim/hld_lsu_coalescer_dynamic_timeout.sv -work fpgaclue_alpaka_sys_140 
# -- Compiling module hld_lsu_coalescer_dynamic_timeout
# 
# Top level modules:
# 	hld_lsu_coalescer_dynamic_timeout
# End time: 16:50:14 on Aug 11,2026, Elapsed time: 0:00:00
# Errors: 0, Warnings: 0
# Questa Intel FPGA Edition-64 vlog 2025.1 Compiler 2025.01 Jan 18 2025
# Start time: 16:50:14 on Aug 11,2026
# vlog -sv "+incdir+mpsim/sim" "+define+COSIM_LIB" -suppress 2388 -suppress 14408 -suppress 7061 ip/kernel_system/kernel_system_fpgaclue_alpaka_sys/fpgaclue_alpaka_sys_140/sim/hld_lsu_data_aligner.sv -work fpgaclue_alpaka_sys_140 
# -- Compiling module hld_lsu_data_aligner
# 
# Top level modules:
# 	hld_lsu_data_aligner
# End time: 16:50:14 on Aug 11,2026, Elapsed time: 0:00:00
# Errors: 0, Warnings: 0
# Questa Intel FPGA Edition-64 vlog 2025.1 Compiler 2025.01 Jan 18 2025
# Start time: 16:50:14 on Aug 11,2026
# vlog -sv "+incdir+mpsim/sim" "+define+COSIM_LIB" -suppress 2388 -suppress 14408 -suppress 7061 ip/kernel_system/kernel_system_fpgaclue_alpaka_sys/fpgaclue_alpaka_sys_140/sim/hld_lsu_read_cache.sv -work fpgaclue_alpaka_sys_140 
# -- Compiling module hld_lsu_read_cache
# -- Compiling module hld_lsu_read_cache_simple_dual_port_ram
# 
# Top level modules:
# 	hld_lsu_read_cache
# End time: 16:50:14 on Aug 11,2026, Elapsed time: 0:00:00
# Errors: 0, Warnings: 0
# Questa Intel FPGA Edition-64 vlog 2025.1 Compiler 2025.01 Jan 18 2025
# Start time: 16:50:14 on Aug 11,2026
# vlog -sv "+incdir+mpsim/sim" "+define+COSIM_LIB" -suppress 2388 -suppress 14408 -suppress 7061 ip/kernel_system/kernel_system_fpgaclue_alpaka_sys/fpgaclue_alpaka_sys_140/sim/hld_lsu_read_data_alignment.sv -work fpgaclue_alpaka_sys_140 
# -- Compiling module hld_lsu_read_data_alignment
# 
# Top level modules:
# 	hld_lsu_read_data_alignment
# End time: 16:50:14 on Aug 11,2026, Elapsed time: 0:00:00
# Errors: 0, Warnings: 0
# Questa Intel FPGA Edition-64 vlog 2025.1 Compiler 2025.01 Jan 18 2025
# Start time: 16:50:14 on Aug 11,2026
# vlog -sv "+incdir+mpsim/sim" "+define+COSIM_LIB" -suppress 2388 -suppress 14408 -suppress 7061 ip/kernel_system/kernel_system_fpgaclue_alpaka_sys/fpgaclue_alpaka_sys_140/sim/hld_lsu_unaligned_controller.sv -work fpgaclue_alpaka_sys_140 
# -- Compiling module hld_lsu_unaligned_controller
# 
# Top level modules:
# 	hld_lsu_unaligned_controller
# End time: 16:50:14 on Aug 11,2026, Elapsed time: 0:00:00
# Errors: 0, Warnings: 0
# Questa Intel FPGA Edition-64 vlog 2025.1 Compiler 2025.01 Jan 18 2025
# Start time: 16:50:14 on Aug 11,2026
# vlog -sv "+incdir+mpsim/sim" "+define+COSIM_LIB" -suppress 2388 -suppress 14408 -suppress 7061 ip/kernel_system/kernel_system_fpgaclue_alpaka_sys/fpgaclue_alpaka_sys_140/sim/hld_lsu_word_coalescer.sv -work fpgaclue_alpaka_sys_140 
# -- Compiling module hld_lsu_word_coalescer
# 
# Top level modules:
# 	hld_lsu_word_coalescer
# End time: 16:50:14 on Aug 11,2026, Elapsed time: 0:00:00
# Errors: 0, Warnings: 0
# Questa Intel FPGA Edition-64 vlog 2025.1 Compiler 2025.01 Jan 18 2025
# Start time: 16:50:14 on Aug 11,2026
# vlog -sv "+incdir+mpsim/sim" "+define+COSIM_LIB" -suppress 2388 -suppress 14408 -suppress 7061 ip/kernel_system/kernel_system_fpgaclue_alpaka_sys/fpgaclue_alpaka_sys_140/sim/hld_lsu_write_data_alignment.sv -work fpgaclue_alpaka_sys_140 
# -- Compiling module hld_lsu_write_data_alignment
# 
# Top level modules:
# 	hld_lsu_write_data_alignment
# End time: 16:50:14 on Aug 11,2026, Elapsed time: 0:00:00
# Errors: 0, Warnings: 0
# Questa Intel FPGA Edition-64 vlog 2025.1 Compiler 2025.01 Jan 18 2025
# Start time: 16:50:14 on Aug 11,2026
# vlog -sv "+incdir+mpsim/sim" "+define+COSIM_LIB" -suppress 2388 -suppress 14408 -suppress 7061 ip/kernel_system/kernel_system_fpgaclue_alpaka_sys/fpgaclue_alpaka_sys_140/sim/hld_lsu_write_kernel_downstream.sv -work fpgaclue_alpaka_sys_140 
# -- Compiling module hld_lsu_write_kernel_downstream
# 
# Top level modules:
# 	hld_lsu_write_kernel_downstream
# End time: 16:50:14 on Aug 11,2026, Elapsed time: 0:00:00
# Errors: 0, Warnings: 0
# Questa Intel FPGA Edition-64 vlog 2025.1 Compiler 2025.01 Jan 18 2025
# Start time: 16:50:14 on Aug 11,2026
# vlog -sv "+incdir+mpsim/sim" "+define+COSIM_LIB" -suppress 2388 -suppress 14408 -suppress 7061 ip/kernel_system/kernel_system_fpgaclue_alpaka_sys/fpgaclue_alpaka_sys_140/sim/acl_shift_register_no_reset.sv -work fpgaclue_alpaka_sys_140 
# -- Compiling module acl_shift_register_no_reset
# 
# Top level modules:
# 	acl_shift_register_no_reset
# End time: 16:50:14 on Aug 11,2026, Elapsed time: 0:00:00
# Errors: 0, Warnings: 0
# Questa Intel FPGA Edition-64 vlog 2025.1 Compiler 2025.01 Jan 18 2025
# Start time: 16:50:14 on Aug 11,2026
# vlog -sv "+incdir+mpsim/sim" "+define+COSIM_LIB" -suppress 2388 -suppress 14408 -suppress 7061 ip/kernel_system/kernel_system_fpgaclue_alpaka_sys/fpgaclue_alpaka_sys_140/sim/hld_loop_profiler.sv -work fpgaclue_alpaka_sys_140 
# -- Compiling module hld_loop_profiler
# 
# Top level modules:
# 	hld_loop_profiler
# End time: 16:50:14 on Aug 11,2026, Elapsed time: 0:00:00
# Errors: 0, Warnings: 0
# Questa Intel FPGA Edition-64 vlog 2025.1 Compiler 2025.01 Jan 18 2025
# Start time: 16:50:14 on Aug 11,2026
# vlog -sv "+incdir+mpsim/sim" "+define+COSIM_LIB" -suppress 2388 -suppress 14408 -suppress 7061 ip/kernel_system/kernel_system_fpgaclue_alpaka_sys/fpgaclue_alpaka_sys_140/sim/hld_sim_latency_tracker.sv -work fpgaclue_alpaka_sys_140 
# -- Compiling module hld_sim_latency_tracker
# 
# Top level modules:
# 	hld_sim_latency_tracker
# End time: 16:50:14 on Aug 11,2026, Elapsed time: 0:00:00
# Errors: 0, Warnings: 0
# Questa Intel FPGA Edition-64 vlog 2025.1 Compiler 2025.01 Jan 18 2025
# Start time: 16:50:14 on Aug 11,2026
# vlog -sv "+incdir+mpsim/sim" "+define+COSIM_LIB" -suppress 2388 -suppress 14408 -suppress 7061 ip/kernel_system/kernel_system_fpgaclue_alpaka_sys/fpgaclue_alpaka_sys_140/sim/acl_loop_limiter.sv -work fpgaclue_alpaka_sys_140 
# -- Compiling module acl_loop_limiter
# 
# Top level modules:
# 	acl_loop_limiter
# End time: 16:50:15 on Aug 11,2026, Elapsed time: 0:00:01
# Errors: 0, Warnings: 0
# Questa Intel FPGA Edition-64 vlog 2025.1 Compiler 2025.01 Jan 18 2025
# Start time: 16:50:15 on Aug 11,2026
# vlog -sv "+incdir+mpsim/sim" "+define+COSIM_LIB" -suppress 2388 -suppress 14408 -suppress 7061 ip/kernel_system/kernel_system_fpgaclue_alpaka_sys/fpgaclue_alpaka_sys_140/sim/const_lambda_3_function_wrapper.sv -work fpgaclue_alpaka_sys_140 
# -- Compiling module const_lambda_3_function_wrapper
# 
# Top level modules:
# 	const_lambda_3_function_wrapper
# End time: 16:50:15 on Aug 11,2026, Elapsed time: 0:00:00
# Errors: 0, Warnings: 0
# Questa Intel FPGA Edition-64 vlog 2025.1 Compiler 2025.01 Jan 18 2025
# Start time: 16:50:15 on Aug 11,2026
# vlog -sv "+incdir+mpsim/sim" "+define+COSIM_LIB" -suppress 2388 -suppress 14408 -suppress 7061 ip/kernel_system/kernel_system_fpgaclue_alpaka_sys/fpgaclue_alpaka_sys_140/sim/const_lambda_3_function.sv -work fpgaclue_alpaka_sys_140 
# -- Compiling module const_lambda_3_function
# 
# Top level modules:
# 	const_lambda_3_function
# End time: 16:50:15 on Aug 11,2026, Elapsed time: 0:00:00
# Errors: 0, Warnings: 0
# Questa Intel FPGA Edition-64 vlog 2025.1 Compiler 2025.01 Jan 18 2025
# Start time: 16:50:15 on Aug 11,2026
# vlog -sv "+incdir+mpsim/sim" "+define+COSIM_LIB" -suppress 2388 -suppress 14408 -suppress 7061 ip/kernel_system/kernel_system_fpgaclue_alpaka_sys/fpgaclue_alpaka_sys_140/sim/const_lambda_3_bb_B2.sv -work fpgaclue_alpaka_sys_140 
# -- Compiling module const_lambda_3_bb_B2
# 
# Top level modules:
# 	const_lambda_3_bb_B2
# End time: 16:50:15 on Aug 11,2026, Elapsed time: 0:00:00
# Errors: 0, Warnings: 0
# Questa Intel FPGA Edition-64 vlog 2025.1 Compiler 2025.01 Jan 18 2025
# Start time: 16:50:15 on Aug 11,2026
# vlog -sv "+incdir+mpsim/sim" "+define+COSIM_LIB" -suppress 2388 -suppress 14408 -suppress 7061 ip/kernel_system/kernel_system_fpgaclue_alpaka_sys/fpgaclue_alpaka_sys_140/sim/const_lambda_3_bb_B2_stall_region.sv -work fpgaclue_alpaka_sys_140 
# -- Compiling module const_lambda_3_bb_B2_stall_region
# 
# Top level modules:
# 	const_lambda_3_bb_B2_stall_region
# End time: 16:50:15 on Aug 11,2026, Elapsed time: 0:00:00
# Errors: 0, Warnings: 0
# Questa Intel FPGA Edition-64 vlog 2025.1 Compiler 2025.01 Jan 18 2025
# Start time: 16:50:15 on Aug 11,2026
# vlog -sv "+incdir+mpsim/sim" "+define+COSIM_LIB" -suppress 2388 -suppress 14408 -suppress 7061 ip/kernel_system/kernel_system_fpgaclue_alpaka_sys/fpgaclue_alpaka_sys_140/sim/const_lambda_3_i_llvm_fpga_mem_unnamed_6_const_lambda_3_9119_0gr.sv -work fpgaclue_alpaka_sys_140 
# -- Compiling module const_lambda_3_i_llvm_fpga_mem_unnamed_6_const_lambda_3_9119_0gr
# 
# Top level modules:
# 	const_lambda_3_i_llvm_fpga_mem_unnamed_6_const_lambda_3_9119_0gr
# End time: 16:50:15 on Aug 11,2026, Elapsed time: 0:00:00
# Errors: 0, Warnings: 0
# Questa Intel FPGA Edition-64 vlog 2025.1 Compiler 2025.01 Jan 18 2025
# Start time: 16:50:15 on Aug 11,2026
# vlog -sv "+incdir+mpsim/sim" "+define+COSIM_LIB" -suppress 2388 -suppress 14408 -suppress 7061 ip/kernel_system/kernel_system_fpgaclue_alpaka_sys/fpgaclue_alpaka_sys_140/sim/const_lambda_3_i_sfc_s_c0_in_exit_s_c0_e0000st_lambda_3_9093_1gr.sv -work fpgaclue_alpaka_sys_140 
# -- Compiling module const_lambda_3_i_sfc_s_c0_in_exit_s_c0_e0000st_lambda_3_9093_1gr
# 
# Top level modules:
# 	const_lambda_3_i_sfc_s_c0_in_exit_s_c0_e0000st_lambda_3_9093_1gr
# End time: 16:50:15 on Aug 11,2026, Elapsed time: 0:00:00
# Errors: 0, Warnings: 0
# Questa Intel FPGA Edition-64 vlog 2025.1 Compiler 2025.01 Jan 18 2025
# Start time: 16:50:15 on Aug 11,2026
# vlog -sv "+incdir+mpsim/sim" "+define+COSIM_LIB" -suppress 2388 -suppress 14408 -suppress 7061 ip/kernel_system/kernel_system_fpgaclue_alpaka_sys/fpgaclue_alpaka_sys_140/sim/const_lambda_3_i_llvm_fpga_sfc_exit_s_c00000st_lambda_3_9111_0gr.sv -work fpgaclue_alpaka_sys_140 
# -- Compiling module const_lambda_3_i_llvm_fpga_sfc_exit_s_c00000st_lambda_3_9111_0gr
# 
# Top level modules:
# 	const_lambda_3_i_llvm_fpga_sfc_exit_s_c00000st_lambda_3_9111_0gr
# End time: 16:50:15 on Aug 11,2026, Elapsed time: 0:00:00
# Errors: 0, Warnings: 0
# Questa Intel FPGA Edition-64 vlog 2025.1 Compiler 2025.01 Jan 18 2025
# Start time: 16:50:15 on Aug 11,2026
# vlog -sv "+incdir+mpsim/sim" "+define+COSIM_LIB" -suppress 2388 -suppress 14408 -suppress 7061 ip/kernel_system/kernel_system_fpgaclue_alpaka_sys/fpgaclue_alpaka_sys_140/sim/const_lambda_3_i_llvm_fpga_sfc_exit_s_c0000000_1gr_full_detector.sv -work fpgaclue_alpaka_sys_140 
# -- Compiling module const_lambda_3_i_llvm_fpga_sfc_exit_s_c0000000_1gr_full_detector
# 
# Top level modules:
# 	const_lambda_3_i_llvm_fpga_sfc_exit_s_c0000000_1gr_full_detector
# End time: 16:50:15 on Aug 11,2026, Elapsed time: 0:00:00
# Errors: 0, Warnings: 0
# Questa Intel FPGA Edition-64 vlog 2025.1 Compiler 2025.01 Jan 18 2025
# Start time: 16:50:15 on Aug 11,2026
# vlog -sv "+incdir+mpsim/sim" "+define+COSIM_LIB" -suppress 2388 -suppress 14408 -suppress 7061 ip/kernel_system/kernel_system_fpgaclue_alpaka_sys/fpgaclue_alpaka_sys_140/sim/const_lambda_3_i_llvm_fpga_sfc_exit_s_c000003_9111_1gr_data_fifo.sv -work fpgaclue_alpaka_sys_140 
# -- Compiling module const_lambda_3_i_llvm_fpga_sfc_exit_s_c000003_9111_1gr_data_fifo
# 
# Top level modules:
# 	const_lambda_3_i_llvm_fpga_sfc_exit_s_c000003_9111_1gr_data_fifo
# End time: 16:50:15 on Aug 11,2026, Elapsed time: 0:00:00
# Errors: 0, Warnings: 0
# Questa Intel FPGA Edition-64 vlog 2025.1 Compiler 2025.01 Jan 18 2025
# Start time: 16:50:15 on Aug 11,2026
# vlog -sv "+incdir+mpsim/sim" "+define+COSIM_LIB" -suppress 2388 -suppress 14408 -suppress 7061 ip/kernel_system/kernel_system_fpgaclue_alpaka_sys/fpgaclue_alpaka_sys_140/sim/const_lambda_3_i_sfc_logic_s_c0_in_exit_0000st_lambda_3_9100_0gr.sv -work fpgaclue_alpaka_sys_140 
# -- Compiling module const_lambda_3_i_sfc_logic_s_c0_in_exit_0000st_lambda_3_9100_0gr
# 
# Top level modules:
# 	const_lambda_3_i_sfc_logic_s_c0_in_exit_0000st_lambda_3_9100_0gr
# End time: 16:50:15 on Aug 11,2026, Elapsed time: 0:00:00
# Errors: 0, Warnings: 0
# Questa Intel FPGA Edition-64 vlog 2025.1 Compiler 2025.01 Jan 18 2025
# Start time: 16:50:15 on Aug 11,2026
# vlog -sv "+incdir+mpsim/sim" "+define+COSIM_LIB" -suppress 2388 -suppress 14408 -suppress 7061 ip/kernel_system/kernel_system_fpgaclue_alpaka_sys/fpgaclue_alpaka_sys_140/sim/const_lambda_3_B2_branch.sv -work fpgaclue_alpaka_sys_140 
# -- Compiling module const_lambda_3_B2_branch
# 
# Top level modules:
# 	const_lambda_3_B2_branch
# End time: 16:50:15 on Aug 11,2026, Elapsed time: 0:00:00
# Errors: 0, Warnings: 0
# Questa Intel FPGA Edition-64 vlog 2025.1 Compiler 2025.01 Jan 18 2025
# Start time: 16:50:15 on Aug 11,2026
# vlog -sv "+incdir+mpsim/sim" "+define+COSIM_LIB" -suppress 2388 -suppress 14408 -suppress 7061 ip/kernel_system/kernel_system_fpgaclue_alpaka_sys/fpgaclue_alpaka_sys_140/sim/const_lambda_3_B2_merge.sv -work fpgaclue_alpaka_sys_140 
# -- Compiling module const_lambda_3_B2_merge
# 
# Top level modules:
# 	const_lambda_3_B2_merge
# End time: 16:50:15 on Aug 11,2026, Elapsed time: 0:00:00
# Errors: 0, Warnings: 0
# Questa Intel FPGA Edition-64 vlog 2025.1 Compiler 2025.01 Jan 18 2025
# Start time: 16:50:15 on Aug 11,2026
# vlog -sv "+incdir+mpsim/sim" "+define+COSIM_LIB" -suppress 2388 -suppress 14408 -suppress 7061 ip/kernel_system/kernel_system_fpgaclue_alpaka_sys/fpgaclue_alpaka_sys_140/sim/const_lambda_3_loop_limiter_0.sv -work fpgaclue_alpaka_sys_140 
# -- Compiling module const_lambda_3_loop_limiter_0
# 
# Top level modules:
# 	const_lambda_3_loop_limiter_0
# End time: 16:50:15 on Aug 11,2026, Elapsed time: 0:00:00
# Errors: 0, Warnings: 0
# Questa Intel FPGA Edition-64 vlog 2025.1 Compiler 2025.01 Jan 18 2025
# Start time: 16:50:15 on Aug 11,2026
# vlog -sv "+incdir+mpsim/sim" "+define+COSIM_LIB" -suppress 2388 -suppress 14408 -suppress 7061 ip/kernel_system/kernel_system_fpgaclue_alpaka_sys/fpgaclue_alpaka_sys_140/sim/const_lambda_3_bb_B0.sv -work fpgaclue_alpaka_sys_140 
# -- Compiling module const_lambda_3_bb_B0
# 
# Top level modules:
# 	const_lambda_3_bb_B0
# End time: 16:50:15 on Aug 11,2026, Elapsed time: 0:00:00
# Errors: 0, Warnings: 0
# Questa Intel FPGA Edition-64 vlog 2025.1 Compiler 2025.01 Jan 18 2025
# Start time: 16:50:15 on Aug 11,2026
# vlog -sv "+incdir+mpsim/sim" "+define+COSIM_LIB" -suppress 2388 -suppress 14408 -suppress 7061 ip/kernel_system/kernel_system_fpgaclue_alpaka_sys/fpgaclue_alpaka_sys_140/sim/const_lambda_3_bb_B0_stall_region.sv -work fpgaclue_alpaka_sys_140 
# -- Compiling module const_lambda_3_bb_B0_stall_region
# 
# Top level modules:
# 	const_lambda_3_bb_B0_stall_region
# End time: 16:50:15 on Aug 11,2026, Elapsed time: 0:00:00
# Errors: 0, Warnings: 0
# Questa Intel FPGA Edition-64 vlog 2025.1 Compiler 2025.01 Jan 18 2025
# Start time: 16:50:15 on Aug 11,2026
# vlog -sv "+incdir+mpsim/sim" "+define+COSIM_LIB" -suppress 2388 -suppress 14408 -suppress 7061 ip/kernel_system/kernel_system_fpgaclue_alpaka_sys/fpgaclue_alpaka_sys_140/sim/const_lambda_3_B0_merge_reg.sv -work fpgaclue_alpaka_sys_140 
# -- Compiling module const_lambda_3_B0_merge_reg
# 
# Top level modules:
# 	const_lambda_3_B0_merge_reg
# End time: 16:50:16 on Aug 11,2026, Elapsed time: 0:00:01
# Errors: 0, Warnings: 0
# Questa Intel FPGA Edition-64 vlog 2025.1 Compiler 2025.01 Jan 18 2025
# Start time: 16:50:16 on Aug 11,2026
# vlog -sv "+incdir+mpsim/sim" "+define+COSIM_LIB" -suppress 2388 -suppress 14408 -suppress 7061 ip/kernel_system/kernel_system_fpgaclue_alpaka_sys/fpgaclue_alpaka_sys_140/sim/const_lambda_3_i_sfc_s_c0_in_entry_s_c0_0000st_lambda_3_7965_0gr.sv -work fpgaclue_alpaka_sys_140 
# -- Compiling module const_lambda_3_i_sfc_s_c0_in_entry_s_c0_0000st_lambda_3_7965_0gr
# 
# Top level modules:
# 	const_lambda_3_i_sfc_s_c0_in_entry_s_c0_0000st_lambda_3_7965_0gr
# End time: 16:50:16 on Aug 11,2026, Elapsed time: 0:00:00
# Errors: 0, Warnings: 0
# Questa Intel FPGA Edition-64 vlog 2025.1 Compiler 2025.01 Jan 18 2025
# Start time: 16:50:16 on Aug 11,2026
# vlog -sv "+incdir+mpsim/sim" "+define+COSIM_LIB" -suppress 2388 -suppress 14408 -suppress 7061 ip/kernel_system/kernel_system_fpgaclue_alpaka_sys/fpgaclue_alpaka_sys_140/sim/const_lambda_3_i_llvm_fpga_sfc_exit_s_c00000st_lambda_3_8341_0gr.sv -work fpgaclue_alpaka_sys_140 
# -- Compiling module const_lambda_3_i_llvm_fpga_sfc_exit_s_c00000st_lambda_3_8341_0gr
# 
# Top level modules:
# 	const_lambda_3_i_llvm_fpga_sfc_exit_s_c00000st_lambda_3_8341_0gr
# End time: 16:50:16 on Aug 11,2026, Elapsed time: 0:00:00
# Errors: 0, Warnings: 0
# Questa Intel FPGA Edition-64 vlog 2025.1 Compiler 2025.01 Jan 18 2025
# Start time: 16:50:16 on Aug 11,2026
# vlog -sv "+incdir+mpsim/sim" "+define+COSIM_LIB" -suppress 2388 -suppress 14408 -suppress 7061 ip/kernel_system/kernel_system_fpgaclue_alpaka_sys/fpgaclue_alpaka_sys_140/sim/const_lambda_3_i_llvm_fpga_sfc_exit_s_c0000080_1gr_full_detector.sv -work fpgaclue_alpaka_sys_140 
# -- Compiling module const_lambda_3_i_llvm_fpga_sfc_exit_s_c0000080_1gr_full_detector
# 
# Top level modules:
# 	const_lambda_3_i_llvm_fpga_sfc_exit_s_c0000080_1gr_full_detector
# End time: 16:50:16 on Aug 11,2026, Elapsed time: 0:00:00
# Errors: 0, Warnings: 0
# Questa Intel FPGA Edition-64 vlog 2025.1 Compiler 2025.01 Jan 18 2025
# Start time: 16:50:16 on Aug 11,2026
# vlog -sv "+incdir+mpsim/sim" "+define+COSIM_LIB" -suppress 2388 -suppress 14408 -suppress 7061 ip/kernel_system/kernel_system_fpgaclue_alpaka_sys/fpgaclue_alpaka_sys_140/sim/const_lambda_3_i_llvm_fpga_sfc_exit_s_c000003_8341_1gr_data_fifo.sv -work fpgaclue_alpaka_sys_140 
# -- Compiling module const_lambda_3_i_llvm_fpga_sfc_exit_s_c000003_8341_1gr_data_fifo
# 
# Top level modules:
# 	const_lambda_3_i_llvm_fpga_sfc_exit_s_c000003_8341_1gr_data_fifo
# End time: 16:50:16 on Aug 11,2026, Elapsed time: 0:00:00
# Errors: 0, Warnings: 0
# Questa Intel FPGA Edition-64 vlog 2025.1 Compiler 2025.01 Jan 18 2025
# Start time: 16:50:16 on Aug 11,2026
# vlog -sv "+incdir+mpsim/sim" "+define+COSIM_LIB" -suppress 2388 -suppress 14408 -suppress 7061 ip/kernel_system/kernel_system_fpgaclue_alpaka_sys/fpgaclue_alpaka_sys_140/sim/const_lambda_3_i_sfc_logic_s_c0_in_entry0000st_lambda_3_7980_0gr.sv -work fpgaclue_alpaka_sys_140 
# -- Compiling module const_lambda_3_i_sfc_logic_s_c0_in_entry0000st_lambda_3_7980_0gr
# 
# Top level modules:
# 	const_lambda_3_i_sfc_logic_s_c0_in_entry0000st_lambda_3_7980_0gr
# End time: 16:50:16 on Aug 11,2026, Elapsed time: 0:00:00
# Errors: 0, Warnings: 0
# Questa Intel FPGA Edition-64 vlog 2025.1 Compiler 2025.01 Jan 18 2025
# Start time: 16:50:16 on Aug 11,2026
# vlog -sv "+incdir+mpsim/sim" "+define+COSIM_LIB" -suppress 2388 -suppress 14408 -suppress 7061 ip/kernel_system/kernel_system_fpgaclue_alpaka_sys/fpgaclue_alpaka_sys_140/sim/const_lambda_3_i_llvm_fpga_sync_buffer_s0000ync_buffer3_7987_0gr.sv -work fpgaclue_alpaka_sys_140 
# -- Compiling module const_lambda_3_i_llvm_fpga_sync_buffer_s0000ync_buffer3_7987_0gr
# 
# Top level modules:
# 	const_lambda_3_i_llvm_fpga_sync_buffer_s0000ync_buffer3_7987_0gr
# End time: 16:50:16 on Aug 11,2026, Elapsed time: 0:00:00
# Errors: 0, Warnings: 0
# Questa Intel FPGA Edition-64 vlog 2025.1 Compiler 2025.01 Jan 18 2025
# Start time: 16:50:16 on Aug 11,2026
# vlog -sv "+incdir+mpsim/sim" "+define+COSIM_LIB" -suppress 2388 -suppress 14408 -suppress 7061 ip/kernel_system/kernel_system_fpgaclue_alpaka_sys/fpgaclue_alpaka_sys_140/sim/const_lambda_3_i_llvm_fpga_sync_buffer_s0000nc_buffer10_8110_0gr.sv -work fpgaclue_alpaka_sys_140 
# -- Compiling module const_lambda_3_i_llvm_fpga_sync_buffer_s0000nc_buffer10_8110_0gr
# 
# Top level modules:
# 	const_lambda_3_i_llvm_fpga_sync_buffer_s0000nc_buffer10_8110_0gr
# End time: 16:50:16 on Aug 11,2026, Elapsed time: 0:00:00
# Errors: 0, Warnings: 0
# Questa Intel FPGA Edition-64 vlog 2025.1 Compiler 2025.01 Jan 18 2025
# Start time: 16:50:16 on Aug 11,2026
# vlog -sv "+incdir+mpsim/sim" "+define+COSIM_LIB" -suppress 2388 -suppress 14408 -suppress 7061 ip/kernel_system/kernel_system_fpgaclue_alpaka_sys/fpgaclue_alpaka_sys_140/sim/const_lambda_3_i_llvm_fpga_sync_buffer_s0000nc_buffer11_8034_0gr.sv -work fpgaclue_alpaka_sys_140 
# -- Compiling module const_lambda_3_i_llvm_fpga_sync_buffer_s0000nc_buffer11_8034_0gr
# 
# Top level modules:
# 	const_lambda_3_i_llvm_fpga_sync_buffer_s0000nc_buffer11_8034_0gr
# End time: 16:50:16 on Aug 11,2026, Elapsed time: 0:00:00
# Errors: 0, Warnings: 0
# Questa Intel FPGA Edition-64 vlog 2025.1 Compiler 2025.01 Jan 18 2025
# Start time: 16:50:16 on Aug 11,2026
# vlog -sv "+incdir+mpsim/sim" "+define+COSIM_LIB" -suppress 2388 -suppress 14408 -suppress 7061 ip/kernel_system/kernel_system_fpgaclue_alpaka_sys/fpgaclue_alpaka_sys_140/sim/const_lambda_3_i_llvm_fpga_sync_buffer_s0000ync_buffer9_8185_0gr.sv -work fpgaclue_alpaka_sys_140 
# -- Compiling module const_lambda_3_i_llvm_fpga_sync_buffer_s0000ync_buffer9_8185_0gr
# 
# Top level modules:
# 	const_lambda_3_i_llvm_fpga_sync_buffer_s0000ync_buffer9_8185_0gr
# End time: 16:50:16 on Aug 11,2026, Elapsed time: 0:00:00
# Errors: 0, Warnings: 0
# Questa Intel FPGA Edition-64 vlog 2025.1 Compiler 2025.01 Jan 18 2025
# Start time: 16:50:16 on Aug 11,2026
# vlog -sv "+incdir+mpsim/sim" "+define+COSIM_LIB" -suppress 2388 -suppress 14408 -suppress 7061 ip/kernel_system/kernel_system_fpgaclue_alpaka_sys/fpgaclue_alpaka_sys_140/sim/const_lambda_3_i_llvm_fpga_sync_buffer_s0000sync_buffer_8264_0gr.sv -work fpgaclue_alpaka_sys_140 
# -- Compiling module const_lambda_3_i_llvm_fpga_sync_buffer_s0000sync_buffer_8264_0gr
# 
# Top level modules:
# 	const_lambda_3_i_llvm_fpga_sync_buffer_s0000sync_buffer_8264_0gr
# End time: 16:50:16 on Aug 11,2026, Elapsed time: 0:00:00
# Errors: 0, Warnings: 0
# Questa Intel FPGA Edition-64 vlog 2025.1 Compiler 2025.01 Jan 18 2025
# Start time: 16:50:16 on Aug 11,2026
# vlog -sv "+incdir+mpsim/sim" "+define+COSIM_LIB" -suppress 2388 -suppress 14408 -suppress 7061 ip/kernel_system/kernel_system_fpgaclue_alpaka_sys/fpgaclue_alpaka_sys_140/sim/const_lambda_3_B0_branch.sv -work fpgaclue_alpaka_sys_140 
# -- Compiling module const_lambda_3_B0_branch
# 
# Top level modules:
# 	const_lambda_3_B0_branch
# End time: 16:50:16 on Aug 11,2026, Elapsed time: 0:00:00
# Errors: 0, Warnings: 0
# Questa Intel FPGA Edition-64 vlog 2025.1 Compiler 2025.01 Jan 18 2025
# Start time: 16:50:16 on Aug 11,2026
# vlog -sv "+incdir+mpsim/sim" "+define+COSIM_LIB" -suppress 2388 -suppress 14408 -suppress 7061 ip/kernel_system/kernel_system_fpgaclue_alpaka_sys/fpgaclue_alpaka_sys_140/sim/const_lambda_3_B0_merge.sv -work fpgaclue_alpaka_sys_140 
# -- Compiling module const_lambda_3_B0_merge
# 
# Top level modules:
# 	const_lambda_3_B0_merge
# End time: 16:50:16 on Aug 11,2026, Elapsed time: 0:00:00
# Errors: 0, Warnings: 0
# Questa Intel FPGA Edition-64 vlog 2025.1 Compiler 2025.01 Jan 18 2025
# Start time: 16:50:16 on Aug 11,2026
# vlog -sv "+incdir+mpsim/sim" "+define+COSIM_LIB" -suppress 2388 -suppress 14408 -suppress 7061 ip/kernel_system/kernel_system_fpgaclue_alpaka_sys/fpgaclue_alpaka_sys_140/sim/const_lambda_3_bb_B1.sv -work fpgaclue_alpaka_sys_140 
# -- Compiling module const_lambda_3_bb_B1
# 
# Top level modules:
# 	const_lambda_3_bb_B1
# End time: 16:50:16 on Aug 11,2026, Elapsed time: 0:00:00
# Errors: 0, Warnings: 0
# Questa Intel FPGA Edition-64 vlog 2025.1 Compiler 2025.01 Jan 18 2025
# Start time: 16:50:16 on Aug 11,2026
# vlog -sv "+incdir+mpsim/sim" "+define+COSIM_LIB" -suppress 2388 -suppress 14408 -suppress 7061 ip/kernel_system/kernel_system_fpgaclue_alpaka_sys/fpgaclue_alpaka_sys_140/sim/const_lambda_3_bb_B1_stall_region.sv -work fpgaclue_alpaka_sys_140 
# -- Compiling module const_lambda_3_bb_B1_stall_region
# 
# Top level modules:
# 	const_lambda_3_bb_B1_stall_region
# End time: 16:50:16 on Aug 11,2026, Elapsed time: 0:00:00
# Errors: 0, Warnings: 0
# Questa Intel FPGA Edition-64 vlog 2025.1 Compiler 2025.01 Jan 18 2025
# Start time: 16:50:16 on Aug 11,2026
# vlog -sv "+incdir+mpsim/sim" "+define+COSIM_LIB" -suppress 2388 -suppress 14408 -suppress 7061 ip/kernel_system/kernel_system_fpgaclue_alpaka_sys/fpgaclue_alpaka_sys_140/sim/const_lambda_3_i_llvm_fpga_mem_memdep_1_9024_0gr.sv -work fpgaclue_alpaka_sys_140 
# -- Compiling module const_lambda_3_i_llvm_fpga_mem_memdep_1_9024_0gr
# 
# Top level modules:
# 	const_lambda_3_i_llvm_fpga_mem_memdep_1_9024_0gr
# End time: 16:50:17 on Aug 11,2026, Elapsed time: 0:00:01
# Errors: 0, Warnings: 0
# Questa Intel FPGA Edition-64 vlog 2025.1 Compiler 2025.01 Jan 18 2025
# Start time: 16:50:17 on Aug 11,2026
# vlog -sv "+incdir+mpsim/sim" "+define+COSIM_LIB" -suppress 2388 -suppress 14408 -suppress 7061 ip/kernel_system/kernel_system_fpgaclue_alpaka_sys/fpgaclue_alpaka_sys_140/sim/const_lambda_3_i_llvm_fpga_mem_memdep_2_8907_0gr.sv -work fpgaclue_alpaka_sys_140 
# -- Compiling module const_lambda_3_i_llvm_fpga_mem_memdep_2_8907_0gr
# 
# Top level modules:
# 	const_lambda_3_i_llvm_fpga_mem_memdep_2_8907_0gr
# End time: 16:50:17 on Aug 11,2026, Elapsed time: 0:00:00
# Errors: 0, Warnings: 0
# Questa Intel FPGA Edition-64 vlog 2025.1 Compiler 2025.01 Jan 18 2025
# Start time: 16:50:17 on Aug 11,2026
# vlog -sv "+incdir+mpsim/sim" "+define+COSIM_LIB" -suppress 2388 -suppress 14408 -suppress 7061 ip/kernel_system/kernel_system_fpgaclue_alpaka_sys/fpgaclue_alpaka_sys_140/sim/const_lambda_3_i_llvm_fpga_mem_memdep_9057_0gr.sv -work fpgaclue_alpaka_sys_140 
# -- Compiling module const_lambda_3_i_llvm_fpga_mem_memdep_9057_0gr
# 
# Top level modules:
# 	const_lambda_3_i_llvm_fpga_mem_memdep_9057_0gr
# End time: 16:50:17 on Aug 11,2026, Elapsed time: 0:00:00
# Errors: 0, Warnings: 0
# Questa Intel FPGA Edition-64 vlog 2025.1 Compiler 2025.01 Jan 18 2025
# Start time: 16:50:17 on Aug 11,2026
# vlog -sv "+incdir+mpsim/sim" "+define+COSIM_LIB" -suppress 2388 -suppress 14408 -suppress 7061 ip/kernel_system/kernel_system_fpgaclue_alpaka_sys/fpgaclue_alpaka_sys_140/sim/const_lambda_3_i_llvm_fpga_mem_unnamed_2_const_lambda_3_8759_0gr.sv -work fpgaclue_alpaka_sys_140 
# -- Compiling module const_lambda_3_i_llvm_fpga_mem_unnamed_2_const_lambda_3_8759_0gr
# 
# Top level modules:
# 	const_lambda_3_i_llvm_fpga_mem_unnamed_2_const_lambda_3_8759_0gr
# End time: 16:50:17 on Aug 11,2026, Elapsed time: 0:00:00
# Errors: 0, Warnings: 0
# Questa Intel FPGA Edition-64 vlog 2025.1 Compiler 2025.01 Jan 18 2025
# Start time: 16:50:17 on Aug 11,2026
# vlog -sv "+incdir+mpsim/sim" "+define+COSIM_LIB" -suppress 2388 -suppress 14408 -suppress 7061 ip/kernel_system/kernel_system_fpgaclue_alpaka_sys/fpgaclue_alpaka_sys_140/sim/const_lambda_3_readdata_reg_unnamed_2_const_lambda_30.sv -work fpgaclue_alpaka_sys_140 
# -- Compiling module const_lambda_3_readdata_reg_unnamed_2_const_lambda_30
# 
# Top level modules:
# 	const_lambda_3_readdata_reg_unnamed_2_const_lambda_30
# End time: 16:50:17 on Aug 11,2026, Elapsed time: 0:00:00
# Errors: 0, Warnings: 0
# Questa Intel FPGA Edition-64 vlog 2025.1 Compiler 2025.01 Jan 18 2025
# Start time: 16:50:17 on Aug 11,2026
# vlog -sv "+incdir+mpsim/sim" "+define+COSIM_LIB" -suppress 2388 -suppress 14408 -suppress 7061 ip/kernel_system/kernel_system_fpgaclue_alpaka_sys/fpgaclue_alpaka_sys_140/sim/const_lambda_3_i_llvm_fpga_mem_unnamed_3_const_lambda_3_8782_0gr.sv -work fpgaclue_alpaka_sys_140 
# -- Compiling module const_lambda_3_i_llvm_fpga_mem_unnamed_3_const_lambda_3_8782_0gr
# 
# Top level modules:
# 	const_lambda_3_i_llvm_fpga_mem_unnamed_3_const_lambda_3_8782_0gr
# End time: 16:50:17 on Aug 11,2026, Elapsed time: 0:00:00
# Errors: 0, Warnings: 0
# Questa Intel FPGA Edition-64 vlog 2025.1 Compiler 2025.01 Jan 18 2025
# Start time: 16:50:17 on Aug 11,2026
# vlog -sv "+incdir+mpsim/sim" "+define+COSIM_LIB" -suppress 2388 -suppress 14408 -suppress 7061 ip/kernel_system/kernel_system_fpgaclue_alpaka_sys/fpgaclue_alpaka_sys_140/sim/const_lambda_3_readdata_reg_unnamed_3_const_lambda_31.sv -work fpgaclue_alpaka_sys_140 
# -- Compiling module const_lambda_3_readdata_reg_unnamed_3_const_lambda_31
# 
# Top level modules:
# 	const_lambda_3_readdata_reg_unnamed_3_const_lambda_31
# End time: 16:50:17 on Aug 11,2026, Elapsed time: 0:00:00
# Errors: 0, Warnings: 0
# Questa Intel FPGA Edition-64 vlog 2025.1 Compiler 2025.01 Jan 18 2025
# Start time: 16:50:17 on Aug 11,2026
# vlog -sv "+incdir+mpsim/sim" "+define+COSIM_LIB" -suppress 2388 -suppress 14408 -suppress 7061 ip/kernel_system/kernel_system_fpgaclue_alpaka_sys/fpgaclue_alpaka_sys_140/sim/const_lambda_3_i_llvm_fpga_mem_unnamed_4_const_lambda_3_8805_0gr.sv -work fpgaclue_alpaka_sys_140 
# -- Compiling module const_lambda_3_i_llvm_fpga_mem_unnamed_4_const_lambda_3_8805_0gr
# 
# Top level modules:
# 	const_lambda_3_i_llvm_fpga_mem_unnamed_4_const_lambda_3_8805_0gr
# End time: 16:50:17 on Aug 11,2026, Elapsed time: 0:00:00
# Errors: 0, Warnings: 0
# Questa Intel FPGA Edition-64 vlog 2025.1 Compiler 2025.01 Jan 18 2025
# Start time: 16:50:17 on Aug 11,2026
# vlog -sv "+incdir+mpsim/sim" "+define+COSIM_LIB" -suppress 2388 -suppress 14408 -suppress 7061 ip/kernel_system/kernel_system_fpgaclue_alpaka_sys/fpgaclue_alpaka_sys_140/sim/const_lambda_3_readdata_reg_unnamed_4_const_lambda_32.sv -work fpgaclue_alpaka_sys_140 
# -- Compiling module const_lambda_3_readdata_reg_unnamed_4_const_lambda_32
# 
# Top level modules:
# 	const_lambda_3_readdata_reg_unnamed_4_const_lambda_32
# End time: 16:50:17 on Aug 11,2026, Elapsed time: 0:00:00
# Errors: 0, Warnings: 0
# Questa Intel FPGA Edition-64 vlog 2025.1 Compiler 2025.01 Jan 18 2025
# Start time: 16:50:17 on Aug 11,2026
# vlog -sv "+incdir+mpsim/sim" "+define+COSIM_LIB" -suppress 2388 -suppress 14408 -suppress 7061 ip/kernel_system/kernel_system_fpgaclue_alpaka_sys/fpgaclue_alpaka_sys_140/sim/const_lambda_3_i_llvm_fpga_mem_unnamed_5_const_lambda_3_9069_0gr.sv -work fpgaclue_alpaka_sys_140 
# -- Compiling module const_lambda_3_i_llvm_fpga_mem_unnamed_5_const_lambda_3_9069_0gr
# 
# Top level modules:
# 	const_lambda_3_i_llvm_fpga_mem_unnamed_5_const_lambda_3_9069_0gr
# End time: 16:50:17 on Aug 11,2026, Elapsed time: 0:00:00
# Errors: 0, Warnings: 0
# Questa Intel FPGA Edition-64 vlog 2025.1 Compiler 2025.01 Jan 18 2025
# Start time: 16:50:17 on Aug 11,2026
# vlog -sv "+incdir+mpsim/sim" "+define+COSIM_LIB" -suppress 2388 -suppress 14408 -suppress 7061 ip/kernel_system/kernel_system_fpgaclue_alpaka_sys/fpgaclue_alpaka_sys_140/sim/const_lambda_3_B1_merge_reg.sv -work fpgaclue_alpaka_sys_140 
# -- Compiling module const_lambda_3_B1_merge_reg
# 
# Top level modules:
# 	const_lambda_3_B1_merge_reg
# End time: 16:50:17 on Aug 11,2026, Elapsed time: 0:00:00
# Errors: 0, Warnings: 0
# Questa Intel FPGA Edition-64 vlog 2025.1 Compiler 2025.01 Jan 18 2025
# Start time: 16:50:17 on Aug 11,2026
# vlog -sv "+incdir+mpsim/sim" "+define+COSIM_LIB" -suppress 2388 -suppress 14408 -suppress 7061 ip/kernel_system/kernel_system_fpgaclue_alpaka_sys/fpgaclue_alpaka_sys_140/sim/const_lambda_3_i_sfc_s_c0_in_for_body_i_0000st_lambda_3_8401_1gr.sv -work fpgaclue_alpaka_sys_140 
# -- Compiling module const_lambda_3_i_sfc_s_c0_in_for_body_i_0000st_lambda_3_8401_1gr
# 
# Top level modules:
# 	const_lambda_3_i_sfc_s_c0_in_for_body_i_0000st_lambda_3_8401_1gr
# End time: 16:50:17 on Aug 11,2026, Elapsed time: 0:00:00
# Errors: 0, Warnings: 0
# Questa Intel FPGA Edition-64 vlog 2025.1 Compiler 2025.01 Jan 18 2025
# Start time: 16:50:17 on Aug 11,2026
# vlog -sv "+incdir+mpsim/sim" "+define+COSIM_LIB" -suppress 2388 -suppress 14408 -suppress 7061 ip/kernel_system/kernel_system_fpgaclue_alpaka_sys/fpgaclue_alpaka_sys_140/sim/const_lambda_3_i_llvm_fpga_sfc_exit_s_c00000st_lambda_3_8722_0gr.sv -work fpgaclue_alpaka_sys_140 
# -- Compiling module const_lambda_3_i_llvm_fpga_sfc_exit_s_c00000st_lambda_3_8722_0gr
# 
# Top level modules:
# 	const_lambda_3_i_llvm_fpga_sfc_exit_s_c00000st_lambda_3_8722_0gr
# End time: 16:50:17 on Aug 11,2026, Elapsed time: 0:00:00
# Errors: 0, Warnings: 0
# Questa Intel FPGA Edition-64 vlog 2025.1 Compiler 2025.01 Jan 18 2025
# Start time: 16:50:17 on Aug 11,2026
# vlog -sv "+incdir+mpsim/sim" "+define+COSIM_LIB" -suppress 2388 -suppress 14408 -suppress 7061 ip/kernel_system/kernel_system_fpgaclue_alpaka_sys/fpgaclue_alpaka_sys_140/sim/const_lambda_3_i_llvm_fpga_sfc_exit_s_c0000019_1gr_full_detector.sv -work fpgaclue_alpaka_sys_140 
# -- Compiling module const_lambda_3_i_llvm_fpga_sfc_exit_s_c0000019_1gr_full_detector
# 
# Top level modules:
# 	const_lambda_3_i_llvm_fpga_sfc_exit_s_c0000019_1gr_full_detector
# End time: 16:50:17 on Aug 11,2026, Elapsed time: 0:00:00
# Errors: 0, Warnings: 0
# Questa Intel FPGA Edition-64 vlog 2025.1 Compiler 2025.01 Jan 18 2025
# Start time: 16:50:17 on Aug 11,2026
# vlog -sv "+incdir+mpsim/sim" "+define+COSIM_LIB" -suppress 2388 -suppress 14408 -suppress 7061 ip/kernel_system/kernel_system_fpgaclue_alpaka_sys/fpgaclue_alpaka_sys_140/sim/const_lambda_3_i_llvm_fpga_sfc_exit_s_c000003_8722_1gr_data_fifo.sv -work fpgaclue_alpaka_sys_140 
# -- Compiling module const_lambda_3_i_llvm_fpga_sfc_exit_s_c000003_8722_1gr_data_fifo
# 
# Top level modules:
# 	const_lambda_3_i_llvm_fpga_sfc_exit_s_c000003_8722_1gr_data_fifo
# End time: 16:50:17 on Aug 11,2026, Elapsed time: 0:00:00
# Errors: 0, Warnings: 0
# Questa Intel FPGA Edition-64 vlog 2025.1 Compiler 2025.01 Jan 18 2025
# Start time: 16:50:17 on Aug 11,2026
# vlog -sv "+incdir+mpsim/sim" "+define+COSIM_LIB" -suppress 2388 -suppress 14408 -suppress 7061 ip/kernel_system/kernel_system_fpgaclue_alpaka_sys/fpgaclue_alpaka_sys_140/sim/const_lambda_3_i_sfc_logic_s_c0_in_for_b0000st_lambda_3_8419_0gr.sv -work fpgaclue_alpaka_sys_140 
# -- Compiling module const_lambda_3_i_sfc_logic_s_c0_in_for_b0000st_lambda_3_8419_0gr
# 
# Top level modules:
# 	const_lambda_3_i_sfc_logic_s_c0_in_for_b0000st_lambda_3_8419_0gr
# End time: 16:50:17 on Aug 11,2026, Elapsed time: 0:00:00
# Errors: 0, Warnings: 0
# Questa Intel FPGA Edition-64 vlog 2025.1 Compiler 2025.01 Jan 18 2025
# Start time: 16:50:17 on Aug 11,2026
# vlog -sv "+incdir+mpsim/sim" "+define+COSIM_LIB" -suppress 2388 -suppress 14408 -suppress 7061 ip/kernel_system/kernel_system_fpgaclue_alpaka_sys/fpgaclue_alpaka_sys_140/sim/const_lambda_3_i_llvm_fpga_sync_buffer_s0000ync_buffer4_8606_0gr.sv -work fpgaclue_alpaka_sys_140 
# -- Compiling module const_lambda_3_i_llvm_fpga_sync_buffer_s0000ync_buffer4_8606_0gr
# 
# Top level modules:
# 	const_lambda_3_i_llvm_fpga_sync_buffer_s0000ync_buffer4_8606_0gr
# End time: 16:50:18 on Aug 11,2026, Elapsed time: 0:00:01
# Errors: 0, Warnings: 0
# Questa Intel FPGA Edition-64 vlog 2025.1 Compiler 2025.01 Jan 18 2025
# Start time: 16:50:18 on Aug 11,2026
# vlog -sv "+incdir+mpsim/sim" "+define+COSIM_LIB" -suppress 2388 -suppress 14408 -suppress 7061 ip/kernel_system/kernel_system_fpgaclue_alpaka_sys/fpgaclue_alpaka_sys_140/sim/const_lambda_3_i_llvm_fpga_sync_buffer_s0000ync_buffer6_8547_0gr.sv -work fpgaclue_alpaka_sys_140 
# -- Compiling module const_lambda_3_i_llvm_fpga_sync_buffer_s0000ync_buffer6_8547_0gr
# 
# Top level modules:
# 	const_lambda_3_i_llvm_fpga_sync_buffer_s0000ync_buffer6_8547_0gr
# End time: 16:50:18 on Aug 11,2026, Elapsed time: 0:00:00
# Errors: 0, Warnings: 0
# Questa Intel FPGA Edition-64 vlog 2025.1 Compiler 2025.01 Jan 18 2025
# Start time: 16:50:18 on Aug 11,2026
# vlog -sv "+incdir+mpsim/sim" "+define+COSIM_LIB" -suppress 2388 -suppress 14408 -suppress 7061 ip/kernel_system/kernel_system_fpgaclue_alpaka_sys/fpgaclue_alpaka_sys_140/sim/const_lambda_3_i_llvm_fpga_sync_buffer_s0000ync_buffer7_8429_0gr.sv -work fpgaclue_alpaka_sys_140 
# -- Compiling module const_lambda_3_i_llvm_fpga_sync_buffer_s0000ync_buffer7_8429_0gr
# 
# Top level modules:
# 	const_lambda_3_i_llvm_fpga_sync_buffer_s0000ync_buffer7_8429_0gr
# End time: 16:50:18 on Aug 11,2026, Elapsed time: 0:00:00
# Errors: 0, Warnings: 0
# Questa Intel FPGA Edition-64 vlog 2025.1 Compiler 2025.01 Jan 18 2025
# Start time: 16:50:18 on Aug 11,2026
# vlog -sv "+incdir+mpsim/sim" "+define+COSIM_LIB" -suppress 2388 -suppress 14408 -suppress 7061 ip/kernel_system/kernel_system_fpgaclue_alpaka_sys/fpgaclue_alpaka_sys_140/sim/const_lambda_3_i_llvm_fpga_sync_buffer_s0000ync_buffer8_8488_0gr.sv -work fpgaclue_alpaka_sys_140 
# -- Compiling module const_lambda_3_i_llvm_fpga_sync_buffer_s0000ync_buffer8_8488_0gr
# 
# Top level modules:
# 	const_lambda_3_i_llvm_fpga_sync_buffer_s0000ync_buffer8_8488_0gr
# End time: 16:50:18 on Aug 11,2026, Elapsed time: 0:00:00
# Errors: 0, Warnings: 0
# Questa Intel FPGA Edition-64 vlog 2025.1 Compiler 2025.01 Jan 18 2025
# Start time: 16:50:18 on Aug 11,2026
# vlog -sv "+incdir+mpsim/sim" "+define+COSIM_LIB" -suppress 2388 -suppress 14408 -suppress 7061 ip/kernel_system/kernel_system_fpgaclue_alpaka_sys/fpgaclue_alpaka_sys_140/sim/const_lambda_3_i_llvm_fpga_sync_buffer_s0000sync_buffer_8661_0gr.sv -work fpgaclue_alpaka_sys_140 
# -- Compiling module const_lambda_3_i_llvm_fpga_sync_buffer_s0000sync_buffer_8661_0gr
# 
# Top level modules:
# 	const_lambda_3_i_llvm_fpga_sync_buffer_s0000sync_buffer_8661_0gr
# End time: 16:50:18 on Aug 11,2026, Elapsed time: 0:00:00
# Errors: 0, Warnings: 0
# Questa Intel FPGA Edition-64 vlog 2025.1 Compiler 2025.01 Jan 18 2025
# Start time: 16:50:18 on Aug 11,2026
# vlog -sv "+incdir+mpsim/sim" "+define+COSIM_LIB" -suppress 2388 -suppress 14408 -suppress 7061 ip/kernel_system/kernel_system_fpgaclue_alpaka_sys/fpgaclue_alpaka_sys_140/sim/const_lambda_3_i_sfc_s_c1_in_for_body_i_0000nst_lambda_3_8401_20.sv -work fpgaclue_alpaka_sys_140 
# -- Compiling module const_lambda_3_i_sfc_s_c1_in_for_body_i_0000nst_lambda_3_8401_20
# 
# Top level modules:
# 	const_lambda_3_i_sfc_s_c1_in_for_body_i_0000nst_lambda_3_8401_20
# End time: 16:50:18 on Aug 11,2026, Elapsed time: 0:00:00
# Errors: 0, Warnings: 0
# Questa Intel FPGA Edition-64 vlog 2025.1 Compiler 2025.01 Jan 18 2025
# Start time: 16:50:18 on Aug 11,2026
# vlog -sv "+incdir+mpsim/sim" "+define+COSIM_LIB" -suppress 2388 -suppress 14408 -suppress 7061 ip/kernel_system/kernel_system_fpgaclue_alpaka_sys/fpgaclue_alpaka_sys_140/sim/const_lambda_3_i_llvm_fpga_sfc_exit_s_c10000st_lambda_3_9015_0gr.sv -work fpgaclue_alpaka_sys_140 
# -- Compiling module const_lambda_3_i_llvm_fpga_sfc_exit_s_c10000st_lambda_3_9015_0gr
# 
# Top level modules:
# 	const_lambda_3_i_llvm_fpga_sfc_exit_s_c10000st_lambda_3_9015_0gr
# End time: 16:50:18 on Aug 11,2026, Elapsed time: 0:00:00
# Errors: 0, Warnings: 0
# Questa Intel FPGA Edition-64 vlog 2025.1 Compiler 2025.01 Jan 18 2025
# Start time: 16:50:18 on Aug 11,2026
# vlog -sv "+incdir+mpsim/sim" "+define+COSIM_LIB" -suppress 2388 -suppress 14408 -suppress 7061 ip/kernel_system/kernel_system_fpgaclue_alpaka_sys/fpgaclue_alpaka_sys_140/sim/const_lambda_3_i_llvm_fpga_sfc_exit_s_c1000021_1gr_full_detector.sv -work fpgaclue_alpaka_sys_140 
# -- Compiling module const_lambda_3_i_llvm_fpga_sfc_exit_s_c1000021_1gr_full_detector
# 
# Top level modules:
# 	const_lambda_3_i_llvm_fpga_sfc_exit_s_c1000021_1gr_full_detector
# End time: 16:50:18 on Aug 11,2026, Elapsed time: 0:00:00
# Errors: 0, Warnings: 0
# Questa Intel FPGA Edition-64 vlog 2025.1 Compiler 2025.01 Jan 18 2025
# Start time: 16:50:18 on Aug 11,2026
# vlog -sv "+incdir+mpsim/sim" "+define+COSIM_LIB" -suppress 2388 -suppress 14408 -suppress 7061 ip/kernel_system/kernel_system_fpgaclue_alpaka_sys/fpgaclue_alpaka_sys_140/sim/const_lambda_3_i_llvm_fpga_sfc_exit_s_c100003_9015_1gr_data_fifo.sv -work fpgaclue_alpaka_sys_140 
# -- Compiling module const_lambda_3_i_llvm_fpga_sfc_exit_s_c100003_9015_1gr_data_fifo
# 
# Top level modules:
# 	const_lambda_3_i_llvm_fpga_sfc_exit_s_c100003_9015_1gr_data_fifo
# End time: 16:50:18 on Aug 11,2026, Elapsed time: 0:00:00
# Errors: 0, Warnings: 0
# Questa Intel FPGA Edition-64 vlog 2025.1 Compiler 2025.01 Jan 18 2025
# Start time: 16:50:18 on Aug 11,2026
# vlog -sv "+incdir+mpsim/sim" "+define+COSIM_LIB" -suppress 2388 -suppress 14408 -suppress 7061 ip/kernel_system/kernel_system_fpgaclue_alpaka_sys/fpgaclue_alpaka_sys_140/sim/const_lambda_3_i_sfc_logic_s_c1_in_for_b0000st_lambda_3_8921_0gr.sv -work fpgaclue_alpaka_sys_140 
# -- Compiling module const_lambda_3_i_sfc_logic_s_c1_in_for_b0000st_lambda_3_8921_0gr
# 
# Top level modules:
# 	const_lambda_3_i_sfc_logic_s_c1_in_for_b0000st_lambda_3_8921_0gr
# End time: 16:50:18 on Aug 11,2026, Elapsed time: 0:00:00
# Errors: 0, Warnings: 0
# Questa Intel FPGA Edition-64 vlog 2025.1 Compiler 2025.01 Jan 18 2025
# Start time: 16:50:18 on Aug 11,2026
# vlog -sv "+incdir+mpsim/sim" "+define+COSIM_LIB" -suppress 2388 -suppress 14408 -suppress 7061 ip/kernel_system/kernel_system_fpgaclue_alpaka_sys/fpgaclue_alpaka_sys_140/sim/const_lambda_3_i_llvm_fpga_sync_buffer_s0000ync_buffer5_8929_0gr.sv -work fpgaclue_alpaka_sys_140 
# -- Compiling module const_lambda_3_i_llvm_fpga_sync_buffer_s0000ync_buffer5_8929_0gr
# 
# Top level modules:
# 	const_lambda_3_i_llvm_fpga_sync_buffer_s0000ync_buffer5_8929_0gr
# End time: 16:50:18 on Aug 11,2026, Elapsed time: 0:00:00
# Errors: 0, Warnings: 0
# Questa Intel FPGA Edition-64 vlog 2025.1 Compiler 2025.01 Jan 18 2025
# Start time: 16:50:18 on Aug 11,2026
# vlog -sv "+incdir+mpsim/sim" "+define+COSIM_LIB" -suppress 2388 -suppress 14408 -suppress 7061 ip/kernel_system/kernel_system_fpgaclue_alpaka_sys/fpgaclue_alpaka_sys_140/sim/const_lambda_3_i_sfc_s_c2_in_for_body_i_0000nst_lambda_3_8401_24.sv -work fpgaclue_alpaka_sys_140 
# -- Compiling module const_lambda_3_i_sfc_s_c2_in_for_body_i_0000nst_lambda_3_8401_24
# 
# Top level modules:
# 	const_lambda_3_i_sfc_s_c2_in_for_body_i_0000nst_lambda_3_8401_24
# End time: 16:50:18 on Aug 11,2026, Elapsed time: 0:00:00
# Errors: 0, Warnings: 0
# Questa Intel FPGA Edition-64 vlog 2025.1 Compiler 2025.01 Jan 18 2025
# Start time: 16:50:18 on Aug 11,2026
# vlog -sv "+incdir+mpsim/sim" "+define+COSIM_LIB" -suppress 2388 -suppress 14408 -suppress 7061 ip/kernel_system/kernel_system_fpgaclue_alpaka_sys/fpgaclue_alpaka_sys_140/sim/const_lambda_3_i_llvm_fpga_sfc_exit_s_c20000st_lambda_3_9049_0gr.sv -work fpgaclue_alpaka_sys_140 
# -- Compiling module const_lambda_3_i_llvm_fpga_sfc_exit_s_c20000st_lambda_3_9049_0gr
# 
# Top level modules:
# 	const_lambda_3_i_llvm_fpga_sfc_exit_s_c20000st_lambda_3_9049_0gr
# End time: 16:50:18 on Aug 11,2026, Elapsed time: 0:00:00
# Errors: 0, Warnings: 0
# Questa Intel FPGA Edition-64 vlog 2025.1 Compiler 2025.01 Jan 18 2025
# Start time: 16:50:18 on Aug 11,2026
# vlog -sv "+incdir+mpsim/sim" "+define+COSIM_LIB" -suppress 2388 -suppress 14408 -suppress 7061 ip/kernel_system/kernel_system_fpgaclue_alpaka_sys/fpgaclue_alpaka_sys_140/sim/const_lambda_3_i_llvm_fpga_sfc_exit_s_c2000038_1gr_full_detector.sv -work fpgaclue_alpaka_sys_140 
# -- Compiling module const_lambda_3_i_llvm_fpga_sfc_exit_s_c2000038_1gr_full_detector
# 
# Top level modules:
# 	const_lambda_3_i_llvm_fpga_sfc_exit_s_c2000038_1gr_full_detector
# End time: 16:50:18 on Aug 11,2026, Elapsed time: 0:00:00
# Errors: 0, Warnings: 0
# Questa Intel FPGA Edition-64 vlog 2025.1 Compiler 2025.01 Jan 18 2025
# Start time: 16:50:18 on Aug 11,2026
# vlog -sv "+incdir+mpsim/sim" "+define+COSIM_LIB" -suppress 2388 -suppress 14408 -suppress 7061 ip/kernel_system/kernel_system_fpgaclue_alpaka_sys/fpgaclue_alpaka_sys_140/sim/const_lambda_3_i_llvm_fpga_sfc_exit_s_c200003_9049_1gr_data_fifo.sv -work fpgaclue_alpaka_sys_140 
# -- Compiling module const_lambda_3_i_llvm_fpga_sfc_exit_s_c200003_9049_1gr_data_fifo
# 
# Top level modules:
# 	const_lambda_3_i_llvm_fpga_sfc_exit_s_c200003_9049_1gr_data_fifo
# End time: 16:50:18 on Aug 11,2026, Elapsed time: 0:00:00
# Errors: 0, Warnings: 0
# Questa Intel FPGA Edition-64 vlog 2025.1 Compiler 2025.01 Jan 18 2025
# Start time: 16:50:18 on Aug 11,2026
# vlog -sv "+incdir+mpsim/sim" "+define+COSIM_LIB" -suppress 2388 -suppress 14408 -suppress 7061 ip/kernel_system/kernel_system_fpgaclue_alpaka_sys/fpgaclue_alpaka_sys_140/sim/const_lambda_3_i_sfc_logic_s_c2_in_for_b0000st_lambda_3_9038_0gr.sv -work fpgaclue_alpaka_sys_140 
# -- Compiling module const_lambda_3_i_sfc_logic_s_c2_in_for_b0000st_lambda_3_9038_0gr
# 
# Top level modules:
# 	const_lambda_3_i_sfc_logic_s_c2_in_for_b0000st_lambda_3_9038_0gr
# End time: 16:50:18 on Aug 11,2026, Elapsed time: 0:00:00
# Errors: 0, Warnings: 0
# Questa Intel FPGA Edition-64 vlog 2025.1 Compiler 2025.01 Jan 18 2025
# Start time: 16:50:19 on Aug 11,2026
# vlog -sv "+incdir+mpsim/sim" "+define+COSIM_LIB" -suppress 2388 -suppress 14408 -suppress 7061 ip/kernel_system/kernel_system_fpgaclue_alpaka_sys/fpgaclue_alpaka_sys_140/sim/const_lambda_3_i_sfc_s_c3_in_for_body_i_0000nst_lambda_3_8401_16.sv -work fpgaclue_alpaka_sys_140 
# -- Compiling module const_lambda_3_i_sfc_s_c3_in_for_body_i_0000nst_lambda_3_8401_16
# 
# Top level modules:
# 	const_lambda_3_i_sfc_s_c3_in_for_body_i_0000nst_lambda_3_8401_16
# End time: 16:50:19 on Aug 11,2026, Elapsed time: 0:00:00
# Errors: 0, Warnings: 0
# Questa Intel FPGA Edition-64 vlog 2025.1 Compiler 2025.01 Jan 18 2025
# Start time: 16:50:19 on Aug 11,2026
# vlog -sv "+incdir+mpsim/sim" "+define+COSIM_LIB" -suppress 2388 -suppress 14408 -suppress 7061 ip/kernel_system/kernel_system_fpgaclue_alpaka_sys/fpgaclue_alpaka_sys_140/sim/const_lambda_3_i_llvm_fpga_sfc_exit_s_c30000st_lambda_3_8899_0gr.sv -work fpgaclue_alpaka_sys_140 
# -- Compiling module const_lambda_3_i_llvm_fpga_sfc_exit_s_c30000st_lambda_3_8899_0gr
# 
# Top level modules:
# 	const_lambda_3_i_llvm_fpga_sfc_exit_s_c30000st_lambda_3_8899_0gr
# End time: 16:50:19 on Aug 11,2026, Elapsed time: 0:00:00
# Errors: 0, Warnings: 0
# Questa Intel FPGA Edition-64 vlog 2025.1 Compiler 2025.01 Jan 18 2025
# Start time: 16:50:19 on Aug 11,2026
# vlog -sv "+incdir+mpsim/sim" "+define+COSIM_LIB" -suppress 2388 -suppress 14408 -suppress 7061 ip/kernel_system/kernel_system_fpgaclue_alpaka_sys/fpgaclue_alpaka_sys_140/sim/const_lambda_3_i_llvm_fpga_sfc_exit_s_c3000072_1gr_full_detector.sv -work fpgaclue_alpaka_sys_140 
# -- Compiling module const_lambda_3_i_llvm_fpga_sfc_exit_s_c3000072_1gr_full_detector
# 
# Top level modules:
# 	const_lambda_3_i_llvm_fpga_sfc_exit_s_c3000072_1gr_full_detector
# End time: 16:50:19 on Aug 11,2026, Elapsed time: 0:00:00
# Errors: 0, Warnings: 0
# Questa Intel FPGA Edition-64 vlog 2025.1 Compiler 2025.01 Jan 18 2025
# Start time: 16:50:19 on Aug 11,2026
# vlog -sv "+incdir+mpsim/sim" "+define+COSIM_LIB" -suppress 2388 -suppress 14408 -suppress 7061 ip/kernel_system/kernel_system_fpgaclue_alpaka_sys/fpgaclue_alpaka_sys_140/sim/const_lambda_3_i_llvm_fpga_sfc_exit_s_c300003_8899_1gr_data_fifo.sv -work fpgaclue_alpaka_sys_140 
# -- Compiling module const_lambda_3_i_llvm_fpga_sfc_exit_s_c300003_8899_1gr_data_fifo
# 
# Top level modules:
# 	const_lambda_3_i_llvm_fpga_sfc_exit_s_c300003_8899_1gr_data_fifo
# End time: 16:50:19 on Aug 11,2026, Elapsed time: 0:00:00
# Errors: 0, Warnings: 0
# Questa Intel FPGA Edition-64 vlog 2025.1 Compiler 2025.01 Jan 18 2025
# Start time: 16:50:19 on Aug 11,2026
# vlog -sv "+incdir+mpsim/sim" "+define+COSIM_LIB" -suppress 2388 -suppress 14408 -suppress 7061 ip/kernel_system/kernel_system_fpgaclue_alpaka_sys/fpgaclue_alpaka_sys_140/sim/const_lambda_3_i_sfc_logic_s_c3_in_for_b0000st_lambda_3_8872_0gr.sv -work fpgaclue_alpaka_sys_140 
# -- Compiling module const_lambda_3_i_sfc_logic_s_c3_in_for_b0000st_lambda_3_8872_0gr
# 
# Top level modules:
# 	const_lambda_3_i_sfc_logic_s_c3_in_for_b0000st_lambda_3_8872_0gr
# End time: 16:50:19 on Aug 11,2026, Elapsed time: 0:00:00
# Errors: 0, Warnings: 0
# Questa Intel FPGA Edition-64 vlog 2025.1 Compiler 2025.01 Jan 18 2025
# Start time: 16:50:19 on Aug 11,2026
# vlog -sv "+incdir+mpsim/sim" "+define+COSIM_LIB" -suppress 2388 -suppress 14408 -suppress 7061 ip/kernel_system/kernel_system_fpgaclue_alpaka_sys/fpgaclue_alpaka_sys_140/sim/const_lambda_3_i_sfc_s_c4_in_for_body_i_0000st_lambda_3_8401_4gr.sv -work fpgaclue_alpaka_sys_140 
# -- Compiling module const_lambda_3_i_sfc_s_c4_in_for_body_i_0000st_lambda_3_8401_4gr
# 
# Top level modules:
# 	const_lambda_3_i_sfc_s_c4_in_for_body_i_0000st_lambda_3_8401_4gr
# End time: 16:50:19 on Aug 11,2026, Elapsed time: 0:00:00
# Errors: 0, Warnings: 0
# Questa Intel FPGA Edition-64 vlog 2025.1 Compiler 2025.01 Jan 18 2025
# Start time: 16:50:19 on Aug 11,2026
# vlog -sv "+incdir+mpsim/sim" "+define+COSIM_LIB" -suppress 2388 -suppress 14408 -suppress 7061 ip/kernel_system/kernel_system_fpgaclue_alpaka_sys/fpgaclue_alpaka_sys_140/sim/const_lambda_3_i_llvm_fpga_sfc_exit_s_c40000st_lambda_3_8751_0gr.sv -work fpgaclue_alpaka_sys_140 
# -- Compiling module const_lambda_3_i_llvm_fpga_sfc_exit_s_c40000st_lambda_3_8751_0gr
# 
# Top level modules:
# 	const_lambda_3_i_llvm_fpga_sfc_exit_s_c40000st_lambda_3_8751_0gr
# End time: 16:50:19 on Aug 11,2026, Elapsed time: 0:00:00
# Errors: 0, Warnings: 0
# Questa Intel FPGA Edition-64 vlog 2025.1 Compiler 2025.01 Jan 18 2025
# Start time: 16:50:19 on Aug 11,2026
# vlog -sv "+incdir+mpsim/sim" "+define+COSIM_LIB" -suppress 2388 -suppress 14408 -suppress 7061 ip/kernel_system/kernel_system_fpgaclue_alpaka_sys/fpgaclue_alpaka_sys_140/sim/const_lambda_3_i_llvm_fpga_sfc_exit_s_c4000037_1gr_full_detector.sv -work fpgaclue_alpaka_sys_140 
# -- Compiling module const_lambda_3_i_llvm_fpga_sfc_exit_s_c4000037_1gr_full_detector
# 
# Top level modules:
# 	const_lambda_3_i_llvm_fpga_sfc_exit_s_c4000037_1gr_full_detector
# End time: 16:50:19 on Aug 11,2026, Elapsed time: 0:00:00
# Errors: 0, Warnings: 0
# Questa Intel FPGA Edition-64 vlog 2025.1 Compiler 2025.01 Jan 18 2025
# Start time: 16:50:19 on Aug 11,2026
# vlog -sv "+incdir+mpsim/sim" "+define+COSIM_LIB" -suppress 2388 -suppress 14408 -suppress 7061 ip/kernel_system/kernel_system_fpgaclue_alpaka_sys/fpgaclue_alpaka_sys_140/sim/const_lambda_3_i_llvm_fpga_sfc_exit_s_c400003_8751_1gr_data_fifo.sv -work fpgaclue_alpaka_sys_140 
# -- Compiling module const_lambda_3_i_llvm_fpga_sfc_exit_s_c400003_8751_1gr_data_fifo
# 
# Top level modules:
# 	const_lambda_3_i_llvm_fpga_sfc_exit_s_c400003_8751_1gr_data_fifo
# End time: 16:50:19 on Aug 11,2026, Elapsed time: 0:00:00
# Errors: 0, Warnings: 0
# Questa Intel FPGA Edition-64 vlog 2025.1 Compiler 2025.01 Jan 18 2025
# Start time: 16:50:19 on Aug 11,2026
# vlog -sv "+incdir+mpsim/sim" "+define+COSIM_LIB" -suppress 2388 -suppress 14408 -suppress 7061 ip/kernel_system/kernel_system_fpgaclue_alpaka_sys/fpgaclue_alpaka_sys_140/sim/const_lambda_3_i_sfc_logic_s_c4_in_for_b0000st_lambda_3_8737_0gr.sv -work fpgaclue_alpaka_sys_140 
# -- Compiling module const_lambda_3_i_sfc_logic_s_c4_in_for_b0000st_lambda_3_8737_0gr
# 
# Top level modules:
# 	const_lambda_3_i_sfc_logic_s_c4_in_for_b0000st_lambda_3_8737_0gr
# End time: 16:50:19 on Aug 11,2026, Elapsed time: 0:00:00
# Errors: 0, Warnings: 0
# Questa Intel FPGA Edition-64 vlog 2025.1 Compiler 2025.01 Jan 18 2025
# Start time: 16:50:19 on Aug 11,2026
# vlog -sv "+incdir+mpsim/sim" "+define+COSIM_LIB" -suppress 2388 -suppress 14408 -suppress 7061 ip/kernel_system/kernel_system_fpgaclue_alpaka_sys/fpgaclue_alpaka_sys_140/sim/const_lambda_3_i_sfc_s_c5_in_for_body_i_0000nst_lambda_3_8401_10.sv -work fpgaclue_alpaka_sys_140 
# -- Compiling module const_lambda_3_i_sfc_s_c5_in_for_body_i_0000nst_lambda_3_8401_10
# 
# Top level modules:
# 	const_lambda_3_i_sfc_s_c5_in_for_body_i_0000nst_lambda_3_8401_10
# End time: 16:50:19 on Aug 11,2026, Elapsed time: 0:00:00
# Errors: 0, Warnings: 0
# Questa Intel FPGA Edition-64 vlog 2025.1 Compiler 2025.01 Jan 18 2025
# Start time: 16:50:19 on Aug 11,2026
# vlog -sv "+incdir+mpsim/sim" "+define+COSIM_LIB" -suppress 2388 -suppress 14408 -suppress 7061 ip/kernel_system/kernel_system_fpgaclue_alpaka_sys/fpgaclue_alpaka_sys_140/sim/const_lambda_3_i_llvm_fpga_sfc_exit_s_c50000st_lambda_3_8841_0gr.sv -work fpgaclue_alpaka_sys_140 
# -- Compiling module const_lambda_3_i_llvm_fpga_sfc_exit_s_c50000st_lambda_3_8841_0gr
# 
# Top level modules:
# 	const_lambda_3_i_llvm_fpga_sfc_exit_s_c50000st_lambda_3_8841_0gr
# End time: 16:50:19 on Aug 11,2026, Elapsed time: 0:00:00
# Errors: 0, Warnings: 0
# Questa Intel FPGA Edition-64 vlog 2025.1 Compiler 2025.01 Jan 18 2025
# Start time: 16:50:19 on Aug 11,2026
# vlog -sv "+incdir+mpsim/sim" "+define+COSIM_LIB" -suppress 2388 -suppress 14408 -suppress 7061 ip/kernel_system/kernel_system_fpgaclue_alpaka_sys/fpgaclue_alpaka_sys_140/sim/const_lambda_3_i_llvm_fpga_sfc_exit_s_c5000030_1gr_full_detector.sv -work fpgaclue_alpaka_sys_140 
# -- Compiling module const_lambda_3_i_llvm_fpga_sfc_exit_s_c5000030_1gr_full_detector
# 
# Top level modules:
# 	const_lambda_3_i_llvm_fpga_sfc_exit_s_c5000030_1gr_full_detector
# End time: 16:50:19 on Aug 11,2026, Elapsed time: 0:00:00
# Errors: 0, Warnings: 0
# Questa Intel FPGA Edition-64 vlog 2025.1 Compiler 2025.01 Jan 18 2025
# Start time: 16:50:19 on Aug 11,2026
# vlog -sv "+incdir+mpsim/sim" "+define+COSIM_LIB" -suppress 2388 -suppress 14408 -suppress 7061 ip/kernel_system/kernel_system_fpgaclue_alpaka_sys/fpgaclue_alpaka_sys_140/sim/const_lambda_3_i_llvm_fpga_sfc_exit_s_c500003_8841_1gr_data_fifo.sv -work fpgaclue_alpaka_sys_140 
# -- Compiling module const_lambda_3_i_llvm_fpga_sfc_exit_s_c500003_8841_1gr_data_fifo
# 
# Top level modules:
# 	const_lambda_3_i_llvm_fpga_sfc_exit_s_c500003_8841_1gr_data_fifo
# End time: 16:50:19 on Aug 11,2026, Elapsed time: 0:00:00
# Errors: 0, Warnings: 0
# Questa Intel FPGA Edition-64 vlog 2025.1 Compiler 2025.01 Jan 18 2025
# Start time: 16:50:19 on Aug 11,2026
# vlog -sv "+incdir+mpsim/sim" "+define+COSIM_LIB" -suppress 2388 -suppress 14408 -suppress 7061 ip/kernel_system/kernel_system_fpgaclue_alpaka_sys/fpgaclue_alpaka_sys_140/sim/const_lambda_3_i_sfc_logic_s_c5_in_for_b0000st_lambda_3_8830_0gr.sv -work fpgaclue_alpaka_sys_140 
# -- Compiling module const_lambda_3_i_sfc_logic_s_c5_in_for_b0000st_lambda_3_8830_0gr
# 
# Top level modules:
# 	const_lambda_3_i_sfc_logic_s_c5_in_for_b0000st_lambda_3_8830_0gr
# End time: 16:50:19 on Aug 11,2026, Elapsed time: 0:00:00
# Errors: 0, Warnings: 0
# Questa Intel FPGA Edition-64 vlog 2025.1 Compiler 2025.01 Jan 18 2025
# Start time: 16:50:19 on Aug 11,2026
# vlog -sv "+incdir+mpsim/sim" "+define+COSIM_LIB" -suppress 2388 -suppress 14408 -suppress 7061 ip/kernel_system/kernel_system_fpgaclue_alpaka_sys/fpgaclue_alpaka_sys_140/sim/const_lambda_3_i_sfc_s_c6_in_for_body_i_0000nst_lambda_3_8401_13.sv -work fpgaclue_alpaka_sys_140 
# -- Compiling module const_lambda_3_i_sfc_s_c6_in_for_body_i_0000nst_lambda_3_8401_13
# 
# Top level modules:
# 	const_lambda_3_i_sfc_s_c6_in_for_body_i_0000nst_lambda_3_8401_13
# End time: 16:50:20 on Aug 11,2026, Elapsed time: 0:00:01
# Errors: 0, Warnings: 0
# Questa Intel FPGA Edition-64 vlog 2025.1 Compiler 2025.01 Jan 18 2025
# Start time: 16:50:20 on Aug 11,2026
# vlog -sv "+incdir+mpsim/sim" "+define+COSIM_LIB" -suppress 2388 -suppress 14408 -suppress 7061 ip/kernel_system/kernel_system_fpgaclue_alpaka_sys/fpgaclue_alpaka_sys_140/sim/const_lambda_3_i_llvm_fpga_sfc_exit_s_c60000st_lambda_3_8862_0gr.sv -work fpgaclue_alpaka_sys_140 
# -- Compiling module const_lambda_3_i_llvm_fpga_sfc_exit_s_c60000st_lambda_3_8862_0gr
# 
# Top level modules:
# 	const_lambda_3_i_llvm_fpga_sfc_exit_s_c60000st_lambda_3_8862_0gr
# End time: 16:50:20 on Aug 11,2026, Elapsed time: 0:00:00
# Errors: 0, Warnings: 0
# Questa Intel FPGA Edition-64 vlog 2025.1 Compiler 2025.01 Jan 18 2025
# Start time: 16:50:20 on Aug 11,2026
# vlog -sv "+incdir+mpsim/sim" "+define+COSIM_LIB" -suppress 2388 -suppress 14408 -suppress 7061 ip/kernel_system/kernel_system_fpgaclue_alpaka_sys/fpgaclue_alpaka_sys_140/sim/const_lambda_3_i_llvm_fpga_sfc_exit_s_c6000051_1gr_full_detector.sv -work fpgaclue_alpaka_sys_140 
# -- Compiling module const_lambda_3_i_llvm_fpga_sfc_exit_s_c6000051_1gr_full_detector
# 
# Top level modules:
# 	const_lambda_3_i_llvm_fpga_sfc_exit_s_c6000051_1gr_full_detector
# End time: 16:50:20 on Aug 11,2026, Elapsed time: 0:00:00
# Errors: 0, Warnings: 0
# Questa Intel FPGA Edition-64 vlog 2025.1 Compiler 2025.01 Jan 18 2025
# Start time: 16:50:20 on Aug 11,2026
# vlog -sv "+incdir+mpsim/sim" "+define+COSIM_LIB" -suppress 2388 -suppress 14408 -suppress 7061 ip/kernel_system/kernel_system_fpgaclue_alpaka_sys/fpgaclue_alpaka_sys_140/sim/const_lambda_3_i_llvm_fpga_sfc_exit_s_c600003_8862_1gr_data_fifo.sv -work fpgaclue_alpaka_sys_140 
# -- Compiling module const_lambda_3_i_llvm_fpga_sfc_exit_s_c600003_8862_1gr_data_fifo
# 
# Top level modules:
# 	const_lambda_3_i_llvm_fpga_sfc_exit_s_c600003_8862_1gr_data_fifo
# End time: 16:50:20 on Aug 11,2026, Elapsed time: 0:00:00
# Errors: 0, Warnings: 0
# Questa Intel FPGA Edition-64 vlog 2025.1 Compiler 2025.01 Jan 18 2025
# Start time: 16:50:20 on Aug 11,2026
# vlog -sv "+incdir+mpsim/sim" "+define+COSIM_LIB" -suppress 2388 -suppress 14408 -suppress 7061 ip/kernel_system/kernel_system_fpgaclue_alpaka_sys/fpgaclue_alpaka_sys_140/sim/const_lambda_3_i_sfc_logic_s_c6_in_for_b0000st_lambda_3_8851_0gr.sv -work fpgaclue_alpaka_sys_140 
# -- Compiling module const_lambda_3_i_sfc_logic_s_c6_in_for_b0000st_lambda_3_8851_0gr
# 
# Top level modules:
# 	const_lambda_3_i_sfc_logic_s_c6_in_for_b0000st_lambda_3_8851_0gr
# End time: 16:50:20 on Aug 11,2026, Elapsed time: 0:00:00
# Errors: 0, Warnings: 0
# Questa Intel FPGA Edition-64 vlog 2025.1 Compiler 2025.01 Jan 18 2025
# Start time: 16:50:20 on Aug 11,2026
# vlog -sv "+incdir+mpsim/sim" "+define+COSIM_LIB" -suppress 2388 -suppress 14408 -suppress 7061 ip/kernel_system/kernel_system_fpgaclue_alpaka_sys/fpgaclue_alpaka_sys_140/sim/const_lambda_3_B1_branch.sv -work fpgaclue_alpaka_sys_140 
# -- Compiling module const_lambda_3_B1_branch
# 
# Top level modules:
# 	const_lambda_3_B1_branch
# End time: 16:50:20 on Aug 11,2026, Elapsed time: 0:00:00
# Errors: 0, Warnings: 0
# Questa Intel FPGA Edition-64 vlog 2025.1 Compiler 2025.01 Jan 18 2025
# Start time: 16:50:20 on Aug 11,2026
# vlog -sv "+incdir+mpsim/sim" "+define+COSIM_LIB" -suppress 2388 -suppress 14408 -suppress 7061 ip/kernel_system/kernel_system_fpgaclue_alpaka_sys/fpgaclue_alpaka_sys_140/sim/const_lambda_3_B1_merge.sv -work fpgaclue_alpaka_sys_140 
# -- Compiling module const_lambda_3_B1_merge
# 
# Top level modules:
# 	const_lambda_3_B1_merge
# End time: 16:50:20 on Aug 11,2026, Elapsed time: 0:00:00
# Errors: 0, Warnings: 0
# Questa Intel FPGA Edition-64 vlog 2025.1 Compiler 2025.01 Jan 18 2025
# Start time: 16:50:20 on Aug 11,2026
# vlog -sv "+incdir+mpsim/sim" "+define+COSIM_LIB" -suppress 2388 -suppress 14408 -suppress 7061 ip/kernel_system/kernel_system_fpgaclue_alpaka_sys/fpgaclue_alpaka_sys_140/sim/const_lambda_3_bb_B1_sr_0.sv -work fpgaclue_alpaka_sys_140 
# -- Compiling module const_lambda_3_bb_B1_sr_0
# 
# Top level modules:
# 	const_lambda_3_bb_B1_sr_0
# End time: 16:50:20 on Aug 11,2026, Elapsed time: 0:00:00
# Errors: 0, Warnings: 0
# Questa Intel FPGA Edition-64 vlog 2025.1 Compiler 2025.01 Jan 18 2025
# Start time: 16:50:20 on Aug 11,2026
# vlog -sv "+incdir+mpsim/sim" "+define+COSIM_LIB" -suppress 2388 -suppress 14408 -suppress 7061 ip/kernel_system/kernel_system_fpgaclue_alpaka_sys/fpgaclue_alpaka_sys_140/sim/const_lambda_3_bb_B1_sr_1.sv -work fpgaclue_alpaka_sys_140 
# -- Compiling module const_lambda_3_bb_B1_sr_1
# 
# Top level modules:
# 	const_lambda_3_bb_B1_sr_1
# End time: 16:50:20 on Aug 11,2026, Elapsed time: 0:00:00
# Errors: 0, Warnings: 0
# Questa Intel FPGA Edition-64 vlog 2025.1 Compiler 2025.01 Jan 18 2025
# Start time: 16:50:20 on Aug 11,2026
# vlog -sv "+incdir+mpsim/sim" "+define+COSIM_LIB" -suppress 2388 -suppress 14408 -suppress 7061 ip/kernel_system/kernel_system_fpgaclue_alpaka_sys/fpgaclue_alpaka_sys_140/sim/const_lambda_3_bb_B2_sr_0.sv -work fpgaclue_alpaka_sys_140 
# -- Compiling module const_lambda_3_bb_B2_sr_0
# 
# Top level modules:
# 	const_lambda_3_bb_B2_sr_0
# End time: 16:50:20 on Aug 11,2026, Elapsed time: 0:00:00
# Errors: 0, Warnings: 0
# Questa Intel FPGA Edition-64 vlog 2025.1 Compiler 2025.01 Jan 18 2025
# Start time: 16:50:20 on Aug 11,2026
# vlog -sv "+incdir+mpsim/sim" "+define+COSIM_LIB" -suppress 2388 -suppress 14408 -suppress 7061 ip/kernel_system/kernel_system_fpgaclue_alpaka_sys/fpgaclue_alpaka_sys_140/sim/const_lambda_3_function_cra_agent.sv -work fpgaclue_alpaka_sys_140 
# -- Compiling module const_lambda_3_function_cra_agent
# 
# Top level modules:
# 	const_lambda_3_function_cra_agent
# End time: 16:50:20 on Aug 11,2026, Elapsed time: 0:00:00
# Errors: 0, Warnings: 0
# Questa Intel FPGA Edition-64 vlog 2025.1 Compiler 2025.01 Jan 18 2025
# Start time: 16:50:20 on Aug 11,2026
# vlog -sv "+incdir+mpsim/sim" "+define+COSIM_LIB" -suppress 2388 -suppress 14408 -suppress 7061 ip/kernel_system/kernel_system_fpgaclue_alpaka_sys/fpgaclue_alpaka_sys_140/sim/acl_start_signal_chain_element.sv -work fpgaclue_alpaka_sys_140 
# -- Compiling module acl_start_signal_chain_element
# 
# Top level modules:
# 	acl_start_signal_chain_element
# End time: 16:50:20 on Aug 11,2026, Elapsed time: 0:00:00
# Errors: 0, Warnings: 0
# Questa Intel FPGA Edition-64 vlog 2025.1 Compiler 2025.01 Jan 18 2025
# Start time: 16:50:20 on Aug 11,2026
# vlog -sv "+incdir+mpsim/sim" "+define+COSIM_LIB" -suppress 2388 -suppress 14408 -suppress 7061 ip/kernel_system/kernel_system_fpgaclue_alpaka_sys/fpgaclue_alpaka_sys_140/sim/const_lambda_4_function_wrapper.sv -work fpgaclue_alpaka_sys_140 
# -- Compiling module const_lambda_4_function_wrapper
# 
# Top level modules:
# 	const_lambda_4_function_wrapper
# End time: 16:50:20 on Aug 11,2026, Elapsed time: 0:00:00
# Errors: 0, Warnings: 0
# Questa Intel FPGA Edition-64 vlog 2025.1 Compiler 2025.01 Jan 18 2025
# Start time: 16:50:20 on Aug 11,2026
# vlog -sv "+incdir+mpsim/sim" "+define+COSIM_LIB" -suppress 2388 -suppress 14408 -suppress 7061 ip/kernel_system/kernel_system_fpgaclue_alpaka_sys/fpgaclue_alpaka_sys_140/sim/const_lambda_4_function.sv -work fpgaclue_alpaka_sys_140 
# -- Compiling module const_lambda_4_function
# 
# Top level modules:
# 	const_lambda_4_function
# End time: 16:50:20 on Aug 11,2026, Elapsed time: 0:00:00
# Errors: 0, Warnings: 0
# Questa Intel FPGA Edition-64 vlog 2025.1 Compiler 2025.01 Jan 18 2025
# Start time: 16:50:20 on Aug 11,2026
# vlog -sv "+incdir+mpsim/sim" "+define+COSIM_LIB" -suppress 2388 -suppress 14408 -suppress 7061 ip/kernel_system/kernel_system_fpgaclue_alpaka_sys/fpgaclue_alpaka_sys_140/sim/const_lambda_4_bb_B1.sv -work fpgaclue_alpaka_sys_140 
# -- Compiling module const_lambda_4_bb_B1
# 
# Top level modules:
# 	const_lambda_4_bb_B1
# End time: 16:50:20 on Aug 11,2026, Elapsed time: 0:00:00
# Errors: 0, Warnings: 0
# Questa Intel FPGA Edition-64 vlog 2025.1 Compiler 2025.01 Jan 18 2025
# Start time: 16:50:20 on Aug 11,2026
# vlog -sv "+incdir+mpsim/sim" "+define+COSIM_LIB" -suppress 2388 -suppress 14408 -suppress 7061 ip/kernel_system/kernel_system_fpgaclue_alpaka_sys/fpgaclue_alpaka_sys_140/sim/const_lambda_4_bb_B1_stall_region.sv -work fpgaclue_alpaka_sys_140 
# -- Compiling module const_lambda_4_bb_B1_stall_region
# 
# Top level modules:
# 	const_lambda_4_bb_B1_stall_region
# End time: 16:50:21 on Aug 11,2026, Elapsed time: 0:00:01
# Errors: 0, Warnings: 0
# Questa Intel FPGA Edition-64 vlog 2025.1 Compiler 2025.01 Jan 18 2025
# Start time: 16:50:21 on Aug 11,2026
# vlog -sv "+incdir+mpsim/sim" "+define+COSIM_LIB" -suppress 2388 -suppress 14408 -suppress 7061 ip/kernel_system/kernel_system_fpgaclue_alpaka_sys/fpgaclue_alpaka_sys_140/sim/const_lambda_4_B1_merge_reg.sv -work fpgaclue_alpaka_sys_140 
# -- Compiling module const_lambda_4_B1_merge_reg
# 
# Top level modules:
# 	const_lambda_4_B1_merge_reg
# End time: 16:50:21 on Aug 11,2026, Elapsed time: 0:00:00
# Errors: 0, Warnings: 0
# Questa Intel FPGA Edition-64 vlog 2025.1 Compiler 2025.01 Jan 18 2025
# Start time: 16:50:21 on Aug 11,2026
# vlog -sv "+incdir+mpsim/sim" "+define+COSIM_LIB" -suppress 2388 -suppress 14408 -suppress 7061 ip/kernel_system/kernel_system_fpgaclue_alpaka_sys/fpgaclue_alpaka_sys_140/sim/const_lambda_4_i_sfc_s_c0_in_for_body_i_0000t_lambda_4_10474_1gr.sv -work fpgaclue_alpaka_sys_140 
# -- Compiling module const_lambda_4_i_sfc_s_c0_in_for_body_i_0000t_lambda_4_10474_1gr
# 
# Top level modules:
# 	const_lambda_4_i_sfc_s_c0_in_for_body_i_0000t_lambda_4_10474_1gr
# End time: 16:50:21 on Aug 11,2026, Elapsed time: 0:00:00
# Errors: 0, Warnings: 0
# Questa Intel FPGA Edition-64 vlog 2025.1 Compiler 2025.01 Jan 18 2025
# Start time: 16:50:21 on Aug 11,2026
# vlog -sv "+incdir+mpsim/sim" "+define+COSIM_LIB" -suppress 2388 -suppress 14408 -suppress 7061 ip/kernel_system/kernel_system_fpgaclue_alpaka_sys/fpgaclue_alpaka_sys_140/sim/const_lambda_4_i_llvm_fpga_sfc_exit_s_c00000t_lambda_4_10507_0gr.sv -work fpgaclue_alpaka_sys_140 
# -- Compiling module const_lambda_4_i_llvm_fpga_sfc_exit_s_c00000t_lambda_4_10507_0gr
# 
# Top level modules:
# 	const_lambda_4_i_llvm_fpga_sfc_exit_s_c00000t_lambda_4_10507_0gr
# End time: 16:50:21 on Aug 11,2026, Elapsed time: 0:00:00
# Errors: 0, Warnings: 0
# Questa Intel FPGA Edition-64 vlog 2025.1 Compiler 2025.01 Jan 18 2025
# Start time: 16:50:21 on Aug 11,2026
# vlog -sv "+incdir+mpsim/sim" "+define+COSIM_LIB" -suppress 2388 -suppress 14408 -suppress 7061 ip/kernel_system/kernel_system_fpgaclue_alpaka_sys/fpgaclue_alpaka_sys_140/sim/const_lambda_4_i_llvm_fpga_sfc_exit_s_c0000092_1gr_full_detector.sv -work fpgaclue_alpaka_sys_140 
# -- Compiling module const_lambda_4_i_llvm_fpga_sfc_exit_s_c0000092_1gr_full_detector
# 
# Top level modules:
# 	const_lambda_4_i_llvm_fpga_sfc_exit_s_c0000092_1gr_full_detector
# End time: 16:50:21 on Aug 11,2026, Elapsed time: 0:00:00
# Errors: 0, Warnings: 0
# Questa Intel FPGA Edition-64 vlog 2025.1 Compiler 2025.01 Jan 18 2025
# Start time: 16:50:21 on Aug 11,2026
# vlog -sv "+incdir+mpsim/sim" "+define+COSIM_LIB" -suppress 2388 -suppress 14408 -suppress 7061 ip/kernel_system/kernel_system_fpgaclue_alpaka_sys/fpgaclue_alpaka_sys_140/sim/const_lambda_4_i_llvm_fpga_sfc_exit_s_c00000_10507_1gr_data_fifo.sv -work fpgaclue_alpaka_sys_140 
# -- Compiling module const_lambda_4_i_llvm_fpga_sfc_exit_s_c00000_10507_1gr_data_fifo
# 
# Top level modules:
# 	const_lambda_4_i_llvm_fpga_sfc_exit_s_c00000_10507_1gr_data_fifo
# End time: 16:50:21 on Aug 11,2026, Elapsed time: 0:00:00
# Errors: 0, Warnings: 0
# Questa Intel FPGA Edition-64 vlog 2025.1 Compiler 2025.01 Jan 18 2025
# Start time: 16:50:21 on Aug 11,2026
# vlog -sv "+incdir+mpsim/sim" "+define+COSIM_LIB" -suppress 2388 -suppress 14408 -suppress 7061 ip/kernel_system/kernel_system_fpgaclue_alpaka_sys/fpgaclue_alpaka_sys_140/sim/const_lambda_4_i_sfc_logic_s_c0_in_for_b0000t_lambda_4_10492_0gr.sv -work fpgaclue_alpaka_sys_140 
# -- Compiling module const_lambda_4_i_sfc_logic_s_c0_in_for_b0000t_lambda_4_10492_0gr
# 
# Top level modules:
# 	const_lambda_4_i_sfc_logic_s_c0_in_for_b0000t_lambda_4_10492_0gr
# End time: 16:50:21 on Aug 11,2026, Elapsed time: 0:00:00
# Errors: 0, Warnings: 0
# Questa Intel FPGA Edition-64 vlog 2025.1 Compiler 2025.01 Jan 18 2025
# Start time: 16:50:21 on Aug 11,2026
# vlog -sv "+incdir+mpsim/sim" "+define+COSIM_LIB" -suppress 2388 -suppress 14408 -suppress 7061 ip/kernel_system/kernel_system_fpgaclue_alpaka_sys/fpgaclue_alpaka_sys_140/sim/const_lambda_4_B1_branch.sv -work fpgaclue_alpaka_sys_140 
# -- Compiling module const_lambda_4_B1_branch
# 
# Top level modules:
# 	const_lambda_4_B1_branch
# End time: 16:50:21 on Aug 11,2026, Elapsed time: 0:00:00
# Errors: 0, Warnings: 0
# Questa Intel FPGA Edition-64 vlog 2025.1 Compiler 2025.01 Jan 18 2025
# Start time: 16:50:21 on Aug 11,2026
# vlog -sv "+incdir+mpsim/sim" "+define+COSIM_LIB" -suppress 2388 -suppress 14408 -suppress 7061 ip/kernel_system/kernel_system_fpgaclue_alpaka_sys/fpgaclue_alpaka_sys_140/sim/const_lambda_4_B1_merge.sv -work fpgaclue_alpaka_sys_140 
# -- Compiling module const_lambda_4_B1_merge
# 
# Top level modules:
# 	const_lambda_4_B1_merge
# End time: 16:50:21 on Aug 11,2026, Elapsed time: 0:00:00
# Errors: 0, Warnings: 0
# Questa Intel FPGA Edition-64 vlog 2025.1 Compiler 2025.01 Jan 18 2025
# Start time: 16:50:21 on Aug 11,2026
# vlog -sv "+incdir+mpsim/sim" "+define+COSIM_LIB" -suppress 2388 -suppress 14408 -suppress 7061 ip/kernel_system/kernel_system_fpgaclue_alpaka_sys/fpgaclue_alpaka_sys_140/sim/const_lambda_4_bb_B10.sv -work fpgaclue_alpaka_sys_140 
# -- Compiling module const_lambda_4_bb_B10
# 
# Top level modules:
# 	const_lambda_4_bb_B10
# End time: 16:50:21 on Aug 11,2026, Elapsed time: 0:00:00
# Errors: 0, Warnings: 0
# Questa Intel FPGA Edition-64 vlog 2025.1 Compiler 2025.01 Jan 18 2025
# Start time: 16:50:21 on Aug 11,2026
# vlog -sv "+incdir+mpsim/sim" "+define+COSIM_LIB" -suppress 2388 -suppress 14408 -suppress 7061 ip/kernel_system/kernel_system_fpgaclue_alpaka_sys/fpgaclue_alpaka_sys_140/sim/const_lambda_4_bb_B10_stall_region.sv -work fpgaclue_alpaka_sys_140 
# -- Compiling module const_lambda_4_bb_B10_stall_region
# 
# Top level modules:
# 	const_lambda_4_bb_B10_stall_region
# End time: 16:50:21 on Aug 11,2026, Elapsed time: 0:00:00
# Errors: 0, Warnings: 0
# Questa Intel FPGA Edition-64 vlog 2025.1 Compiler 2025.01 Jan 18 2025
# Start time: 16:50:21 on Aug 11,2026
# vlog -sv "+incdir+mpsim/sim" "+define+COSIM_LIB" -suppress 2388 -suppress 14408 -suppress 7061 ip/kernel_system/kernel_system_fpgaclue_alpaka_sys/fpgaclue_alpaka_sys_140/sim/const_lambda_4_i_llvm_fpga_mem_unnamed_10000t_lambda_4_11436_0gr.sv -work fpgaclue_alpaka_sys_140 
# -- Compiling module const_lambda_4_i_llvm_fpga_mem_unnamed_10000t_lambda_4_11436_0gr
# 
# Top level modules:
# 	const_lambda_4_i_llvm_fpga_mem_unnamed_10000t_lambda_4_11436_0gr
# End time: 16:50:21 on Aug 11,2026, Elapsed time: 0:00:00
# Errors: 0, Warnings: 0
# Questa Intel FPGA Edition-64 vlog 2025.1 Compiler 2025.01 Jan 18 2025
# Start time: 16:50:21 on Aug 11,2026
# vlog -sv "+incdir+mpsim/sim" "+define+COSIM_LIB" -suppress 2388 -suppress 14408 -suppress 7061 ip/kernel_system/kernel_system_fpgaclue_alpaka_sys/fpgaclue_alpaka_sys_140/sim/const_lambda_4_i_llvm_fpga_mem_unnamed_80000t_lambda_4_11337_0gr.sv -work fpgaclue_alpaka_sys_140 
# -- Compiling module const_lambda_4_i_llvm_fpga_mem_unnamed_80000t_lambda_4_11337_0gr
# 
# Top level modules:
# 	const_lambda_4_i_llvm_fpga_mem_unnamed_80000t_lambda_4_11337_0gr
# End time: 16:50:21 on Aug 11,2026, Elapsed time: 0:00:00
# Errors: 0, Warnings: 0
# Questa Intel FPGA Edition-64 vlog 2025.1 Compiler 2025.01 Jan 18 2025
# Start time: 16:50:21 on Aug 11,2026
# vlog -sv "+incdir+mpsim/sim" "+define+COSIM_LIB" -suppress 2388 -suppress 14408 -suppress 7061 ip/kernel_system/kernel_system_fpgaclue_alpaka_sys/fpgaclue_alpaka_sys_140/sim/const_lambda_4_readdata_reg_unnamed_8_const_lambda_44.sv -work fpgaclue_alpaka_sys_140 
# -- Compiling module const_lambda_4_readdata_reg_unnamed_8_const_lambda_44
# 
# Top level modules:
# 	const_lambda_4_readdata_reg_unnamed_8_const_lambda_44
# End time: 16:50:21 on Aug 11,2026, Elapsed time: 0:00:00
# Errors: 0, Warnings: 0
# Questa Intel FPGA Edition-64 vlog 2025.1 Compiler 2025.01 Jan 18 2025
# Start time: 16:50:21 on Aug 11,2026
# vlog -sv "+incdir+mpsim/sim" "+define+COSIM_LIB" -suppress 2388 -suppress 14408 -suppress 7061 ip/kernel_system/kernel_system_fpgaclue_alpaka_sys/fpgaclue_alpaka_sys_140/sim/const_lambda_4_i_llvm_fpga_mem_unnamed_90000t_lambda_4_11413_0gr.sv -work fpgaclue_alpaka_sys_140 
# -- Compiling module const_lambda_4_i_llvm_fpga_mem_unnamed_90000t_lambda_4_11413_0gr
# 
# Top level modules:
# 	const_lambda_4_i_llvm_fpga_mem_unnamed_90000t_lambda_4_11413_0gr
# End time: 16:50:21 on Aug 11,2026, Elapsed time: 0:00:00
# Errors: 0, Warnings: 0
# Questa Intel FPGA Edition-64 vlog 2025.1 Compiler 2025.01 Jan 18 2025
# Start time: 16:50:21 on Aug 11,2026
# vlog -sv "+incdir+mpsim/sim" "+define+COSIM_LIB" -suppress 2388 -suppress 14408 -suppress 7061 ip/kernel_system/kernel_system_fpgaclue_alpaka_sys/fpgaclue_alpaka_sys_140/sim/const_lambda_4_readdata_reg_unnamed_9_const_lambda_45.sv -work fpgaclue_alpaka_sys_140 
# -- Compiling module const_lambda_4_readdata_reg_unnamed_9_const_lambda_45
# 
# Top level modules:
# 	const_lambda_4_readdata_reg_unnamed_9_const_lambda_45
# End time: 16:50:21 on Aug 11,2026, Elapsed time: 0:00:00
# Errors: 0, Warnings: 0
# Questa Intel FPGA Edition-64 vlog 2025.1 Compiler 2025.01 Jan 18 2025
# Start time: 16:50:21 on Aug 11,2026
# vlog -sv "+incdir+mpsim/sim" "+define+COSIM_LIB" -suppress 2388 -suppress 14408 -suppress 7061 ip/kernel_system/kernel_system_fpgaclue_alpaka_sys/fpgaclue_alpaka_sys_140/sim/const_lambda_4_B10_merge_reg.sv -work fpgaclue_alpaka_sys_140 
# -- Compiling module const_lambda_4_B10_merge_reg
# 
# Top level modules:
# 	const_lambda_4_B10_merge_reg
# End time: 16:50:22 on Aug 11,2026, Elapsed time: 0:00:01
# Errors: 0, Warnings: 0
# Questa Intel FPGA Edition-64 vlog 2025.1 Compiler 2025.01 Jan 18 2025
# Start time: 16:50:22 on Aug 11,2026
# vlog -sv "+incdir+mpsim/sim" "+define+COSIM_LIB" -suppress 2388 -suppress 14408 -suppress 7061 ip/kernel_system/kernel_system_fpgaclue_alpaka_sys/fpgaclue_alpaka_sys_140/sim/const_lambda_4_i_sfc_s_c0_in_for_body58_0000t_lambda_4_11255_1gr.sv -work fpgaclue_alpaka_sys_140 
# -- Compiling module const_lambda_4_i_sfc_s_c0_in_for_body58_0000t_lambda_4_11255_1gr
# 
# Top level modules:
# 	const_lambda_4_i_sfc_s_c0_in_for_body58_0000t_lambda_4_11255_1gr
# End time: 16:50:22 on Aug 11,2026, Elapsed time: 0:00:00
# Errors: 0, Warnings: 0
# Questa Intel FPGA Edition-64 vlog 2025.1 Compiler 2025.01 Jan 18 2025
# Start time: 16:50:22 on Aug 11,2026
# vlog -sv "+incdir+mpsim/sim" "+define+COSIM_LIB" -suppress 2388 -suppress 14408 -suppress 7061 ip/kernel_system/kernel_system_fpgaclue_alpaka_sys/fpgaclue_alpaka_sys_140/sim/const_lambda_4_i_llvm_fpga_sfc_exit_s_c00000t_lambda_4_11300_0gr.sv -work fpgaclue_alpaka_sys_140 
# -- Compiling module const_lambda_4_i_llvm_fpga_sfc_exit_s_c00000t_lambda_4_11300_0gr
# 
# Top level modules:
# 	const_lambda_4_i_llvm_fpga_sfc_exit_s_c00000t_lambda_4_11300_0gr
# End time: 16:50:22 on Aug 11,2026, Elapsed time: 0:00:00
# Errors: 0, Warnings: 0
# Questa Intel FPGA Edition-64 vlog 2025.1 Compiler 2025.01 Jan 18 2025
# Start time: 16:50:22 on Aug 11,2026
# vlog -sv "+incdir+mpsim/sim" "+define+COSIM_LIB" -suppress 2388 -suppress 14408 -suppress 7061 ip/kernel_system/kernel_system_fpgaclue_alpaka_sys/fpgaclue_alpaka_sys_140/sim/const_lambda_4_i_llvm_fpga_sfc_exit_s_c0000073_1gr_full_detector.sv -work fpgaclue_alpaka_sys_140 
# -- Compiling module const_lambda_4_i_llvm_fpga_sfc_exit_s_c0000073_1gr_full_detector
# 
# Top level modules:
# 	const_lambda_4_i_llvm_fpga_sfc_exit_s_c0000073_1gr_full_detector
# End time: 16:50:22 on Aug 11,2026, Elapsed time: 0:00:00
# Errors: 0, Warnings: 0
# Questa Intel FPGA Edition-64 vlog 2025.1 Compiler 2025.01 Jan 18 2025
# Start time: 16:50:22 on Aug 11,2026
# vlog -sv "+incdir+mpsim/sim" "+define+COSIM_LIB" -suppress 2388 -suppress 14408 -suppress 7061 ip/kernel_system/kernel_system_fpgaclue_alpaka_sys/fpgaclue_alpaka_sys_140/sim/const_lambda_4_i_llvm_fpga_sfc_exit_s_c00000_11300_1gr_data_fifo.sv -work fpgaclue_alpaka_sys_140 
# -- Compiling module const_lambda_4_i_llvm_fpga_sfc_exit_s_c00000_11300_1gr_data_fifo
# 
# Top level modules:
# 	const_lambda_4_i_llvm_fpga_sfc_exit_s_c00000_11300_1gr_data_fifo
# End time: 16:50:22 on Aug 11,2026, Elapsed time: 0:00:00
# Errors: 0, Warnings: 0
# Questa Intel FPGA Edition-64 vlog 2025.1 Compiler 2025.01 Jan 18 2025
# Start time: 16:50:22 on Aug 11,2026
# vlog -sv "+incdir+mpsim/sim" "+define+COSIM_LIB" -suppress 2388 -suppress 14408 -suppress 7061 ip/kernel_system/kernel_system_fpgaclue_alpaka_sys/fpgaclue_alpaka_sys_140/sim/const_lambda_4_i_sfc_logic_s_c0_in_for_b0000t_lambda_4_11273_0gr.sv -work fpgaclue_alpaka_sys_140 
# -- Compiling module const_lambda_4_i_sfc_logic_s_c0_in_for_b0000t_lambda_4_11273_0gr
# 
# Top level modules:
# 	const_lambda_4_i_sfc_logic_s_c0_in_for_b0000t_lambda_4_11273_0gr
# End time: 16:50:22 on Aug 11,2026, Elapsed time: 0:00:00
# Errors: 0, Warnings: 0
# Questa Intel FPGA Edition-64 vlog 2025.1 Compiler 2025.01 Jan 18 2025
# Start time: 16:50:22 on Aug 11,2026
# vlog -sv "+incdir+mpsim/sim" "+define+COSIM_LIB" -suppress 2388 -suppress 14408 -suppress 7061 ip/kernel_system/kernel_system_fpgaclue_alpaka_sys/fpgaclue_alpaka_sys_140/sim/const_lambda_4_i_sfc_s_c1_in_for_body58_0000t_lambda_4_11255_4gr.sv -work fpgaclue_alpaka_sys_140 
# -- Compiling module const_lambda_4_i_sfc_s_c1_in_for_body58_0000t_lambda_4_11255_4gr
# 
# Top level modules:
# 	const_lambda_4_i_sfc_s_c1_in_for_body58_0000t_lambda_4_11255_4gr
# End time: 16:50:22 on Aug 11,2026, Elapsed time: 0:00:00
# Errors: 0, Warnings: 0
# Questa Intel FPGA Edition-64 vlog 2025.1 Compiler 2025.01 Jan 18 2025
# Start time: 16:50:22 on Aug 11,2026
# vlog -sv "+incdir+mpsim/sim" "+define+COSIM_LIB" -suppress 2388 -suppress 14408 -suppress 7061 ip/kernel_system/kernel_system_fpgaclue_alpaka_sys/fpgaclue_alpaka_sys_140/sim/const_lambda_4_i_llvm_fpga_sfc_exit_s_c10000t_lambda_4_11329_0gr.sv -work fpgaclue_alpaka_sys_140 
# -- Compiling module const_lambda_4_i_llvm_fpga_sfc_exit_s_c10000t_lambda_4_11329_0gr
# 
# Top level modules:
# 	const_lambda_4_i_llvm_fpga_sfc_exit_s_c10000t_lambda_4_11329_0gr
# End time: 16:50:22 on Aug 11,2026, Elapsed time: 0:00:00
# Errors: 0, Warnings: 0
# Questa Intel FPGA Edition-64 vlog 2025.1 Compiler 2025.01 Jan 18 2025
# Start time: 16:50:22 on Aug 11,2026
# vlog -sv "+incdir+mpsim/sim" "+define+COSIM_LIB" -suppress 2388 -suppress 14408 -suppress 7061 ip/kernel_system/kernel_system_fpgaclue_alpaka_sys/fpgaclue_alpaka_sys_140/sim/const_lambda_4_i_llvm_fpga_sfc_exit_s_c1000010_1gr_full_detector.sv -work fpgaclue_alpaka_sys_140 
# -- Compiling module const_lambda_4_i_llvm_fpga_sfc_exit_s_c1000010_1gr_full_detector
# 
# Top level modules:
# 	const_lambda_4_i_llvm_fpga_sfc_exit_s_c1000010_1gr_full_detector
# End time: 16:50:22 on Aug 11,2026, Elapsed time: 0:00:00
# Errors: 0, Warnings: 0
# Questa Intel FPGA Edition-64 vlog 2025.1 Compiler 2025.01 Jan 18 2025
# Start time: 16:50:22 on Aug 11,2026
# vlog -sv "+incdir+mpsim/sim" "+define+COSIM_LIB" -suppress 2388 -suppress 14408 -suppress 7061 ip/kernel_system/kernel_system_fpgaclue_alpaka_sys/fpgaclue_alpaka_sys_140/sim/const_lambda_4_i_llvm_fpga_sfc_exit_s_c10000_11329_1gr_data_fifo.sv -work fpgaclue_alpaka_sys_140 
# -- Compiling module const_lambda_4_i_llvm_fpga_sfc_exit_s_c10000_11329_1gr_data_fifo
# 
# Top level modules:
# 	const_lambda_4_i_llvm_fpga_sfc_exit_s_c10000_11329_1gr_data_fifo
# End time: 16:50:22 on Aug 11,2026, Elapsed time: 0:00:00
# Errors: 0, Warnings: 0
# Questa Intel FPGA Edition-64 vlog 2025.1 Compiler 2025.01 Jan 18 2025
# Start time: 16:50:22 on Aug 11,2026
# vlog -sv "+incdir+mpsim/sim" "+define+COSIM_LIB" -suppress 2388 -suppress 14408 -suppress 7061 ip/kernel_system/kernel_system_fpgaclue_alpaka_sys/fpgaclue_alpaka_sys_140/sim/const_lambda_4_i_sfc_logic_s_c1_in_for_b0000t_lambda_4_11310_0gr.sv -work fpgaclue_alpaka_sys_140 
# -- Compiling module const_lambda_4_i_sfc_logic_s_c1_in_for_b0000t_lambda_4_11310_0gr
# 
# Top level modules:
# 	const_lambda_4_i_sfc_logic_s_c1_in_for_b0000t_lambda_4_11310_0gr
# End time: 16:50:22 on Aug 11,2026, Elapsed time: 0:00:00
# Errors: 0, Warnings: 0
# Questa Intel FPGA Edition-64 vlog 2025.1 Compiler 2025.01 Jan 18 2025
# Start time: 16:50:22 on Aug 11,2026
# vlog -sv "+incdir+mpsim/sim" "+define+COSIM_LIB" -suppress 2388 -suppress 14408 -suppress 7061 ip/kernel_system/kernel_system_fpgaclue_alpaka_sys/fpgaclue_alpaka_sys_140/sim/const_lambda_4_i_sfc_s_c2_in_for_body58_0000t_lambda_4_11255_8gr.sv -work fpgaclue_alpaka_sys_140 
# -- Compiling module const_lambda_4_i_sfc_s_c2_in_for_body58_0000t_lambda_4_11255_8gr
# 
# Top level modules:
# 	const_lambda_4_i_sfc_s_c2_in_for_body58_0000t_lambda_4_11255_8gr
# End time: 16:50:22 on Aug 11,2026, Elapsed time: 0:00:00
# Errors: 0, Warnings: 0
# Questa Intel FPGA Edition-64 vlog 2025.1 Compiler 2025.01 Jan 18 2025
# Start time: 16:50:22 on Aug 11,2026
# vlog -sv "+incdir+mpsim/sim" "+define+COSIM_LIB" -suppress 2388 -suppress 14408 -suppress 7061 ip/kernel_system/kernel_system_fpgaclue_alpaka_sys/fpgaclue_alpaka_sys_140/sim/const_lambda_4_i_llvm_fpga_sfc_exit_s_c20000t_lambda_4_11373_0gr.sv -work fpgaclue_alpaka_sys_140 
# -- Compiling module const_lambda_4_i_llvm_fpga_sfc_exit_s_c20000t_lambda_4_11373_0gr
# 
# Top level modules:
# 	const_lambda_4_i_llvm_fpga_sfc_exit_s_c20000t_lambda_4_11373_0gr
# End time: 16:50:22 on Aug 11,2026, Elapsed time: 0:00:00
# Errors: 0, Warnings: 0
# Questa Intel FPGA Edition-64 vlog 2025.1 Compiler 2025.01 Jan 18 2025
# Start time: 16:50:22 on Aug 11,2026
# vlog -sv "+incdir+mpsim/sim" "+define+COSIM_LIB" -suppress 2388 -suppress 14408 -suppress 7061 ip/kernel_system/kernel_system_fpgaclue_alpaka_sys/fpgaclue_alpaka_sys_140/sim/const_lambda_4_i_llvm_fpga_sfc_exit_s_c2000062_1gr_full_detector.sv -work fpgaclue_alpaka_sys_140 
# -- Compiling module const_lambda_4_i_llvm_fpga_sfc_exit_s_c2000062_1gr_full_detector
# 
# Top level modules:
# 	const_lambda_4_i_llvm_fpga_sfc_exit_s_c2000062_1gr_full_detector
# End time: 16:50:22 on Aug 11,2026, Elapsed time: 0:00:00
# Errors: 0, Warnings: 0
# Questa Intel FPGA Edition-64 vlog 2025.1 Compiler 2025.01 Jan 18 2025
# Start time: 16:50:22 on Aug 11,2026
# vlog -sv "+incdir+mpsim/sim" "+define+COSIM_LIB" -suppress 2388 -suppress 14408 -suppress 7061 ip/kernel_system/kernel_system_fpgaclue_alpaka_sys/fpgaclue_alpaka_sys_140/sim/const_lambda_4_i_llvm_fpga_sfc_exit_s_c20000_11373_1gr_data_fifo.sv -work fpgaclue_alpaka_sys_140 
# -- Compiling module const_lambda_4_i_llvm_fpga_sfc_exit_s_c20000_11373_1gr_data_fifo
# 
# Top level modules:
# 	const_lambda_4_i_llvm_fpga_sfc_exit_s_c20000_11373_1gr_data_fifo
# End time: 16:50:22 on Aug 11,2026, Elapsed time: 0:00:00
# Errors: 0, Warnings: 0
# Questa Intel FPGA Edition-64 vlog 2025.1 Compiler 2025.01 Jan 18 2025
# Start time: 16:50:22 on Aug 11,2026
# vlog -sv "+incdir+mpsim/sim" "+define+COSIM_LIB" -suppress 2388 -suppress 14408 -suppress 7061 ip/kernel_system/kernel_system_fpgaclue_alpaka_sys/fpgaclue_alpaka_sys_140/sim/const_lambda_4_i_sfc_logic_s_c2_in_for_b0000t_lambda_4_11362_0gr.sv -work fpgaclue_alpaka_sys_140 
# -- Compiling module const_lambda_4_i_sfc_logic_s_c2_in_for_b0000t_lambda_4_11362_0gr
# 
# Top level modules:
# 	const_lambda_4_i_sfc_logic_s_c2_in_for_b0000t_lambda_4_11362_0gr
# End time: 16:50:23 on Aug 11,2026, Elapsed time: 0:00:01
# Errors: 0, Warnings: 0
# Questa Intel FPGA Edition-64 vlog 2025.1 Compiler 2025.01 Jan 18 2025
# Start time: 16:50:23 on Aug 11,2026
# vlog -sv "+incdir+mpsim/sim" "+define+COSIM_LIB" -suppress 2388 -suppress 14408 -suppress 7061 ip/kernel_system/kernel_system_fpgaclue_alpaka_sys/fpgaclue_alpaka_sys_140/sim/const_lambda_4_i_sfc_s_c3_in_for_body58_0000st_lambda_4_11255_11.sv -work fpgaclue_alpaka_sys_140 
# -- Compiling module const_lambda_4_i_sfc_s_c3_in_for_body58_0000st_lambda_4_11255_11
# 
# Top level modules:
# 	const_lambda_4_i_sfc_s_c3_in_for_body58_0000st_lambda_4_11255_11
# End time: 16:50:23 on Aug 11,2026, Elapsed time: 0:00:00
# Errors: 0, Warnings: 0
# Questa Intel FPGA Edition-64 vlog 2025.1 Compiler 2025.01 Jan 18 2025
# Start time: 16:50:23 on Aug 11,2026
# vlog -sv "+incdir+mpsim/sim" "+define+COSIM_LIB" -suppress 2388 -suppress 14408 -suppress 7061 ip/kernel_system/kernel_system_fpgaclue_alpaka_sys/fpgaclue_alpaka_sys_140/sim/const_lambda_4_i_llvm_fpga_sfc_exit_s_c30000t_lambda_4_11405_0gr.sv -work fpgaclue_alpaka_sys_140 
# -- Compiling module const_lambda_4_i_llvm_fpga_sfc_exit_s_c30000t_lambda_4_11405_0gr
# 
# Top level modules:
# 	const_lambda_4_i_llvm_fpga_sfc_exit_s_c30000t_lambda_4_11405_0gr
# End time: 16:50:23 on Aug 11,2026, Elapsed time: 0:00:00
# Errors: 0, Warnings: 0
# Questa Intel FPGA Edition-64 vlog 2025.1 Compiler 2025.01 Jan 18 2025
# Start time: 16:50:23 on Aug 11,2026
# vlog -sv "+incdir+mpsim/sim" "+define+COSIM_LIB" -suppress 2388 -suppress 14408 -suppress 7061 ip/kernel_system/kernel_system_fpgaclue_alpaka_sys/fpgaclue_alpaka_sys_140/sim/const_lambda_4_i_llvm_fpga_sfc_exit_s_c3000083_1gr_full_detector.sv -work fpgaclue_alpaka_sys_140 
# -- Compiling module const_lambda_4_i_llvm_fpga_sfc_exit_s_c3000083_1gr_full_detector
# 
# Top level modules:
# 	const_lambda_4_i_llvm_fpga_sfc_exit_s_c3000083_1gr_full_detector
# End time: 16:50:23 on Aug 11,2026, Elapsed time: 0:00:00
# Errors: 0, Warnings: 0
# Questa Intel FPGA Edition-64 vlog 2025.1 Compiler 2025.01 Jan 18 2025
# Start time: 16:50:23 on Aug 11,2026
# vlog -sv "+incdir+mpsim/sim" "+define+COSIM_LIB" -suppress 2388 -suppress 14408 -suppress 7061 ip/kernel_system/kernel_system_fpgaclue_alpaka_sys/fpgaclue_alpaka_sys_140/sim/const_lambda_4_i_llvm_fpga_sfc_exit_s_c30000_11405_1gr_data_fifo.sv -work fpgaclue_alpaka_sys_140 
# -- Compiling module const_lambda_4_i_llvm_fpga_sfc_exit_s_c30000_11405_1gr_data_fifo
# 
# Top level modules:
# 	const_lambda_4_i_llvm_fpga_sfc_exit_s_c30000_11405_1gr_data_fifo
# End time: 16:50:23 on Aug 11,2026, Elapsed time: 0:00:00
# Errors: 0, Warnings: 0
# Questa Intel FPGA Edition-64 vlog 2025.1 Compiler 2025.01 Jan 18 2025
# Start time: 16:50:23 on Aug 11,2026
# vlog -sv "+incdir+mpsim/sim" "+define+COSIM_LIB" -suppress 2388 -suppress 14408 -suppress 7061 ip/kernel_system/kernel_system_fpgaclue_alpaka_sys/fpgaclue_alpaka_sys_140/sim/const_lambda_4_i_sfc_logic_s_c3_in_for_b0000t_lambda_4_11383_0gr.sv -work fpgaclue_alpaka_sys_140 
# -- Compiling module const_lambda_4_i_sfc_logic_s_c3_in_for_b0000t_lambda_4_11383_0gr
# 
# Top level modules:
# 	const_lambda_4_i_sfc_logic_s_c3_in_for_b0000t_lambda_4_11383_0gr
# End time: 16:50:23 on Aug 11,2026, Elapsed time: 0:00:00
# Errors: 0, Warnings: 0
# Questa Intel FPGA Edition-64 vlog 2025.1 Compiler 2025.01 Jan 18 2025
# Start time: 16:50:23 on Aug 11,2026
# vlog -sv "+incdir+mpsim/sim" "+define+COSIM_LIB" -suppress 2388 -suppress 14408 -suppress 7061 ip/kernel_system/kernel_system_fpgaclue_alpaka_sys/fpgaclue_alpaka_sys_140/sim/const_lambda_4_B10_branch.sv -work fpgaclue_alpaka_sys_140 
# -- Compiling module const_lambda_4_B10_branch
# 
# Top level modules:
# 	const_lambda_4_B10_branch
# End time: 16:50:23 on Aug 11,2026, Elapsed time: 0:00:00
# Errors: 0, Warnings: 0
# Questa Intel FPGA Edition-64 vlog 2025.1 Compiler 2025.01 Jan 18 2025
# Start time: 16:50:23 on Aug 11,2026
# vlog -sv "+incdir+mpsim/sim" "+define+COSIM_LIB" -suppress 2388 -suppress 14408 -suppress 7061 ip/kernel_system/kernel_system_fpgaclue_alpaka_sys/fpgaclue_alpaka_sys_140/sim/const_lambda_4_B10_merge.sv -work fpgaclue_alpaka_sys_140 
# -- Compiling module const_lambda_4_B10_merge
# 
# Top level modules:
# 	const_lambda_4_B10_merge
# End time: 16:50:23 on Aug 11,2026, Elapsed time: 0:00:00
# Errors: 0, Warnings: 0
# Questa Intel FPGA Edition-64 vlog 2025.1 Compiler 2025.01 Jan 18 2025
# Start time: 16:50:23 on Aug 11,2026
# vlog -sv "+incdir+mpsim/sim" "+define+COSIM_LIB" -suppress 2388 -suppress 14408 -suppress 7061 ip/kernel_system/kernel_system_fpgaclue_alpaka_sys/fpgaclue_alpaka_sys_140/sim/const_lambda_4_bb_B11.sv -work fpgaclue_alpaka_sys_140 
# -- Compiling module const_lambda_4_bb_B11
# 
# Top level modules:
# 	const_lambda_4_bb_B11
# End time: 16:50:23 on Aug 11,2026, Elapsed time: 0:00:00
# Errors: 0, Warnings: 0
# Questa Intel FPGA Edition-64 vlog 2025.1 Compiler 2025.01 Jan 18 2025
# Start time: 16:50:23 on Aug 11,2026
# vlog -sv "+incdir+mpsim/sim" "+define+COSIM_LIB" -suppress 2388 -suppress 14408 -suppress 7061 ip/kernel_system/kernel_system_fpgaclue_alpaka_sys/fpgaclue_alpaka_sys_140/sim/const_lambda_4_bb_B11_stall_region.sv -work fpgaclue_alpaka_sys_140 
# -- Compiling module const_lambda_4_bb_B11_stall_region
# 
# Top level modules:
# 	const_lambda_4_bb_B11_stall_region
# End time: 16:50:23 on Aug 11,2026, Elapsed time: 0:00:00
# Errors: 0, Warnings: 0
# Questa Intel FPGA Edition-64 vlog 2025.1 Compiler 2025.01 Jan 18 2025
# Start time: 16:50:23 on Aug 11,2026
# vlog -sv "+incdir+mpsim/sim" "+define+COSIM_LIB" -suppress 2388 -suppress 14408 -suppress 7061 ip/kernel_system/kernel_system_fpgaclue_alpaka_sys/fpgaclue_alpaka_sys_140/sim/const_lambda_4_B11_branch.sv -work fpgaclue_alpaka_sys_140 
# -- Compiling module const_lambda_4_B11_branch
# 
# Top level modules:
# 	const_lambda_4_B11_branch
# End time: 16:50:23 on Aug 11,2026, Elapsed time: 0:00:00
# Errors: 0, Warnings: 0
# Questa Intel FPGA Edition-64 vlog 2025.1 Compiler 2025.01 Jan 18 2025
# Start time: 16:50:23 on Aug 11,2026
# vlog -sv "+incdir+mpsim/sim" "+define+COSIM_LIB" -suppress 2388 -suppress 14408 -suppress 7061 ip/kernel_system/kernel_system_fpgaclue_alpaka_sys/fpgaclue_alpaka_sys_140/sim/const_lambda_4_B11_merge.sv -work fpgaclue_alpaka_sys_140 
# -- Compiling module const_lambda_4_B11_merge
# 
# Top level modules:
# 	const_lambda_4_B11_merge
# End time: 16:50:23 on Aug 11,2026, Elapsed time: 0:00:00
# Errors: 0, Warnings: 0
# Questa Intel FPGA Edition-64 vlog 2025.1 Compiler 2025.01 Jan 18 2025
# Start time: 16:50:23 on Aug 11,2026
# vlog -sv "+incdir+mpsim/sim" "+define+COSIM_LIB" -suppress 2388 -suppress 14408 -suppress 7061 ip/kernel_system/kernel_system_fpgaclue_alpaka_sys/fpgaclue_alpaka_sys_140/sim/const_lambda_4_bb_B2.sv -work fpgaclue_alpaka_sys_140 
# -- Compiling module const_lambda_4_bb_B2
# 
# Top level modules:
# 	const_lambda_4_bb_B2
# End time: 16:50:23 on Aug 11,2026, Elapsed time: 0:00:00
# Errors: 0, Warnings: 0
# Questa Intel FPGA Edition-64 vlog 2025.1 Compiler 2025.01 Jan 18 2025
# Start time: 16:50:23 on Aug 11,2026
# vlog -sv "+incdir+mpsim/sim" "+define+COSIM_LIB" -suppress 2388 -suppress 14408 -suppress 7061 ip/kernel_system/kernel_system_fpgaclue_alpaka_sys/fpgaclue_alpaka_sys_140/sim/const_lambda_4_bb_B2_stall_region.sv -work fpgaclue_alpaka_sys_140 
# -- Compiling module const_lambda_4_bb_B2_stall_region
# 
# Top level modules:
# 	const_lambda_4_bb_B2_stall_region
# End time: 16:50:23 on Aug 11,2026, Elapsed time: 0:00:00
# Errors: 0, Warnings: 0
# Questa Intel FPGA Edition-64 vlog 2025.1 Compiler 2025.01 Jan 18 2025
# Start time: 16:50:23 on Aug 11,2026
# vlog -sv "+incdir+mpsim/sim" "+define+COSIM_LIB" -suppress 2388 -suppress 14408 -suppress 7061 ip/kernel_system/kernel_system_fpgaclue_alpaka_sys/fpgaclue_alpaka_sys_140/sim/const_lambda_4_B2_branch.sv -work fpgaclue_alpaka_sys_140 
# -- Compiling module const_lambda_4_B2_branch
# 
# Top level modules:
# 	const_lambda_4_B2_branch
# End time: 16:50:23 on Aug 11,2026, Elapsed time: 0:00:00
# Errors: 0, Warnings: 0
# Questa Intel FPGA Edition-64 vlog 2025.1 Compiler 2025.01 Jan 18 2025
# Start time: 16:50:23 on Aug 11,2026
# vlog -sv "+incdir+mpsim/sim" "+define+COSIM_LIB" -suppress 2388 -suppress 14408 -suppress 7061 ip/kernel_system/kernel_system_fpgaclue_alpaka_sys/fpgaclue_alpaka_sys_140/sim/const_lambda_4_B2_merge.sv -work fpgaclue_alpaka_sys_140 
# -- Compiling module const_lambda_4_B2_merge
# 
# Top level modules:
# 	const_lambda_4_B2_merge
# End time: 16:50:23 on Aug 11,2026, Elapsed time: 0:00:00
# Errors: 0, Warnings: 0
# Questa Intel FPGA Edition-64 vlog 2025.1 Compiler 2025.01 Jan 18 2025
# Start time: 16:50:23 on Aug 11,2026
# vlog -sv "+incdir+mpsim/sim" "+define+COSIM_LIB" -suppress 2388 -suppress 14408 -suppress 7061 ip/kernel_system/kernel_system_fpgaclue_alpaka_sys/fpgaclue_alpaka_sys_140/sim/const_lambda_4_bb_B3.sv -work fpgaclue_alpaka_sys_140 
# -- Compiling module const_lambda_4_bb_B3
# 
# Top level modules:
# 	const_lambda_4_bb_B3
# End time: 16:50:24 on Aug 11,2026, Elapsed time: 0:00:01
# Errors: 0, Warnings: 0
# Questa Intel FPGA Edition-64 vlog 2025.1 Compiler 2025.01 Jan 18 2025
# Start time: 16:50:24 on Aug 11,2026
# vlog -sv "+incdir+mpsim/sim" "+define+COSIM_LIB" -suppress 2388 -suppress 14408 -suppress 7061 ip/kernel_system/kernel_system_fpgaclue_alpaka_sys/fpgaclue_alpaka_sys_140/sim/const_lambda_4_bb_B3_stall_region.sv -work fpgaclue_alpaka_sys_140 
# -- Compiling module const_lambda_4_bb_B3_stall_region
# 
# Top level modules:
# 	const_lambda_4_bb_B3_stall_region
# End time: 16:50:24 on Aug 11,2026, Elapsed time: 0:00:00
# Errors: 0, Warnings: 0
# Questa Intel FPGA Edition-64 vlog 2025.1 Compiler 2025.01 Jan 18 2025
# Start time: 16:50:24 on Aug 11,2026
# vlog -sv "+incdir+mpsim/sim" "+define+COSIM_LIB" -suppress 2388 -suppress 14408 -suppress 7061 ip/kernel_system/kernel_system_fpgaclue_alpaka_sys/fpgaclue_alpaka_sys_140/sim/const_lambda_4_B3_branch.sv -work fpgaclue_alpaka_sys_140 
# -- Compiling module const_lambda_4_B3_branch
# 
# Top level modules:
# 	const_lambda_4_B3_branch
# End time: 16:50:24 on Aug 11,2026, Elapsed time: 0:00:00
# Errors: 0, Warnings: 0
# Questa Intel FPGA Edition-64 vlog 2025.1 Compiler 2025.01 Jan 18 2025
# Start time: 16:50:24 on Aug 11,2026
# vlog -sv "+incdir+mpsim/sim" "+define+COSIM_LIB" -suppress 2388 -suppress 14408 -suppress 7061 ip/kernel_system/kernel_system_fpgaclue_alpaka_sys/fpgaclue_alpaka_sys_140/sim/const_lambda_4_B3_merge.sv -work fpgaclue_alpaka_sys_140 
# -- Compiling module const_lambda_4_B3_merge
# 
# Top level modules:
# 	const_lambda_4_B3_merge
# End time: 16:50:24 on Aug 11,2026, Elapsed time: 0:00:00
# Errors: 0, Warnings: 0
# Questa Intel FPGA Edition-64 vlog 2025.1 Compiler 2025.01 Jan 18 2025
# Start time: 16:50:24 on Aug 11,2026
# vlog -sv "+incdir+mpsim/sim" "+define+COSIM_LIB" -suppress 2388 -suppress 14408 -suppress 7061 ip/kernel_system/kernel_system_fpgaclue_alpaka_sys/fpgaclue_alpaka_sys_140/sim/const_lambda_4_bb_B4.sv -work fpgaclue_alpaka_sys_140 
# -- Compiling module const_lambda_4_bb_B4
# 
# Top level modules:
# 	const_lambda_4_bb_B4
# End time: 16:50:24 on Aug 11,2026, Elapsed time: 0:00:00
# Errors: 0, Warnings: 0
# Questa Intel FPGA Edition-64 vlog 2025.1 Compiler 2025.01 Jan 18 2025
# Start time: 16:50:24 on Aug 11,2026
# vlog -sv "+incdir+mpsim/sim" "+define+COSIM_LIB" -suppress 2388 -suppress 14408 -suppress 7061 ip/kernel_system/kernel_system_fpgaclue_alpaka_sys/fpgaclue_alpaka_sys_140/sim/const_lambda_4_bb_B4_stall_region.sv -work fpgaclue_alpaka_sys_140 
# -- Compiling module const_lambda_4_bb_B4_stall_region
# 
# Top level modules:
# 	const_lambda_4_bb_B4_stall_region
# End time: 16:50:24 on Aug 11,2026, Elapsed time: 0:00:00
# Errors: 0, Warnings: 0
# Questa Intel FPGA Edition-64 vlog 2025.1 Compiler 2025.01 Jan 18 2025
# Start time: 16:50:24 on Aug 11,2026
# vlog -sv "+incdir+mpsim/sim" "+define+COSIM_LIB" -suppress 2388 -suppress 14408 -suppress 7061 ip/kernel_system/kernel_system_fpgaclue_alpaka_sys/fpgaclue_alpaka_sys_140/sim/const_lambda_4_i_llvm_fpga_mem_unnamed_20000t_lambda_4_10650_0gr.sv -work fpgaclue_alpaka_sys_140 
# -- Compiling module const_lambda_4_i_llvm_fpga_mem_unnamed_20000t_lambda_4_10650_0gr
# 
# Top level modules:
# 	const_lambda_4_i_llvm_fpga_mem_unnamed_20000t_lambda_4_10650_0gr
# End time: 16:50:24 on Aug 11,2026, Elapsed time: 0:00:00
# Errors: 0, Warnings: 0
# Questa Intel FPGA Edition-64 vlog 2025.1 Compiler 2025.01 Jan 18 2025
# Start time: 16:50:24 on Aug 11,2026
# vlog -sv "+incdir+mpsim/sim" "+define+COSIM_LIB" -suppress 2388 -suppress 14408 -suppress 7061 ip/kernel_system/kernel_system_fpgaclue_alpaka_sys/fpgaclue_alpaka_sys_140/sim/const_lambda_4_readdata_reg_unnamed_2_const_lambda_40.sv -work fpgaclue_alpaka_sys_140 
# -- Compiling module const_lambda_4_readdata_reg_unnamed_2_const_lambda_40
# 
# Top level modules:
# 	const_lambda_4_readdata_reg_unnamed_2_const_lambda_40
# End time: 16:50:24 on Aug 11,2026, Elapsed time: 0:00:00
# Errors: 0, Warnings: 0
# Questa Intel FPGA Edition-64 vlog 2025.1 Compiler 2025.01 Jan 18 2025
# Start time: 16:50:24 on Aug 11,2026
# vlog -sv "+incdir+mpsim/sim" "+define+COSIM_LIB" -suppress 2388 -suppress 14408 -suppress 7061 ip/kernel_system/kernel_system_fpgaclue_alpaka_sys/fpgaclue_alpaka_sys_140/sim/const_lambda_4_i_llvm_fpga_mem_unnamed_30000t_lambda_4_10736_0gr.sv -work fpgaclue_alpaka_sys_140 
# -- Compiling module const_lambda_4_i_llvm_fpga_mem_unnamed_30000t_lambda_4_10736_0gr
# 
# Top level modules:
# 	const_lambda_4_i_llvm_fpga_mem_unnamed_30000t_lambda_4_10736_0gr
# End time: 16:50:24 on Aug 11,2026, Elapsed time: 0:00:00
# Errors: 0, Warnings: 0
# Questa Intel FPGA Edition-64 vlog 2025.1 Compiler 2025.01 Jan 18 2025
# Start time: 16:50:24 on Aug 11,2026
# vlog -sv "+incdir+mpsim/sim" "+define+COSIM_LIB" -suppress 2388 -suppress 14408 -suppress 7061 ip/kernel_system/kernel_system_fpgaclue_alpaka_sys/fpgaclue_alpaka_sys_140/sim/const_lambda_4_readdata_reg_unnamed_3_const_lambda_41.sv -work fpgaclue_alpaka_sys_140 
# -- Compiling module const_lambda_4_readdata_reg_unnamed_3_const_lambda_41
# 
# Top level modules:
# 	const_lambda_4_readdata_reg_unnamed_3_const_lambda_41
# End time: 16:50:24 on Aug 11,2026, Elapsed time: 0:00:00
# Errors: 0, Warnings: 0
# Questa Intel FPGA Edition-64 vlog 2025.1 Compiler 2025.01 Jan 18 2025
# Start time: 16:50:24 on Aug 11,2026
# vlog -sv "+incdir+mpsim/sim" "+define+COSIM_LIB" -suppress 2388 -suppress 14408 -suppress 7061 ip/kernel_system/kernel_system_fpgaclue_alpaka_sys/fpgaclue_alpaka_sys_140/sim/const_lambda_4_i_llvm_fpga_mem_unnamed_40000t_lambda_4_10759_0gr.sv -work fpgaclue_alpaka_sys_140 
# -- Compiling module const_lambda_4_i_llvm_fpga_mem_unnamed_40000t_lambda_4_10759_0gr
# 
# Top level modules:
# 	const_lambda_4_i_llvm_fpga_mem_unnamed_40000t_lambda_4_10759_0gr
# End time: 16:50:24 on Aug 11,2026, Elapsed time: 0:00:00
# Errors: 0, Warnings: 0
# Questa Intel FPGA Edition-64 vlog 2025.1 Compiler 2025.01 Jan 18 2025
# Start time: 16:50:24 on Aug 11,2026
# vlog -sv "+incdir+mpsim/sim" "+define+COSIM_LIB" -suppress 2388 -suppress 14408 -suppress 7061 ip/kernel_system/kernel_system_fpgaclue_alpaka_sys/fpgaclue_alpaka_sys_140/sim/const_lambda_4_B4_merge_reg.sv -work fpgaclue_alpaka_sys_140 
# -- Compiling module const_lambda_4_B4_merge_reg
# 
# Top level modules:
# 	const_lambda_4_B4_merge_reg
# End time: 16:50:24 on Aug 11,2026, Elapsed time: 0:00:00
# Errors: 0, Warnings: 0
# Questa Intel FPGA Edition-64 vlog 2025.1 Compiler 2025.01 Jan 18 2025
# Start time: 16:50:24 on Aug 11,2026
# vlog -sv "+incdir+mpsim/sim" "+define+COSIM_LIB" -suppress 2388 -suppress 14408 -suppress 7061 ip/kernel_system/kernel_system_fpgaclue_alpaka_sys/fpgaclue_alpaka_sys_140/sim/const_lambda_4_i_sfc_s_c0_in_for_body6_i0000t_lambda_4_10598_1gr.sv -work fpgaclue_alpaka_sys_140 
# -- Compiling module const_lambda_4_i_sfc_s_c0_in_for_body6_i0000t_lambda_4_10598_1gr
# 
# Top level modules:
# 	const_lambda_4_i_sfc_s_c0_in_for_body6_i0000t_lambda_4_10598_1gr
# End time: 16:50:24 on Aug 11,2026, Elapsed time: 0:00:00
# Errors: 0, Warnings: 0
# Questa Intel FPGA Edition-64 vlog 2025.1 Compiler 2025.01 Jan 18 2025
# Start time: 16:50:24 on Aug 11,2026
# vlog -sv "+incdir+mpsim/sim" "+define+COSIM_LIB" -suppress 2388 -suppress 14408 -suppress 7061 ip/kernel_system/kernel_system_fpgaclue_alpaka_sys/fpgaclue_alpaka_sys_140/sim/const_lambda_4_i_llvm_fpga_sfc_exit_s_c00000t_lambda_4_10642_0gr.sv -work fpgaclue_alpaka_sys_140 
# -- Compiling module const_lambda_4_i_llvm_fpga_sfc_exit_s_c00000t_lambda_4_10642_0gr
# 
# Top level modules:
# 	const_lambda_4_i_llvm_fpga_sfc_exit_s_c00000t_lambda_4_10642_0gr
# End time: 16:50:24 on Aug 11,2026, Elapsed time: 0:00:00
# Errors: 0, Warnings: 0
# Questa Intel FPGA Edition-64 vlog 2025.1 Compiler 2025.01 Jan 18 2025
# Start time: 16:50:24 on Aug 11,2026
# vlog -sv "+incdir+mpsim/sim" "+define+COSIM_LIB" -suppress 2388 -suppress 14408 -suppress 7061 ip/kernel_system/kernel_system_fpgaclue_alpaka_sys/fpgaclue_alpaka_sys_140/sim/const_lambda_4_i_llvm_fpga_sfc_exit_s_c0000016_1gr_full_detector.sv -work fpgaclue_alpaka_sys_140 
# -- Compiling module const_lambda_4_i_llvm_fpga_sfc_exit_s_c0000016_1gr_full_detector
# 
# Top level modules:
# 	const_lambda_4_i_llvm_fpga_sfc_exit_s_c0000016_1gr_full_detector
# End time: 16:50:24 on Aug 11,2026, Elapsed time: 0:00:00
# Errors: 0, Warnings: 0
# Questa Intel FPGA Edition-64 vlog 2025.1 Compiler 2025.01 Jan 18 2025
# Start time: 16:50:24 on Aug 11,2026
# vlog -sv "+incdir+mpsim/sim" "+define+COSIM_LIB" -suppress 2388 -suppress 14408 -suppress 7061 ip/kernel_system/kernel_system_fpgaclue_alpaka_sys/fpgaclue_alpaka_sys_140/sim/const_lambda_4_i_llvm_fpga_sfc_exit_s_c00000_10642_1gr_data_fifo.sv -work fpgaclue_alpaka_sys_140 
# -- Compiling module const_lambda_4_i_llvm_fpga_sfc_exit_s_c00000_10642_1gr_data_fifo
# 
# Top level modules:
# 	const_lambda_4_i_llvm_fpga_sfc_exit_s_c00000_10642_1gr_data_fifo
# End time: 16:50:25 on Aug 11,2026, Elapsed time: 0:00:01
# Errors: 0, Warnings: 0
# Questa Intel FPGA Edition-64 vlog 2025.1 Compiler 2025.01 Jan 18 2025
# Start time: 16:50:25 on Aug 11,2026
# vlog -sv "+incdir+mpsim/sim" "+define+COSIM_LIB" -suppress 2388 -suppress 14408 -suppress 7061 ip/kernel_system/kernel_system_fpgaclue_alpaka_sys/fpgaclue_alpaka_sys_140/sim/const_lambda_4_i_sfc_logic_s_c0_in_for_b0000t_lambda_4_10616_0gr.sv -work fpgaclue_alpaka_sys_140 
# -- Compiling module const_lambda_4_i_sfc_logic_s_c0_in_for_b0000t_lambda_4_10616_0gr
# 
# Top level modules:
# 	const_lambda_4_i_sfc_logic_s_c0_in_for_b0000t_lambda_4_10616_0gr
# End time: 16:50:25 on Aug 11,2026, Elapsed time: 0:00:00
# Errors: 0, Warnings: 0
# Questa Intel FPGA Edition-64 vlog 2025.1 Compiler 2025.01 Jan 18 2025
# Start time: 16:50:25 on Aug 11,2026
# vlog -sv "+incdir+mpsim/sim" "+define+COSIM_LIB" -suppress 2388 -suppress 14408 -suppress 7061 ip/kernel_system/kernel_system_fpgaclue_alpaka_sys/fpgaclue_alpaka_sys_140/sim/const_lambda_4_i_sfc_s_c1_in_for_body6_i0000t_lambda_4_10598_5gr.sv -work fpgaclue_alpaka_sys_140 
# -- Compiling module const_lambda_4_i_sfc_s_c1_in_for_body6_i0000t_lambda_4_10598_5gr
# 
# Top level modules:
# 	const_lambda_4_i_sfc_s_c1_in_for_body6_i0000t_lambda_4_10598_5gr
# End time: 16:50:25 on Aug 11,2026, Elapsed time: 0:00:00
# Errors: 0, Warnings: 0
# Questa Intel FPGA Edition-64 vlog 2025.1 Compiler 2025.01 Jan 18 2025
# Start time: 16:50:25 on Aug 11,2026
# vlog -sv "+incdir+mpsim/sim" "+define+COSIM_LIB" -suppress 2388 -suppress 14408 -suppress 7061 ip/kernel_system/kernel_system_fpgaclue_alpaka_sys/fpgaclue_alpaka_sys_140/sim/const_lambda_4_i_llvm_fpga_sfc_exit_s_c10000t_lambda_4_10696_0gr.sv -work fpgaclue_alpaka_sys_140 
# -- Compiling module const_lambda_4_i_llvm_fpga_sfc_exit_s_c10000t_lambda_4_10696_0gr
# 
# Top level modules:
# 	const_lambda_4_i_llvm_fpga_sfc_exit_s_c10000t_lambda_4_10696_0gr
# End time: 16:50:25 on Aug 11,2026, Elapsed time: 0:00:00
# Errors: 0, Warnings: 0
# Questa Intel FPGA Edition-64 vlog 2025.1 Compiler 2025.01 Jan 18 2025
# Start time: 16:50:25 on Aug 11,2026
# vlog -sv "+incdir+mpsim/sim" "+define+COSIM_LIB" -suppress 2388 -suppress 14408 -suppress 7061 ip/kernel_system/kernel_system_fpgaclue_alpaka_sys/fpgaclue_alpaka_sys_140/sim/const_lambda_4_i_llvm_fpga_sfc_exit_s_c1000075_1gr_full_detector.sv -work fpgaclue_alpaka_sys_140 
# -- Compiling module const_lambda_4_i_llvm_fpga_sfc_exit_s_c1000075_1gr_full_detector
# 
# Top level modules:
# 	const_lambda_4_i_llvm_fpga_sfc_exit_s_c1000075_1gr_full_detector
# End time: 16:50:25 on Aug 11,2026, Elapsed time: 0:00:00
# Errors: 0, Warnings: 0
# Questa Intel FPGA Edition-64 vlog 2025.1 Compiler 2025.01 Jan 18 2025
# Start time: 16:50:25 on Aug 11,2026
# vlog -sv "+incdir+mpsim/sim" "+define+COSIM_LIB" -suppress 2388 -suppress 14408 -suppress 7061 ip/kernel_system/kernel_system_fpgaclue_alpaka_sys/fpgaclue_alpaka_sys_140/sim/const_lambda_4_i_llvm_fpga_sfc_exit_s_c10000_10696_1gr_data_fifo.sv -work fpgaclue_alpaka_sys_140 
# -- Compiling module const_lambda_4_i_llvm_fpga_sfc_exit_s_c10000_10696_1gr_data_fifo
# 
# Top level modules:
# 	const_lambda_4_i_llvm_fpga_sfc_exit_s_c10000_10696_1gr_data_fifo
# End time: 16:50:25 on Aug 11,2026, Elapsed time: 0:00:00
# Errors: 0, Warnings: 0
# Questa Intel FPGA Edition-64 vlog 2025.1 Compiler 2025.01 Jan 18 2025
# Start time: 16:50:25 on Aug 11,2026
# vlog -sv "+incdir+mpsim/sim" "+define+COSIM_LIB" -suppress 2388 -suppress 14408 -suppress 7061 ip/kernel_system/kernel_system_fpgaclue_alpaka_sys/fpgaclue_alpaka_sys_140/sim/const_lambda_4_i_sfc_logic_s_c1_in_for_b0000t_lambda_4_10675_0gr.sv -work fpgaclue_alpaka_sys_140 
# -- Compiling module const_lambda_4_i_sfc_logic_s_c1_in_for_b0000t_lambda_4_10675_0gr
# 
# Top level modules:
# 	const_lambda_4_i_sfc_logic_s_c1_in_for_b0000t_lambda_4_10675_0gr
# End time: 16:50:25 on Aug 11,2026, Elapsed time: 0:00:00
# Errors: 0, Warnings: 0
# Questa Intel FPGA Edition-64 vlog 2025.1 Compiler 2025.01 Jan 18 2025
# Start time: 16:50:25 on Aug 11,2026
# vlog -sv "+incdir+mpsim/sim" "+define+COSIM_LIB" -suppress 2388 -suppress 14408 -suppress 7061 ip/kernel_system/kernel_system_fpgaclue_alpaka_sys/fpgaclue_alpaka_sys_140/sim/const_lambda_4_i_sfc_s_c2_in_for_body6_i0000st_lambda_4_10598_13.sv -work fpgaclue_alpaka_sys_140 
# -- Compiling module const_lambda_4_i_sfc_s_c2_in_for_body6_i0000st_lambda_4_10598_13
# 
# Top level modules:
# 	const_lambda_4_i_sfc_s_c2_in_for_body6_i0000st_lambda_4_10598_13
# End time: 16:50:25 on Aug 11,2026, Elapsed time: 0:00:00
# Errors: 0, Warnings: 0
# Questa Intel FPGA Edition-64 vlog 2025.1 Compiler 2025.01 Jan 18 2025
# Start time: 16:50:25 on Aug 11,2026
# vlog -sv "+incdir+mpsim/sim" "+define+COSIM_LIB" -suppress 2388 -suppress 14408 -suppress 7061 ip/kernel_system/kernel_system_fpgaclue_alpaka_sys/fpgaclue_alpaka_sys_140/sim/const_lambda_4_i_llvm_fpga_sfc_exit_s_c20000t_lambda_4_10788_0gr.sv -work fpgaclue_alpaka_sys_140 
# -- Compiling module const_lambda_4_i_llvm_fpga_sfc_exit_s_c20000t_lambda_4_10788_0gr
# 
# Top level modules:
# 	const_lambda_4_i_llvm_fpga_sfc_exit_s_c20000t_lambda_4_10788_0gr
# End time: 16:50:25 on Aug 11,2026, Elapsed time: 0:00:00
# Errors: 0, Warnings: 0
# Questa Intel FPGA Edition-64 vlog 2025.1 Compiler 2025.01 Jan 18 2025
# Start time: 16:50:25 on Aug 11,2026
# vlog -sv "+incdir+mpsim/sim" "+define+COSIM_LIB" -suppress 2388 -suppress 14408 -suppress 7061 ip/kernel_system/kernel_system_fpgaclue_alpaka_sys/fpgaclue_alpaka_sys_140/sim/const_lambda_4_i_llvm_fpga_sfc_exit_s_c2000073_1gr_full_detector.sv -work fpgaclue_alpaka_sys_140 
# -- Compiling module const_lambda_4_i_llvm_fpga_sfc_exit_s_c2000073_1gr_full_detector
# 
# Top level modules:
# 	const_lambda_4_i_llvm_fpga_sfc_exit_s_c2000073_1gr_full_detector
# End time: 16:50:25 on Aug 11,2026, Elapsed time: 0:00:00
# Errors: 0, Warnings: 0
# Questa Intel FPGA Edition-64 vlog 2025.1 Compiler 2025.01 Jan 18 2025
# Start time: 16:50:25 on Aug 11,2026
# vlog -sv "+incdir+mpsim/sim" "+define+COSIM_LIB" -suppress 2388 -suppress 14408 -suppress 7061 ip/kernel_system/kernel_system_fpgaclue_alpaka_sys/fpgaclue_alpaka_sys_140/sim/const_lambda_4_i_llvm_fpga_sfc_exit_s_c20000_10788_1gr_data_fifo.sv -work fpgaclue_alpaka_sys_140 
# -- Compiling module const_lambda_4_i_llvm_fpga_sfc_exit_s_c20000_10788_1gr_data_fifo
# 
# Top level modules:
# 	const_lambda_4_i_llvm_fpga_sfc_exit_s_c20000_10788_1gr_data_fifo
# End time: 16:50:25 on Aug 11,2026, Elapsed time: 0:00:00
# Errors: 0, Warnings: 0
# Questa Intel FPGA Edition-64 vlog 2025.1 Compiler 2025.01 Jan 18 2025
# Start time: 16:50:25 on Aug 11,2026
# vlog -sv "+incdir+mpsim/sim" "+define+COSIM_LIB" -suppress 2388 -suppress 14408 -suppress 7061 ip/kernel_system/kernel_system_fpgaclue_alpaka_sys/fpgaclue_alpaka_sys_140/sim/const_lambda_4_i_sfc_logic_s_c2_in_for_b0000t_lambda_4_10773_0gr.sv -work fpgaclue_alpaka_sys_140 
# -- Compiling module const_lambda_4_i_sfc_logic_s_c2_in_for_b0000t_lambda_4_10773_0gr
# 
# Top level modules:
# 	const_lambda_4_i_sfc_logic_s_c2_in_for_b0000t_lambda_4_10773_0gr
# End time: 16:50:25 on Aug 11,2026, Elapsed time: 0:00:00
# Errors: 0, Warnings: 0
# Questa Intel FPGA Edition-64 vlog 2025.1 Compiler 2025.01 Jan 18 2025
# Start time: 16:50:25 on Aug 11,2026
# vlog -sv "+incdir+mpsim/sim" "+define+COSIM_LIB" -suppress 2388 -suppress 14408 -suppress 7061 ip/kernel_system/kernel_system_fpgaclue_alpaka_sys/fpgaclue_alpaka_sys_140/sim/const_lambda_4_i_sfc_s_c3_in_for_body6_i0000t_lambda_4_10598_8gr.sv -work fpgaclue_alpaka_sys_140 
# -- Compiling module const_lambda_4_i_sfc_s_c3_in_for_body6_i0000t_lambda_4_10598_8gr
# 
# Top level modules:
# 	const_lambda_4_i_sfc_s_c3_in_for_body6_i0000t_lambda_4_10598_8gr
# End time: 16:50:25 on Aug 11,2026, Elapsed time: 0:00:00
# Errors: 0, Warnings: 0
# Questa Intel FPGA Edition-64 vlog 2025.1 Compiler 2025.01 Jan 18 2025
# Start time: 16:50:25 on Aug 11,2026
# vlog -sv "+incdir+mpsim/sim" "+define+COSIM_LIB" -suppress 2388 -suppress 14408 -suppress 7061 ip/kernel_system/kernel_system_fpgaclue_alpaka_sys/fpgaclue_alpaka_sys_140/sim/const_lambda_4_i_llvm_fpga_sfc_exit_s_c30000t_lambda_4_10728_0gr.sv -work fpgaclue_alpaka_sys_140 
# -- Compiling module const_lambda_4_i_llvm_fpga_sfc_exit_s_c30000t_lambda_4_10728_0gr
# 
# Top level modules:
# 	const_lambda_4_i_llvm_fpga_sfc_exit_s_c30000t_lambda_4_10728_0gr
# End time: 16:50:25 on Aug 11,2026, Elapsed time: 0:00:00
# Errors: 0, Warnings: 0
# Questa Intel FPGA Edition-64 vlog 2025.1 Compiler 2025.01 Jan 18 2025
# Start time: 16:50:25 on Aug 11,2026
# vlog -sv "+incdir+mpsim/sim" "+define+COSIM_LIB" -suppress 2388 -suppress 14408 -suppress 7061 ip/kernel_system/kernel_system_fpgaclue_alpaka_sys/fpgaclue_alpaka_sys_140/sim/const_lambda_4_i_llvm_fpga_sfc_exit_s_c3000006_1gr_full_detector.sv -work fpgaclue_alpaka_sys_140 
# -- Compiling module const_lambda_4_i_llvm_fpga_sfc_exit_s_c3000006_1gr_full_detector
# 
# Top level modules:
# 	const_lambda_4_i_llvm_fpga_sfc_exit_s_c3000006_1gr_full_detector
# End time: 16:50:25 on Aug 11,2026, Elapsed time: 0:00:00
# Errors: 0, Warnings: 0
# Questa Intel FPGA Edition-64 vlog 2025.1 Compiler 2025.01 Jan 18 2025
# Start time: 16:50:25 on Aug 11,2026
# vlog -sv "+incdir+mpsim/sim" "+define+COSIM_LIB" -suppress 2388 -suppress 14408 -suppress 7061 ip/kernel_system/kernel_system_fpgaclue_alpaka_sys/fpgaclue_alpaka_sys_140/sim/const_lambda_4_i_llvm_fpga_sfc_exit_s_c30000_10728_1gr_data_fifo.sv -work fpgaclue_alpaka_sys_140 
# -- Compiling module const_lambda_4_i_llvm_fpga_sfc_exit_s_c30000_10728_1gr_data_fifo
# 
# Top level modules:
# 	const_lambda_4_i_llvm_fpga_sfc_exit_s_c30000_10728_1gr_data_fifo
# End time: 16:50:26 on Aug 11,2026, Elapsed time: 0:00:01
# Errors: 0, Warnings: 0
# Questa Intel FPGA Edition-64 vlog 2025.1 Compiler 2025.01 Jan 18 2025
# Start time: 16:50:26 on Aug 11,2026
# vlog -sv "+incdir+mpsim/sim" "+define+COSIM_LIB" -suppress 2388 -suppress 14408 -suppress 7061 ip/kernel_system/kernel_system_fpgaclue_alpaka_sys/fpgaclue_alpaka_sys_140/sim/const_lambda_4_i_sfc_logic_s_c3_in_for_b0000t_lambda_4_10706_0gr.sv -work fpgaclue_alpaka_sys_140 
# -- Compiling module const_lambda_4_i_sfc_logic_s_c3_in_for_b0000t_lambda_4_10706_0gr
# 
# Top level modules:
# 	const_lambda_4_i_sfc_logic_s_c3_in_for_b0000t_lambda_4_10706_0gr
# End time: 16:50:26 on Aug 11,2026, Elapsed time: 0:00:00
# Errors: 0, Warnings: 0
# Questa Intel FPGA Edition-64 vlog 2025.1 Compiler 2025.01 Jan 18 2025
# Start time: 16:50:26 on Aug 11,2026
# vlog -sv "+incdir+mpsim/sim" "+define+COSIM_LIB" -suppress 2388 -suppress 14408 -suppress 7061 ip/kernel_system/kernel_system_fpgaclue_alpaka_sys/fpgaclue_alpaka_sys_140/sim/const_lambda_4_B4_branch.sv -work fpgaclue_alpaka_sys_140 
# -- Compiling module const_lambda_4_B4_branch
# 
# Top level modules:
# 	const_lambda_4_B4_branch
# End time: 16:50:26 on Aug 11,2026, Elapsed time: 0:00:00
# Errors: 0, Warnings: 0
# Questa Intel FPGA Edition-64 vlog 2025.1 Compiler 2025.01 Jan 18 2025
# Start time: 16:50:26 on Aug 11,2026
# vlog -sv "+incdir+mpsim/sim" "+define+COSIM_LIB" -suppress 2388 -suppress 14408 -suppress 7061 ip/kernel_system/kernel_system_fpgaclue_alpaka_sys/fpgaclue_alpaka_sys_140/sim/const_lambda_4_B4_merge.sv -work fpgaclue_alpaka_sys_140 
# -- Compiling module const_lambda_4_B4_merge
# 
# Top level modules:
# 	const_lambda_4_B4_merge
# End time: 16:50:26 on Aug 11,2026, Elapsed time: 0:00:00
# Errors: 0, Warnings: 0
# Questa Intel FPGA Edition-64 vlog 2025.1 Compiler 2025.01 Jan 18 2025
# Start time: 16:50:26 on Aug 11,2026
# vlog -sv "+incdir+mpsim/sim" "+define+COSIM_LIB" -suppress 2388 -suppress 14408 -suppress 7061 ip/kernel_system/kernel_system_fpgaclue_alpaka_sys/fpgaclue_alpaka_sys_140/sim/const_lambda_4_bb_B5.sv -work fpgaclue_alpaka_sys_140 
# -- Compiling module const_lambda_4_bb_B5
# 
# Top level modules:
# 	const_lambda_4_bb_B5
# End time: 16:50:26 on Aug 11,2026, Elapsed time: 0:00:00
# Errors: 0, Warnings: 0
# Questa Intel FPGA Edition-64 vlog 2025.1 Compiler 2025.01 Jan 18 2025
# Start time: 16:50:26 on Aug 11,2026
# vlog -sv "+incdir+mpsim/sim" "+define+COSIM_LIB" -suppress 2388 -suppress 14408 -suppress 7061 ip/kernel_system/kernel_system_fpgaclue_alpaka_sys/fpgaclue_alpaka_sys_140/sim/const_lambda_4_bb_B5_stall_region.sv -work fpgaclue_alpaka_sys_140 
# -- Compiling module const_lambda_4_bb_B5_stall_region
# 
# Top level modules:
# 	const_lambda_4_bb_B5_stall_region
# End time: 16:50:26 on Aug 11,2026, Elapsed time: 0:00:00
# Errors: 0, Warnings: 0
# Questa Intel FPGA Edition-64 vlog 2025.1 Compiler 2025.01 Jan 18 2025
# Start time: 16:50:26 on Aug 11,2026
# vlog -sv "+incdir+mpsim/sim" "+define+COSIM_LIB" -suppress 2388 -suppress 14408 -suppress 7061 ip/kernel_system/kernel_system_fpgaclue_alpaka_sys/fpgaclue_alpaka_sys_140/sim/const_lambda_4_i_llvm_fpga_mem_unnamed_50000t_lambda_4_10897_0gr.sv -work fpgaclue_alpaka_sys_140 
# -- Compiling module const_lambda_4_i_llvm_fpga_mem_unnamed_50000t_lambda_4_10897_0gr
# 
# Top level modules:
# 	const_lambda_4_i_llvm_fpga_mem_unnamed_50000t_lambda_4_10897_0gr
# End time: 16:50:26 on Aug 11,2026, Elapsed time: 0:00:00
# Errors: 0, Warnings: 0
# Questa Intel FPGA Edition-64 vlog 2025.1 Compiler 2025.01 Jan 18 2025
# Start time: 16:50:26 on Aug 11,2026
# vlog -sv "+incdir+mpsim/sim" "+define+COSIM_LIB" -suppress 2388 -suppress 14408 -suppress 7061 ip/kernel_system/kernel_system_fpgaclue_alpaka_sys/fpgaclue_alpaka_sys_140/sim/const_lambda_4_readdata_reg_unnamed_5_const_lambda_42.sv -work fpgaclue_alpaka_sys_140 
# -- Compiling module const_lambda_4_readdata_reg_unnamed_5_const_lambda_42
# 
# Top level modules:
# 	const_lambda_4_readdata_reg_unnamed_5_const_lambda_42
# End time: 16:50:26 on Aug 11,2026, Elapsed time: 0:00:00
# Errors: 0, Warnings: 0
# Questa Intel FPGA Edition-64 vlog 2025.1 Compiler 2025.01 Jan 18 2025
# Start time: 16:50:26 on Aug 11,2026
# vlog -sv "+incdir+mpsim/sim" "+define+COSIM_LIB" -suppress 2388 -suppress 14408 -suppress 7061 ip/kernel_system/kernel_system_fpgaclue_alpaka_sys/fpgaclue_alpaka_sys_140/sim/const_lambda_4_i_llvm_fpga_mem_unnamed_60000t_lambda_4_10983_0gr.sv -work fpgaclue_alpaka_sys_140 
# -- Compiling module const_lambda_4_i_llvm_fpga_mem_unnamed_60000t_lambda_4_10983_0gr
# 
# Top level modules:
# 	const_lambda_4_i_llvm_fpga_mem_unnamed_60000t_lambda_4_10983_0gr
# End time: 16:50:26 on Aug 11,2026, Elapsed time: 0:00:00
# Errors: 0, Warnings: 0
# Questa Intel FPGA Edition-64 vlog 2025.1 Compiler 2025.01 Jan 18 2025
# Start time: 16:50:26 on Aug 11,2026
# vlog -sv "+incdir+mpsim/sim" "+define+COSIM_LIB" -suppress 2388 -suppress 14408 -suppress 7061 ip/kernel_system/kernel_system_fpgaclue_alpaka_sys/fpgaclue_alpaka_sys_140/sim/const_lambda_4_readdata_reg_unnamed_6_const_lambda_43.sv -work fpgaclue_alpaka_sys_140 
# -- Compiling module const_lambda_4_readdata_reg_unnamed_6_const_lambda_43
# 
# Top level modules:
# 	const_lambda_4_readdata_reg_unnamed_6_const_lambda_43
# End time: 16:50:26 on Aug 11,2026, Elapsed time: 0:00:00
# Errors: 0, Warnings: 0
# Questa Intel FPGA Edition-64 vlog 2025.1 Compiler 2025.01 Jan 18 2025
# Start time: 16:50:26 on Aug 11,2026
# vlog -sv "+incdir+mpsim/sim" "+define+COSIM_LIB" -suppress 2388 -suppress 14408 -suppress 7061 ip/kernel_system/kernel_system_fpgaclue_alpaka_sys/fpgaclue_alpaka_sys_140/sim/const_lambda_4_i_llvm_fpga_mem_unnamed_70000t_lambda_4_11006_0gr.sv -work fpgaclue_alpaka_sys_140 
# -- Compiling module const_lambda_4_i_llvm_fpga_mem_unnamed_70000t_lambda_4_11006_0gr
# 
# Top level modules:
# 	const_lambda_4_i_llvm_fpga_mem_unnamed_70000t_lambda_4_11006_0gr
# End time: 16:50:26 on Aug 11,2026, Elapsed time: 0:00:00
# Errors: 0, Warnings: 0
# Questa Intel FPGA Edition-64 vlog 2025.1 Compiler 2025.01 Jan 18 2025
# Start time: 16:50:26 on Aug 11,2026
# vlog -sv "+incdir+mpsim/sim" "+define+COSIM_LIB" -suppress 2388 -suppress 14408 -suppress 7061 ip/kernel_system/kernel_system_fpgaclue_alpaka_sys/fpgaclue_alpaka_sys_140/sim/const_lambda_4_B5_merge_reg.sv -work fpgaclue_alpaka_sys_140 
# -- Compiling module const_lambda_4_B5_merge_reg
# 
# Top level modules:
# 	const_lambda_4_B5_merge_reg
# End time: 16:50:26 on Aug 11,2026, Elapsed time: 0:00:00
# Errors: 0, Warnings: 0
# Questa Intel FPGA Edition-64 vlog 2025.1 Compiler 2025.01 Jan 18 2025
# Start time: 16:50:26 on Aug 11,2026
# vlog -sv "+incdir+mpsim/sim" "+define+COSIM_LIB" -suppress 2388 -suppress 14408 -suppress 7061 ip/kernel_system/kernel_system_fpgaclue_alpaka_sys/fpgaclue_alpaka_sys_140/sim/const_lambda_4_i_sfc_s_c0_in_for_body24_0000t_lambda_4_10845_1gr.sv -work fpgaclue_alpaka_sys_140 
# -- Compiling module const_lambda_4_i_sfc_s_c0_in_for_body24_0000t_lambda_4_10845_1gr
# 
# Top level modules:
# 	const_lambda_4_i_sfc_s_c0_in_for_body24_0000t_lambda_4_10845_1gr
# End time: 16:50:26 on Aug 11,2026, Elapsed time: 0:00:00
# Errors: 0, Warnings: 0
# Questa Intel FPGA Edition-64 vlog 2025.1 Compiler 2025.01 Jan 18 2025
# Start time: 16:50:26 on Aug 11,2026
# vlog -sv "+incdir+mpsim/sim" "+define+COSIM_LIB" -suppress 2388 -suppress 14408 -suppress 7061 ip/kernel_system/kernel_system_fpgaclue_alpaka_sys/fpgaclue_alpaka_sys_140/sim/const_lambda_4_i_llvm_fpga_sfc_exit_s_c00000t_lambda_4_10889_0gr.sv -work fpgaclue_alpaka_sys_140 
# -- Compiling module const_lambda_4_i_llvm_fpga_sfc_exit_s_c00000t_lambda_4_10889_0gr
# 
# Top level modules:
# 	const_lambda_4_i_llvm_fpga_sfc_exit_s_c00000t_lambda_4_10889_0gr
# End time: 16:50:26 on Aug 11,2026, Elapsed time: 0:00:00
# Errors: 0, Warnings: 0
# Questa Intel FPGA Edition-64 vlog 2025.1 Compiler 2025.01 Jan 18 2025
# Start time: 16:50:26 on Aug 11,2026
# vlog -sv "+incdir+mpsim/sim" "+define+COSIM_LIB" -suppress 2388 -suppress 14408 -suppress 7061 ip/kernel_system/kernel_system_fpgaclue_alpaka_sys/fpgaclue_alpaka_sys_140/sim/const_lambda_4_i_llvm_fpga_sfc_exit_s_c0000063_1gr_full_detector.sv -work fpgaclue_alpaka_sys_140 
# -- Compiling module const_lambda_4_i_llvm_fpga_sfc_exit_s_c0000063_1gr_full_detector
# 
# Top level modules:
# 	const_lambda_4_i_llvm_fpga_sfc_exit_s_c0000063_1gr_full_detector
# End time: 16:50:26 on Aug 11,2026, Elapsed time: 0:00:00
# Errors: 0, Warnings: 0
# Questa Intel FPGA Edition-64 vlog 2025.1 Compiler 2025.01 Jan 18 2025
# Start time: 16:50:26 on Aug 11,2026
# vlog -sv "+incdir+mpsim/sim" "+define+COSIM_LIB" -suppress 2388 -suppress 14408 -suppress 7061 ip/kernel_system/kernel_system_fpgaclue_alpaka_sys/fpgaclue_alpaka_sys_140/sim/const_lambda_4_i_llvm_fpga_sfc_exit_s_c00000_10889_1gr_data_fifo.sv -work fpgaclue_alpaka_sys_140 
# -- Compiling module const_lambda_4_i_llvm_fpga_sfc_exit_s_c00000_10889_1gr_data_fifo
# 
# Top level modules:
# 	const_lambda_4_i_llvm_fpga_sfc_exit_s_c00000_10889_1gr_data_fifo
# End time: 16:50:26 on Aug 11,2026, Elapsed time: 0:00:00
# Errors: 0, Warnings: 0
# Questa Intel FPGA Edition-64 vlog 2025.1 Compiler 2025.01 Jan 18 2025
# Start time: 16:50:27 on Aug 11,2026
# vlog -sv "+incdir+mpsim/sim" "+define+COSIM_LIB" -suppress 2388 -suppress 14408 -suppress 7061 ip/kernel_system/kernel_system_fpgaclue_alpaka_sys/fpgaclue_alpaka_sys_140/sim/const_lambda_4_i_sfc_logic_s_c0_in_for_b0000t_lambda_4_10863_0gr.sv -work fpgaclue_alpaka_sys_140 
# -- Compiling module const_lambda_4_i_sfc_logic_s_c0_in_for_b0000t_lambda_4_10863_0gr
# 
# Top level modules:
# 	const_lambda_4_i_sfc_logic_s_c0_in_for_b0000t_lambda_4_10863_0gr
# End time: 16:50:27 on Aug 11,2026, Elapsed time: 0:00:00
# Errors: 0, Warnings: 0
# Questa Intel FPGA Edition-64 vlog 2025.1 Compiler 2025.01 Jan 18 2025
# Start time: 16:50:27 on Aug 11,2026
# vlog -sv "+incdir+mpsim/sim" "+define+COSIM_LIB" -suppress 2388 -suppress 14408 -suppress 7061 ip/kernel_system/kernel_system_fpgaclue_alpaka_sys/fpgaclue_alpaka_sys_140/sim/const_lambda_4_i_sfc_s_c1_in_for_body24_0000t_lambda_4_10845_5gr.sv -work fpgaclue_alpaka_sys_140 
# -- Compiling module const_lambda_4_i_sfc_s_c1_in_for_body24_0000t_lambda_4_10845_5gr
# 
# Top level modules:
# 	const_lambda_4_i_sfc_s_c1_in_for_body24_0000t_lambda_4_10845_5gr
# End time: 16:50:27 on Aug 11,2026, Elapsed time: 0:00:00
# Errors: 0, Warnings: 0
# Questa Intel FPGA Edition-64 vlog 2025.1 Compiler 2025.01 Jan 18 2025
# Start time: 16:50:27 on Aug 11,2026
# vlog -sv "+incdir+mpsim/sim" "+define+COSIM_LIB" -suppress 2388 -suppress 14408 -suppress 7061 ip/kernel_system/kernel_system_fpgaclue_alpaka_sys/fpgaclue_alpaka_sys_140/sim/const_lambda_4_i_llvm_fpga_sfc_exit_s_c10000t_lambda_4_10943_0gr.sv -work fpgaclue_alpaka_sys_140 
# -- Compiling module const_lambda_4_i_llvm_fpga_sfc_exit_s_c10000t_lambda_4_10943_0gr
# 
# Top level modules:
# 	const_lambda_4_i_llvm_fpga_sfc_exit_s_c10000t_lambda_4_10943_0gr
# End time: 16:50:27 on Aug 11,2026, Elapsed time: 0:00:00
# Errors: 0, Warnings: 0
# Questa Intel FPGA Edition-64 vlog 2025.1 Compiler 2025.01 Jan 18 2025
# Start time: 16:50:27 on Aug 11,2026
# vlog -sv "+incdir+mpsim/sim" "+define+COSIM_LIB" -suppress 2388 -suppress 14408 -suppress 7061 ip/kernel_system/kernel_system_fpgaclue_alpaka_sys/fpgaclue_alpaka_sys_140/sim/const_lambda_4_i_llvm_fpga_sfc_exit_s_c1000022_1gr_full_detector.sv -work fpgaclue_alpaka_sys_140 
# -- Compiling module const_lambda_4_i_llvm_fpga_sfc_exit_s_c1000022_1gr_full_detector
# 
# Top level modules:
# 	const_lambda_4_i_llvm_fpga_sfc_exit_s_c1000022_1gr_full_detector
# End time: 16:50:27 on Aug 11,2026, Elapsed time: 0:00:00
# Errors: 0, Warnings: 0
# Questa Intel FPGA Edition-64 vlog 2025.1 Compiler 2025.01 Jan 18 2025
# Start time: 16:50:27 on Aug 11,2026
# vlog -sv "+incdir+mpsim/sim" "+define+COSIM_LIB" -suppress 2388 -suppress 14408 -suppress 7061 ip/kernel_system/kernel_system_fpgaclue_alpaka_sys/fpgaclue_alpaka_sys_140/sim/const_lambda_4_i_llvm_fpga_sfc_exit_s_c10000_10943_1gr_data_fifo.sv -work fpgaclue_alpaka_sys_140 
# -- Compiling module const_lambda_4_i_llvm_fpga_sfc_exit_s_c10000_10943_1gr_data_fifo
# 
# Top level modules:
# 	const_lambda_4_i_llvm_fpga_sfc_exit_s_c10000_10943_1gr_data_fifo
# End time: 16:50:27 on Aug 11,2026, Elapsed time: 0:00:00
# Errors: 0, Warnings: 0
# Questa Intel FPGA Edition-64 vlog 2025.1 Compiler 2025.01 Jan 18 2025
# Start time: 16:50:27 on Aug 11,2026
# vlog -sv "+incdir+mpsim/sim" "+define+COSIM_LIB" -suppress 2388 -suppress 14408 -suppress 7061 ip/kernel_system/kernel_system_fpgaclue_alpaka_sys/fpgaclue_alpaka_sys_140/sim/const_lambda_4_i_sfc_logic_s_c1_in_for_b0000t_lambda_4_10922_0gr.sv -work fpgaclue_alpaka_sys_140 
# -- Compiling module const_lambda_4_i_sfc_logic_s_c1_in_for_b0000t_lambda_4_10922_0gr
# 
# Top level modules:
# 	const_lambda_4_i_sfc_logic_s_c1_in_for_b0000t_lambda_4_10922_0gr
# End time: 16:50:27 on Aug 11,2026, Elapsed time: 0:00:00
# Errors: 0, Warnings: 0
# Questa Intel FPGA Edition-64 vlog 2025.1 Compiler 2025.01 Jan 18 2025
# Start time: 16:50:27 on Aug 11,2026
# vlog -sv "+incdir+mpsim/sim" "+define+COSIM_LIB" -suppress 2388 -suppress 14408 -suppress 7061 ip/kernel_system/kernel_system_fpgaclue_alpaka_sys/fpgaclue_alpaka_sys_140/sim/const_lambda_4_i_sfc_s_c2_in_for_body24_0000st_lambda_4_10845_13.sv -work fpgaclue_alpaka_sys_140 
# -- Compiling module const_lambda_4_i_sfc_s_c2_in_for_body24_0000st_lambda_4_10845_13
# 
# Top level modules:
# 	const_lambda_4_i_sfc_s_c2_in_for_body24_0000st_lambda_4_10845_13
# End time: 16:50:27 on Aug 11,2026, Elapsed time: 0:00:00
# Errors: 0, Warnings: 0
# Questa Intel FPGA Edition-64 vlog 2025.1 Compiler 2025.01 Jan 18 2025
# Start time: 16:50:27 on Aug 11,2026
# vlog -sv "+incdir+mpsim/sim" "+define+COSIM_LIB" -suppress 2388 -suppress 14408 -suppress 7061 ip/kernel_system/kernel_system_fpgaclue_alpaka_sys/fpgaclue_alpaka_sys_140/sim/const_lambda_4_i_llvm_fpga_sfc_exit_s_c20000t_lambda_4_11035_0gr.sv -work fpgaclue_alpaka_sys_140 
# -- Compiling module const_lambda_4_i_llvm_fpga_sfc_exit_s_c20000t_lambda_4_11035_0gr
# 
# Top level modules:
# 	const_lambda_4_i_llvm_fpga_sfc_exit_s_c20000t_lambda_4_11035_0gr
# End time: 16:50:27 on Aug 11,2026, Elapsed time: 0:00:00
# Errors: 0, Warnings: 0
# Questa Intel FPGA Edition-64 vlog 2025.1 Compiler 2025.01 Jan 18 2025
# Start time: 16:50:27 on Aug 11,2026
# vlog -sv "+incdir+mpsim/sim" "+define+COSIM_LIB" -suppress 2388 -suppress 14408 -suppress 7061 ip/kernel_system/kernel_system_fpgaclue_alpaka_sys/fpgaclue_alpaka_sys_140/sim/const_lambda_4_i_llvm_fpga_sfc_exit_s_c2000020_1gr_full_detector.sv -work fpgaclue_alpaka_sys_140 
# -- Compiling module const_lambda_4_i_llvm_fpga_sfc_exit_s_c2000020_1gr_full_detector
# 
# Top level modules:
# 	const_lambda_4_i_llvm_fpga_sfc_exit_s_c2000020_1gr_full_detector
# End time: 16:50:27 on Aug 11,2026, Elapsed time: 0:00:00
# Errors: 0, Warnings: 0
# Questa Intel FPGA Edition-64 vlog 2025.1 Compiler 2025.01 Jan 18 2025
# Start time: 16:50:27 on Aug 11,2026
# vlog -sv "+incdir+mpsim/sim" "+define+COSIM_LIB" -suppress 2388 -suppress 14408 -suppress 7061 ip/kernel_system/kernel_system_fpgaclue_alpaka_sys/fpgaclue_alpaka_sys_140/sim/const_lambda_4_i_llvm_fpga_sfc_exit_s_c20000_11035_1gr_data_fifo.sv -work fpgaclue_alpaka_sys_140 
# -- Compiling module const_lambda_4_i_llvm_fpga_sfc_exit_s_c20000_11035_1gr_data_fifo
# 
# Top level modules:
# 	const_lambda_4_i_llvm_fpga_sfc_exit_s_c20000_11035_1gr_data_fifo
# End time: 16:50:27 on Aug 11,2026, Elapsed time: 0:00:00
# Errors: 0, Warnings: 0
# Questa Intel FPGA Edition-64 vlog 2025.1 Compiler 2025.01 Jan 18 2025
# Start time: 16:50:27 on Aug 11,2026
# vlog -sv "+incdir+mpsim/sim" "+define+COSIM_LIB" -suppress 2388 -suppress 14408 -suppress 7061 ip/kernel_system/kernel_system_fpgaclue_alpaka_sys/fpgaclue_alpaka_sys_140/sim/const_lambda_4_i_sfc_logic_s_c2_in_for_b0000t_lambda_4_11020_0gr.sv -work fpgaclue_alpaka_sys_140 
# -- Compiling module const_lambda_4_i_sfc_logic_s_c2_in_for_b0000t_lambda_4_11020_0gr
# 
# Top level modules:
# 	const_lambda_4_i_sfc_logic_s_c2_in_for_b0000t_lambda_4_11020_0gr
# End time: 16:50:27 on Aug 11,2026, Elapsed time: 0:00:00
# Errors: 0, Warnings: 0
# Questa Intel FPGA Edition-64 vlog 2025.1 Compiler 2025.01 Jan 18 2025
# Start time: 16:50:27 on Aug 11,2026
# vlog -sv "+incdir+mpsim/sim" "+define+COSIM_LIB" -suppress 2388 -suppress 14408 -suppress 7061 ip/kernel_system/kernel_system_fpgaclue_alpaka_sys/fpgaclue_alpaka_sys_140/sim/const_lambda_4_i_sfc_s_c3_in_for_body24_0000t_lambda_4_10845_8gr.sv -work fpgaclue_alpaka_sys_140 
# -- Compiling module const_lambda_4_i_sfc_s_c3_in_for_body24_0000t_lambda_4_10845_8gr
# 
# Top level modules:
# 	const_lambda_4_i_sfc_s_c3_in_for_body24_0000t_lambda_4_10845_8gr
# End time: 16:50:27 on Aug 11,2026, Elapsed time: 0:00:00
# Errors: 0, Warnings: 0
# Questa Intel FPGA Edition-64 vlog 2025.1 Compiler 2025.01 Jan 18 2025
# Start time: 16:50:27 on Aug 11,2026
# vlog -sv "+incdir+mpsim/sim" "+define+COSIM_LIB" -suppress 2388 -suppress 14408 -suppress 7061 ip/kernel_system/kernel_system_fpgaclue_alpaka_sys/fpgaclue_alpaka_sys_140/sim/const_lambda_4_i_llvm_fpga_sfc_exit_s_c30000t_lambda_4_10975_0gr.sv -work fpgaclue_alpaka_sys_140 
# -- Compiling module const_lambda_4_i_llvm_fpga_sfc_exit_s_c30000t_lambda_4_10975_0gr
# 
# Top level modules:
# 	const_lambda_4_i_llvm_fpga_sfc_exit_s_c30000t_lambda_4_10975_0gr
# End time: 16:50:27 on Aug 11,2026, Elapsed time: 0:00:00
# Errors: 0, Warnings: 0
# Questa Intel FPGA Edition-64 vlog 2025.1 Compiler 2025.01 Jan 18 2025
# Start time: 16:50:27 on Aug 11,2026
# vlog -sv "+incdir+mpsim/sim" "+define+COSIM_LIB" -suppress 2388 -suppress 14408 -suppress 7061 ip/kernel_system/kernel_system_fpgaclue_alpaka_sys/fpgaclue_alpaka_sys_140/sim/const_lambda_4_i_llvm_fpga_sfc_exit_s_c3000053_1gr_full_detector.sv -work fpgaclue_alpaka_sys_140 
# -- Compiling module const_lambda_4_i_llvm_fpga_sfc_exit_s_c3000053_1gr_full_detector
# 
# Top level modules:
# 	const_lambda_4_i_llvm_fpga_sfc_exit_s_c3000053_1gr_full_detector
# End time: 16:50:27 on Aug 11,2026, Elapsed time: 0:00:00
# Errors: 0, Warnings: 0
# Questa Intel FPGA Edition-64 vlog 2025.1 Compiler 2025.01 Jan 18 2025
# Start time: 16:50:27 on Aug 11,2026
# vlog -sv "+incdir+mpsim/sim" "+define+COSIM_LIB" -suppress 2388 -suppress 14408 -suppress 7061 ip/kernel_system/kernel_system_fpgaclue_alpaka_sys/fpgaclue_alpaka_sys_140/sim/const_lambda_4_i_llvm_fpga_sfc_exit_s_c30000_10975_1gr_data_fifo.sv -work fpgaclue_alpaka_sys_140 
# -- Compiling module const_lambda_4_i_llvm_fpga_sfc_exit_s_c30000_10975_1gr_data_fifo
# 
# Top level modules:
# 	const_lambda_4_i_llvm_fpga_sfc_exit_s_c30000_10975_1gr_data_fifo
# End time: 16:50:27 on Aug 11,2026, Elapsed time: 0:00:00
# Errors: 0, Warnings: 0
# Questa Intel FPGA Edition-64 vlog 2025.1 Compiler 2025.01 Jan 18 2025
# Start time: 16:50:27 on Aug 11,2026
# vlog -sv "+incdir+mpsim/sim" "+define+COSIM_LIB" -suppress 2388 -suppress 14408 -suppress 7061 ip/kernel_system/kernel_system_fpgaclue_alpaka_sys/fpgaclue_alpaka_sys_140/sim/const_lambda_4_i_sfc_logic_s_c3_in_for_b0000t_lambda_4_10953_0gr.sv -work fpgaclue_alpaka_sys_140 
# -- Compiling module const_lambda_4_i_sfc_logic_s_c3_in_for_b0000t_lambda_4_10953_0gr
# 
# Top level modules:
# 	const_lambda_4_i_sfc_logic_s_c3_in_for_b0000t_lambda_4_10953_0gr
# End time: 16:50:28 on Aug 11,2026, Elapsed time: 0:00:01
# Errors: 0, Warnings: 0
# Questa Intel FPGA Edition-64 vlog 2025.1 Compiler 2025.01 Jan 18 2025
# Start time: 16:50:28 on Aug 11,2026
# vlog -sv "+incdir+mpsim/sim" "+define+COSIM_LIB" -suppress 2388 -suppress 14408 -suppress 7061 ip/kernel_system/kernel_system_fpgaclue_alpaka_sys/fpgaclue_alpaka_sys_140/sim/const_lambda_4_B5_branch.sv -work fpgaclue_alpaka_sys_140 
# -- Compiling module const_lambda_4_B5_branch
# 
# Top level modules:
# 	const_lambda_4_B5_branch
# End time: 16:50:28 on Aug 11,2026, Elapsed time: 0:00:00
# Errors: 0, Warnings: 0
# Questa Intel FPGA Edition-64 vlog 2025.1 Compiler 2025.01 Jan 18 2025
# Start time: 16:50:28 on Aug 11,2026
# vlog -sv "+incdir+mpsim/sim" "+define+COSIM_LIB" -suppress 2388 -suppress 14408 -suppress 7061 ip/kernel_system/kernel_system_fpgaclue_alpaka_sys/fpgaclue_alpaka_sys_140/sim/const_lambda_4_B5_merge.sv -work fpgaclue_alpaka_sys_140 
# -- Compiling module const_lambda_4_B5_merge
# 
# Top level modules:
# 	const_lambda_4_B5_merge
# End time: 16:50:28 on Aug 11,2026, Elapsed time: 0:00:00
# Errors: 0, Warnings: 0
# Questa Intel FPGA Edition-64 vlog 2025.1 Compiler 2025.01 Jan 18 2025
# Start time: 16:50:28 on Aug 11,2026
# vlog -sv "+incdir+mpsim/sim" "+define+COSIM_LIB" -suppress 2388 -suppress 14408 -suppress 7061 ip/kernel_system/kernel_system_fpgaclue_alpaka_sys/fpgaclue_alpaka_sys_140/sim/const_lambda_4_bb_B6.sv -work fpgaclue_alpaka_sys_140 
# -- Compiling module const_lambda_4_bb_B6
# 
# Top level modules:
# 	const_lambda_4_bb_B6
# End time: 16:50:28 on Aug 11,2026, Elapsed time: 0:00:00
# Errors: 0, Warnings: 0
# Questa Intel FPGA Edition-64 vlog 2025.1 Compiler 2025.01 Jan 18 2025
# Start time: 16:50:28 on Aug 11,2026
# vlog -sv "+incdir+mpsim/sim" "+define+COSIM_LIB" -suppress 2388 -suppress 14408 -suppress 7061 ip/kernel_system/kernel_system_fpgaclue_alpaka_sys/fpgaclue_alpaka_sys_140/sim/const_lambda_4_bb_B6_stall_region.sv -work fpgaclue_alpaka_sys_140 
# -- Compiling module const_lambda_4_bb_B6_stall_region
# 
# Top level modules:
# 	const_lambda_4_bb_B6_stall_region
# End time: 16:50:28 on Aug 11,2026, Elapsed time: 0:00:00
# Errors: 0, Warnings: 0
# Questa Intel FPGA Edition-64 vlog 2025.1 Compiler 2025.01 Jan 18 2025
# Start time: 16:50:28 on Aug 11,2026
# vlog -sv "+incdir+mpsim/sim" "+define+COSIM_LIB" -suppress 2388 -suppress 14408 -suppress 7061 ip/kernel_system/kernel_system_fpgaclue_alpaka_sys/fpgaclue_alpaka_sys_140/sim/const_lambda_4_B6_branch.sv -work fpgaclue_alpaka_sys_140 
# -- Compiling module const_lambda_4_B6_branch
# 
# Top level modules:
# 	const_lambda_4_B6_branch
# End time: 16:50:28 on Aug 11,2026, Elapsed time: 0:00:00
# Errors: 0, Warnings: 0
# Questa Intel FPGA Edition-64 vlog 2025.1 Compiler 2025.01 Jan 18 2025
# Start time: 16:50:28 on Aug 11,2026
# vlog -sv "+incdir+mpsim/sim" "+define+COSIM_LIB" -suppress 2388 -suppress 14408 -suppress 7061 ip/kernel_system/kernel_system_fpgaclue_alpaka_sys/fpgaclue_alpaka_sys_140/sim/const_lambda_4_B6_merge.sv -work fpgaclue_alpaka_sys_140 
# -- Compiling module const_lambda_4_B6_merge
# 
# Top level modules:
# 	const_lambda_4_B6_merge
# End time: 16:50:28 on Aug 11,2026, Elapsed time: 0:00:00
# Errors: 0, Warnings: 0
# Questa Intel FPGA Edition-64 vlog 2025.1 Compiler 2025.01 Jan 18 2025
# Start time: 16:50:28 on Aug 11,2026
# vlog -sv "+incdir+mpsim/sim" "+define+COSIM_LIB" -suppress 2388 -suppress 14408 -suppress 7061 ip/kernel_system/kernel_system_fpgaclue_alpaka_sys/fpgaclue_alpaka_sys_140/sim/const_lambda_4_bb_B7.sv -work fpgaclue_alpaka_sys_140 
# -- Compiling module const_lambda_4_bb_B7
# 
# Top level modules:
# 	const_lambda_4_bb_B7
# End time: 16:50:28 on Aug 11,2026, Elapsed time: 0:00:00
# Errors: 0, Warnings: 0
# Questa Intel FPGA Edition-64 vlog 2025.1 Compiler 2025.01 Jan 18 2025
# Start time: 16:50:28 on Aug 11,2026
# vlog -sv "+incdir+mpsim/sim" "+define+COSIM_LIB" -suppress 2388 -suppress 14408 -suppress 7061 ip/kernel_system/kernel_system_fpgaclue_alpaka_sys/fpgaclue_alpaka_sys_140/sim/const_lambda_4_bb_B7_stall_region.sv -work fpgaclue_alpaka_sys_140 
# -- Compiling module const_lambda_4_bb_B7_stall_region
# 
# Top level modules:
# 	const_lambda_4_bb_B7_stall_region
# End time: 16:50:28 on Aug 11,2026, Elapsed time: 0:00:00
# Errors: 0, Warnings: 0
# Questa Intel FPGA Edition-64 vlog 2025.1 Compiler 2025.01 Jan 18 2025
# Start time: 16:50:28 on Aug 11,2026
# vlog -sv "+incdir+mpsim/sim" "+define+COSIM_LIB" -suppress 2388 -suppress 14408 -suppress 7061 ip/kernel_system/kernel_system_fpgaclue_alpaka_sys/fpgaclue_alpaka_sys_140/sim/const_lambda_4_B7_branch.sv -work fpgaclue_alpaka_sys_140 
# -- Compiling module const_lambda_4_B7_branch
# 
# Top level modules:
# 	const_lambda_4_B7_branch
# End time: 16:50:28 on Aug 11,2026, Elapsed time: 0:00:00
# Errors: 0, Warnings: 0
# Questa Intel FPGA Edition-64 vlog 2025.1 Compiler 2025.01 Jan 18 2025
# Start time: 16:50:28 on Aug 11,2026
# vlog -sv "+incdir+mpsim/sim" "+define+COSIM_LIB" -suppress 2388 -suppress 14408 -suppress 7061 ip/kernel_system/kernel_system_fpgaclue_alpaka_sys/fpgaclue_alpaka_sys_140/sim/const_lambda_4_B7_merge.sv -work fpgaclue_alpaka_sys_140 
# -- Compiling module const_lambda_4_B7_merge
# 
# Top level modules:
# 	const_lambda_4_B7_merge
# End time: 16:50:28 on Aug 11,2026, Elapsed time: 0:00:00
# Errors: 0, Warnings: 0
# Questa Intel FPGA Edition-64 vlog 2025.1 Compiler 2025.01 Jan 18 2025
# Start time: 16:50:28 on Aug 11,2026
# vlog -sv "+incdir+mpsim/sim" "+define+COSIM_LIB" -suppress 2388 -suppress 14408 -suppress 7061 ip/kernel_system/kernel_system_fpgaclue_alpaka_sys/fpgaclue_alpaka_sys_140/sim/const_lambda_4_bb_B8.sv -work fpgaclue_alpaka_sys_140 
# -- Compiling module const_lambda_4_bb_B8
# 
# Top level modules:
# 	const_lambda_4_bb_B8
# End time: 16:50:28 on Aug 11,2026, Elapsed time: 0:00:00
# Errors: 0, Warnings: 0
# Questa Intel FPGA Edition-64 vlog 2025.1 Compiler 2025.01 Jan 18 2025
# Start time: 16:50:28 on Aug 11,2026
# vlog -sv "+incdir+mpsim/sim" "+define+COSIM_LIB" -suppress 2388 -suppress 14408 -suppress 7061 ip/kernel_system/kernel_system_fpgaclue_alpaka_sys/fpgaclue_alpaka_sys_140/sim/const_lambda_4_bb_B8_stall_region.sv -work fpgaclue_alpaka_sys_140 
# -- Compiling module const_lambda_4_bb_B8_stall_region
# 
# Top level modules:
# 	const_lambda_4_bb_B8_stall_region
# End time: 16:50:28 on Aug 11,2026, Elapsed time: 0:00:00
# Errors: 0, Warnings: 0
# Questa Intel FPGA Edition-64 vlog 2025.1 Compiler 2025.01 Jan 18 2025
# Start time: 16:50:28 on Aug 11,2026
# vlog -sv "+incdir+mpsim/sim" "+define+COSIM_LIB" -suppress 2388 -suppress 14408 -suppress 7061 ip/kernel_system/kernel_system_fpgaclue_alpaka_sys/fpgaclue_alpaka_sys_140/sim/const_lambda_4_B8_merge_reg.sv -work fpgaclue_alpaka_sys_140 
# -- Compiling module const_lambda_4_B8_merge_reg
# 
# Top level modules:
# 	const_lambda_4_B8_merge_reg
# End time: 16:50:28 on Aug 11,2026, Elapsed time: 0:00:00
# Errors: 0, Warnings: 0
# Questa Intel FPGA Edition-64 vlog 2025.1 Compiler 2025.01 Jan 18 2025
# Start time: 16:50:28 on Aug 11,2026
# vlog -sv "+incdir+mpsim/sim" "+define+COSIM_LIB" -suppress 2388 -suppress 14408 -suppress 7061 ip/kernel_system/kernel_system_fpgaclue_alpaka_sys/fpgaclue_alpaka_sys_140/sim/const_lambda_4_i_sfc_s_c0_in_if_end48_i_0000t_lambda_4_11123_1gr.sv -work fpgaclue_alpaka_sys_140 
# -- Compiling module const_lambda_4_i_sfc_s_c0_in_if_end48_i_0000t_lambda_4_11123_1gr
# 
# Top level modules:
# 	const_lambda_4_i_sfc_s_c0_in_if_end48_i_0000t_lambda_4_11123_1gr
# End time: 16:50:28 on Aug 11,2026, Elapsed time: 0:00:00
# Errors: 0, Warnings: 0
# Questa Intel FPGA Edition-64 vlog 2025.1 Compiler 2025.01 Jan 18 2025
# Start time: 16:50:28 on Aug 11,2026
# vlog -sv "+incdir+mpsim/sim" "+define+COSIM_LIB" -suppress 2388 -suppress 14408 -suppress 7061 ip/kernel_system/kernel_system_fpgaclue_alpaka_sys/fpgaclue_alpaka_sys_140/sim/const_lambda_4_i_llvm_fpga_sfc_exit_s_c00000t_lambda_4_11164_0gr.sv -work fpgaclue_alpaka_sys_140 
# -- Compiling module const_lambda_4_i_llvm_fpga_sfc_exit_s_c00000t_lambda_4_11164_0gr
# 
# Top level modules:
# 	const_lambda_4_i_llvm_fpga_sfc_exit_s_c00000t_lambda_4_11164_0gr
# End time: 16:50:29 on Aug 11,2026, Elapsed time: 0:00:01
# Errors: 0, Warnings: 0
# Questa Intel FPGA Edition-64 vlog 2025.1 Compiler 2025.01 Jan 18 2025
# Start time: 16:50:29 on Aug 11,2026
# vlog -sv "+incdir+mpsim/sim" "+define+COSIM_LIB" -suppress 2388 -suppress 14408 -suppress 7061 ip/kernel_system/kernel_system_fpgaclue_alpaka_sys/fpgaclue_alpaka_sys_140/sim/const_lambda_4_i_llvm_fpga_sfc_exit_s_c0000041_1gr_full_detector.sv -work fpgaclue_alpaka_sys_140 
# -- Compiling module const_lambda_4_i_llvm_fpga_sfc_exit_s_c0000041_1gr_full_detector
# 
# Top level modules:
# 	const_lambda_4_i_llvm_fpga_sfc_exit_s_c0000041_1gr_full_detector
# End time: 16:50:29 on Aug 11,2026, Elapsed time: 0:00:00
# Errors: 0, Warnings: 0
# Questa Intel FPGA Edition-64 vlog 2025.1 Compiler 2025.01 Jan 18 2025
# Start time: 16:50:29 on Aug 11,2026
# vlog -sv "+incdir+mpsim/sim" "+define+COSIM_LIB" -suppress 2388 -suppress 14408 -suppress 7061 ip/kernel_system/kernel_system_fpgaclue_alpaka_sys/fpgaclue_alpaka_sys_140/sim/const_lambda_4_i_llvm_fpga_sfc_exit_s_c00000_11164_1gr_data_fifo.sv -work fpgaclue_alpaka_sys_140 
# -- Compiling module const_lambda_4_i_llvm_fpga_sfc_exit_s_c00000_11164_1gr_data_fifo
# 
# Top level modules:
# 	const_lambda_4_i_llvm_fpga_sfc_exit_s_c00000_11164_1gr_data_fifo
# End time: 16:50:29 on Aug 11,2026, Elapsed time: 0:00:00
# Errors: 0, Warnings: 0
# Questa Intel FPGA Edition-64 vlog 2025.1 Compiler 2025.01 Jan 18 2025
# Start time: 16:50:29 on Aug 11,2026
# vlog -sv "+incdir+mpsim/sim" "+define+COSIM_LIB" -suppress 2388 -suppress 14408 -suppress 7061 ip/kernel_system/kernel_system_fpgaclue_alpaka_sys/fpgaclue_alpaka_sys_140/sim/const_lambda_4_i_sfc_logic_s_c0_in_if_en0000t_lambda_4_11141_0gr.sv -work fpgaclue_alpaka_sys_140 
# -- Compiling module const_lambda_4_i_sfc_logic_s_c0_in_if_en0000t_lambda_4_11141_0gr
# 
# Top level modules:
# 	const_lambda_4_i_sfc_logic_s_c0_in_if_en0000t_lambda_4_11141_0gr
# End time: 16:50:29 on Aug 11,2026, Elapsed time: 0:00:00
# Errors: 0, Warnings: 0
# Questa Intel FPGA Edition-64 vlog 2025.1 Compiler 2025.01 Jan 18 2025
# Start time: 16:50:29 on Aug 11,2026
# vlog -sv "+incdir+mpsim/sim" "+define+COSIM_LIB" -suppress 2388 -suppress 14408 -suppress 7061 ip/kernel_system/kernel_system_fpgaclue_alpaka_sys/fpgaclue_alpaka_sys_140/sim/const_lambda_4_B8_branch.sv -work fpgaclue_alpaka_sys_140 
# -- Compiling module const_lambda_4_B8_branch
# 
# Top level modules:
# 	const_lambda_4_B8_branch
# End time: 16:50:29 on Aug 11,2026, Elapsed time: 0:00:00
# Errors: 0, Warnings: 0
# Questa Intel FPGA Edition-64 vlog 2025.1 Compiler 2025.01 Jan 18 2025
# Start time: 16:50:29 on Aug 11,2026
# vlog -sv "+incdir+mpsim/sim" "+define+COSIM_LIB" -suppress 2388 -suppress 14408 -suppress 7061 ip/kernel_system/kernel_system_fpgaclue_alpaka_sys/fpgaclue_alpaka_sys_140/sim/const_lambda_4_B8_merge.sv -work fpgaclue_alpaka_sys_140 
# -- Compiling module const_lambda_4_B8_merge
# 
# Top level modules:
# 	const_lambda_4_B8_merge
# End time: 16:50:29 on Aug 11,2026, Elapsed time: 0:00:00
# Errors: 0, Warnings: 0
# Questa Intel FPGA Edition-64 vlog 2025.1 Compiler 2025.01 Jan 18 2025
# Start time: 16:50:29 on Aug 11,2026
# vlog -sv "+incdir+mpsim/sim" "+define+COSIM_LIB" -suppress 2388 -suppress 14408 -suppress 7061 ip/kernel_system/kernel_system_fpgaclue_alpaka_sys/fpgaclue_alpaka_sys_140/sim/const_lambda_4_bb_B9.sv -work fpgaclue_alpaka_sys_140 
# -- Compiling module const_lambda_4_bb_B9
# 
# Top level modules:
# 	const_lambda_4_bb_B9
# End time: 16:50:29 on Aug 11,2026, Elapsed time: 0:00:00
# Errors: 0, Warnings: 0
# Questa Intel FPGA Edition-64 vlog 2025.1 Compiler 2025.01 Jan 18 2025
# Start time: 16:50:29 on Aug 11,2026
# vlog -sv "+incdir+mpsim/sim" "+define+COSIM_LIB" -suppress 2388 -suppress 14408 -suppress 7061 ip/kernel_system/kernel_system_fpgaclue_alpaka_sys/fpgaclue_alpaka_sys_140/sim/const_lambda_4_bb_B9_stall_region.sv -work fpgaclue_alpaka_sys_140 
# -- Compiling module const_lambda_4_bb_B9_stall_region
# 
# Top level modules:
# 	const_lambda_4_bb_B9_stall_region
# End time: 16:50:29 on Aug 11,2026, Elapsed time: 0:00:00
# Errors: 0, Warnings: 0
# Questa Intel FPGA Edition-64 vlog 2025.1 Compiler 2025.01 Jan 18 2025
# Start time: 16:50:29 on Aug 11,2026
# vlog -sv "+incdir+mpsim/sim" "+define+COSIM_LIB" -suppress 2388 -suppress 14408 -suppress 7061 ip/kernel_system/kernel_system_fpgaclue_alpaka_sys/fpgaclue_alpaka_sys_140/sim/const_lambda_4_i_sfc_s_c0_in_for_body58_0000t_lambda_4_11184_3gr.sv -work fpgaclue_alpaka_sys_140 
# -- Compiling module const_lambda_4_i_sfc_s_c0_in_for_body58_0000t_lambda_4_11184_3gr
# 
# Top level modules:
# 	const_lambda_4_i_sfc_s_c0_in_for_body58_0000t_lambda_4_11184_3gr
# End time: 16:50:29 on Aug 11,2026, Elapsed time: 0:00:00
# Errors: 0, Warnings: 0
# Questa Intel FPGA Edition-64 vlog 2025.1 Compiler 2025.01 Jan 18 2025
# Start time: 16:50:29 on Aug 11,2026
# vlog -sv "+incdir+mpsim/sim" "+define+COSIM_LIB" -suppress 2388 -suppress 14408 -suppress 7061 ip/kernel_system/kernel_system_fpgaclue_alpaka_sys/fpgaclue_alpaka_sys_140/sim/const_lambda_4_i_llvm_fpga_sfc_exit_s_c00000t_lambda_4_11206_0gr.sv -work fpgaclue_alpaka_sys_140 
# -- Compiling module const_lambda_4_i_llvm_fpga_sfc_exit_s_c00000t_lambda_4_11206_0gr
# 
# Top level modules:
# 	const_lambda_4_i_llvm_fpga_sfc_exit_s_c00000t_lambda_4_11206_0gr
# End time: 16:50:29 on Aug 11,2026, Elapsed time: 0:00:00
# Errors: 0, Warnings: 0
# Questa Intel FPGA Edition-64 vlog 2025.1 Compiler 2025.01 Jan 18 2025
# Start time: 16:50:29 on Aug 11,2026
# vlog -sv "+incdir+mpsim/sim" "+define+COSIM_LIB" -suppress 2388 -suppress 14408 -suppress 7061 ip/kernel_system/kernel_system_fpgaclue_alpaka_sys/fpgaclue_alpaka_sys_140/sim/const_lambda_4_i_llvm_fpga_sfc_exit_s_c0000095_1gr_full_detector.sv -work fpgaclue_alpaka_sys_140 
# -- Compiling module const_lambda_4_i_llvm_fpga_sfc_exit_s_c0000095_1gr_full_detector
# 
# Top level modules:
# 	const_lambda_4_i_llvm_fpga_sfc_exit_s_c0000095_1gr_full_detector
# End time: 16:50:29 on Aug 11,2026, Elapsed time: 0:00:00
# Errors: 0, Warnings: 0
# Questa Intel FPGA Edition-64 vlog 2025.1 Compiler 2025.01 Jan 18 2025
# Start time: 16:50:29 on Aug 11,2026
# vlog -sv "+incdir+mpsim/sim" "+define+COSIM_LIB" -suppress 2388 -suppress 14408 -suppress 7061 ip/kernel_system/kernel_system_fpgaclue_alpaka_sys/fpgaclue_alpaka_sys_140/sim/const_lambda_4_i_llvm_fpga_sfc_exit_s_c00000_11206_1gr_data_fifo.sv -work fpgaclue_alpaka_sys_140 
# -- Compiling module const_lambda_4_i_llvm_fpga_sfc_exit_s_c00000_11206_1gr_data_fifo
# 
# Top level modules:
# 	const_lambda_4_i_llvm_fpga_sfc_exit_s_c00000_11206_1gr_data_fifo
# End time: 16:50:29 on Aug 11,2026, Elapsed time: 0:00:00
# Errors: 0, Warnings: 0
# Questa Intel FPGA Edition-64 vlog 2025.1 Compiler 2025.01 Jan 18 2025
# Start time: 16:50:29 on Aug 11,2026
# vlog -sv "+incdir+mpsim/sim" "+define+COSIM_LIB" -suppress 2388 -suppress 14408 -suppress 7061 ip/kernel_system/kernel_system_fpgaclue_alpaka_sys/fpgaclue_alpaka_sys_140/sim/const_lambda_4_i_sfc_logic_s_c0_in_for_b0000t_lambda_4_11195_0gr.sv -work fpgaclue_alpaka_sys_140 
# -- Compiling module const_lambda_4_i_sfc_logic_s_c0_in_for_b0000t_lambda_4_11195_0gr
# 
# Top level modules:
# 	const_lambda_4_i_sfc_logic_s_c0_in_for_b0000t_lambda_4_11195_0gr
# End time: 16:50:29 on Aug 11,2026, Elapsed time: 0:00:00
# Errors: 0, Warnings: 0
# Questa Intel FPGA Edition-64 vlog 2025.1 Compiler 2025.01 Jan 18 2025
# Start time: 16:50:29 on Aug 11,2026
# vlog -sv "+incdir+mpsim/sim" "+define+COSIM_LIB" -suppress 2388 -suppress 14408 -suppress 7061 ip/kernel_system/kernel_system_fpgaclue_alpaka_sys/fpgaclue_alpaka_sys_140/sim/const_lambda_4_B9_branch.sv -work fpgaclue_alpaka_sys_140 
# -- Compiling module const_lambda_4_B9_branch
# 
# Top level modules:
# 	const_lambda_4_B9_branch
# End time: 16:50:29 on Aug 11,2026, Elapsed time: 0:00:00
# Errors: 0, Warnings: 0
# Questa Intel FPGA Edition-64 vlog 2025.1 Compiler 2025.01 Jan 18 2025
# Start time: 16:50:29 on Aug 11,2026
# vlog -sv "+incdir+mpsim/sim" "+define+COSIM_LIB" -suppress 2388 -suppress 14408 -suppress 7061 ip/kernel_system/kernel_system_fpgaclue_alpaka_sys/fpgaclue_alpaka_sys_140/sim/const_lambda_4_B9_merge.sv -work fpgaclue_alpaka_sys_140 
# -- Compiling module const_lambda_4_B9_merge
# 
# Top level modules:
# 	const_lambda_4_B9_merge
# End time: 16:50:29 on Aug 11,2026, Elapsed time: 0:00:00
# Errors: 0, Warnings: 0
# Questa Intel FPGA Edition-64 vlog 2025.1 Compiler 2025.01 Jan 18 2025
# Start time: 16:50:29 on Aug 11,2026
# vlog -sv "+incdir+mpsim/sim" "+define+COSIM_LIB" -suppress 2388 -suppress 14408 -suppress 7061 ip/kernel_system/kernel_system_fpgaclue_alpaka_sys/fpgaclue_alpaka_sys_140/sim/const_lambda_4_loop_limiter_0.sv -work fpgaclue_alpaka_sys_140 
# -- Compiling module const_lambda_4_loop_limiter_0
# 
# Top level modules:
# 	const_lambda_4_loop_limiter_0
# End time: 16:50:29 on Aug 11,2026, Elapsed time: 0:00:00
# Errors: 0, Warnings: 0
# Questa Intel FPGA Edition-64 vlog 2025.1 Compiler 2025.01 Jan 18 2025
# Start time: 16:50:29 on Aug 11,2026
# vlog -sv "+incdir+mpsim/sim" "+define+COSIM_LIB" -suppress 2388 -suppress 14408 -suppress 7061 ip/kernel_system/kernel_system_fpgaclue_alpaka_sys/fpgaclue_alpaka_sys_140/sim/const_lambda_4_loop_limiter_1.sv -work fpgaclue_alpaka_sys_140 
# -- Compiling module const_lambda_4_loop_limiter_1
# 
# Top level modules:
# 	const_lambda_4_loop_limiter_1
# End time: 16:50:30 on Aug 11,2026, Elapsed time: 0:00:01
# Errors: 0, Warnings: 0
# Questa Intel FPGA Edition-64 vlog 2025.1 Compiler 2025.01 Jan 18 2025
# Start time: 16:50:30 on Aug 11,2026
# vlog -sv "+incdir+mpsim/sim" "+define+COSIM_LIB" -suppress 2388 -suppress 14408 -suppress 7061 ip/kernel_system/kernel_system_fpgaclue_alpaka_sys/fpgaclue_alpaka_sys_140/sim/const_lambda_4_loop_limiter_2.sv -work fpgaclue_alpaka_sys_140 
# -- Compiling module const_lambda_4_loop_limiter_2
# 
# Top level modules:
# 	const_lambda_4_loop_limiter_2
# End time: 16:50:30 on Aug 11,2026, Elapsed time: 0:00:00
# Errors: 0, Warnings: 0
# Questa Intel FPGA Edition-64 vlog 2025.1 Compiler 2025.01 Jan 18 2025
# Start time: 16:50:30 on Aug 11,2026
# vlog -sv "+incdir+mpsim/sim" "+define+COSIM_LIB" -suppress 2388 -suppress 14408 -suppress 7061 ip/kernel_system/kernel_system_fpgaclue_alpaka_sys/fpgaclue_alpaka_sys_140/sim/const_lambda_4_loop_limiter_3.sv -work fpgaclue_alpaka_sys_140 
# -- Compiling module const_lambda_4_loop_limiter_3
# 
# Top level modules:
# 	const_lambda_4_loop_limiter_3
# End time: 16:50:30 on Aug 11,2026, Elapsed time: 0:00:00
# Errors: 0, Warnings: 0
# Questa Intel FPGA Edition-64 vlog 2025.1 Compiler 2025.01 Jan 18 2025
# Start time: 16:50:30 on Aug 11,2026
# vlog -sv "+incdir+mpsim/sim" "+define+COSIM_LIB" -suppress 2388 -suppress 14408 -suppress 7061 ip/kernel_system/kernel_system_fpgaclue_alpaka_sys/fpgaclue_alpaka_sys_140/sim/const_lambda_4_bb_B0.sv -work fpgaclue_alpaka_sys_140 
# -- Compiling module const_lambda_4_bb_B0
# 
# Top level modules:
# 	const_lambda_4_bb_B0
# End time: 16:50:30 on Aug 11,2026, Elapsed time: 0:00:00
# Errors: 0, Warnings: 0
# Questa Intel FPGA Edition-64 vlog 2025.1 Compiler 2025.01 Jan 18 2025
# Start time: 16:50:30 on Aug 11,2026
# vlog -sv "+incdir+mpsim/sim" "+define+COSIM_LIB" -suppress 2388 -suppress 14408 -suppress 7061 ip/kernel_system/kernel_system_fpgaclue_alpaka_sys/fpgaclue_alpaka_sys_140/sim/const_lambda_4_bb_B0_stall_region.sv -work fpgaclue_alpaka_sys_140 
# -- Compiling module const_lambda_4_bb_B0_stall_region
# 
# Top level modules:
# 	const_lambda_4_bb_B0_stall_region
# End time: 16:50:30 on Aug 11,2026, Elapsed time: 0:00:00
# Errors: 0, Warnings: 0
# Questa Intel FPGA Edition-64 vlog 2025.1 Compiler 2025.01 Jan 18 2025
# Start time: 16:50:30 on Aug 11,2026
# vlog -sv "+incdir+mpsim/sim" "+define+COSIM_LIB" -suppress 2388 -suppress 14408 -suppress 7061 ip/kernel_system/kernel_system_fpgaclue_alpaka_sys/fpgaclue_alpaka_sys_140/sim/const_lambda_4_B0_merge_reg.sv -work fpgaclue_alpaka_sys_140 
# -- Compiling module const_lambda_4_B0_merge_reg
# 
# Top level modules:
# 	const_lambda_4_B0_merge_reg
# End time: 16:50:30 on Aug 11,2026, Elapsed time: 0:00:00
# Errors: 0, Warnings: 0
# Questa Intel FPGA Edition-64 vlog 2025.1 Compiler 2025.01 Jan 18 2025
# Start time: 16:50:30 on Aug 11,2026
# vlog -sv "+incdir+mpsim/sim" "+define+COSIM_LIB" -suppress 2388 -suppress 14408 -suppress 7061 ip/kernel_system/kernel_system_fpgaclue_alpaka_sys/fpgaclue_alpaka_sys_140/sim/const_lambda_4_i_sfc_s_c0_in_entry_s_c0_0000t_lambda_4_10212_0gr.sv -work fpgaclue_alpaka_sys_140 
# -- Compiling module const_lambda_4_i_sfc_s_c0_in_entry_s_c0_0000t_lambda_4_10212_0gr
# 
# Top level modules:
# 	const_lambda_4_i_sfc_s_c0_in_entry_s_c0_0000t_lambda_4_10212_0gr
# End time: 16:50:30 on Aug 11,2026, Elapsed time: 0:00:00
# Errors: 0, Warnings: 0
# Questa Intel FPGA Edition-64 vlog 2025.1 Compiler 2025.01 Jan 18 2025
# Start time: 16:50:30 on Aug 11,2026
# vlog -sv "+incdir+mpsim/sim" "+define+COSIM_LIB" -suppress 2388 -suppress 14408 -suppress 7061 ip/kernel_system/kernel_system_fpgaclue_alpaka_sys/fpgaclue_alpaka_sys_140/sim/const_lambda_4_i_llvm_fpga_sfc_exit_s_c00000t_lambda_4_10418_0gr.sv -work fpgaclue_alpaka_sys_140 
# -- Compiling module const_lambda_4_i_llvm_fpga_sfc_exit_s_c00000t_lambda_4_10418_0gr
# 
# Top level modules:
# 	const_lambda_4_i_llvm_fpga_sfc_exit_s_c00000t_lambda_4_10418_0gr
# End time: 16:50:30 on Aug 11,2026, Elapsed time: 0:00:00
# Errors: 0, Warnings: 0
# Questa Intel FPGA Edition-64 vlog 2025.1 Compiler 2025.01 Jan 18 2025
# Start time: 16:50:30 on Aug 11,2026
# vlog -sv "+incdir+mpsim/sim" "+define+COSIM_LIB" -suppress 2388 -suppress 14408 -suppress 7061 ip/kernel_system/kernel_system_fpgaclue_alpaka_sys/fpgaclue_alpaka_sys_140/sim/const_lambda_4_i_llvm_fpga_sfc_exit_s_c0000027_1gr_full_detector.sv -work fpgaclue_alpaka_sys_140 
# -- Compiling module const_lambda_4_i_llvm_fpga_sfc_exit_s_c0000027_1gr_full_detector
# 
# Top level modules:
# 	const_lambda_4_i_llvm_fpga_sfc_exit_s_c0000027_1gr_full_detector
# End time: 16:50:30 on Aug 11,2026, Elapsed time: 0:00:00
# Errors: 0, Warnings: 0
# Questa Intel FPGA Edition-64 vlog 2025.1 Compiler 2025.01 Jan 18 2025
# Start time: 16:50:30 on Aug 11,2026
# vlog -sv "+incdir+mpsim/sim" "+define+COSIM_LIB" -suppress 2388 -suppress 14408 -suppress 7061 ip/kernel_system/kernel_system_fpgaclue_alpaka_sys/fpgaclue_alpaka_sys_140/sim/const_lambda_4_i_llvm_fpga_sfc_exit_s_c00000_10418_1gr_data_fifo.sv -work fpgaclue_alpaka_sys_140 
# -- Compiling module const_lambda_4_i_llvm_fpga_sfc_exit_s_c00000_10418_1gr_data_fifo
# 
# Top level modules:
# 	const_lambda_4_i_llvm_fpga_sfc_exit_s_c00000_10418_1gr_data_fifo
# End time: 16:50:30 on Aug 11,2026, Elapsed time: 0:00:00
# Errors: 0, Warnings: 0
# Questa Intel FPGA Edition-64 vlog 2025.1 Compiler 2025.01 Jan 18 2025
# Start time: 16:50:30 on Aug 11,2026
# vlog -sv "+incdir+mpsim/sim" "+define+COSIM_LIB" -suppress 2388 -suppress 14408 -suppress 7061 ip/kernel_system/kernel_system_fpgaclue_alpaka_sys/fpgaclue_alpaka_sys_140/sim/const_lambda_4_i_sfc_logic_s_c0_in_entry0000t_lambda_4_10227_0gr.sv -work fpgaclue_alpaka_sys_140 
# -- Compiling module const_lambda_4_i_sfc_logic_s_c0_in_entry0000t_lambda_4_10227_0gr
# 
# Top level modules:
# 	const_lambda_4_i_sfc_logic_s_c0_in_entry0000t_lambda_4_10227_0gr
# End time: 16:50:30 on Aug 11,2026, Elapsed time: 0:00:00
# Errors: 0, Warnings: 0
# Questa Intel FPGA Edition-64 vlog 2025.1 Compiler 2025.01 Jan 18 2025
# Start time: 16:50:30 on Aug 11,2026
# vlog -sv "+incdir+mpsim/sim" "+define+COSIM_LIB" -suppress 2388 -suppress 14408 -suppress 7061 ip/kernel_system/kernel_system_fpgaclue_alpaka_sys/fpgaclue_alpaka_sys_140/sim/const_lambda_4_i_llvm_fpga_sync_buffer_s0000nc_buffer1_10281_0gr.sv -work fpgaclue_alpaka_sys_140 
# -- Compiling module const_lambda_4_i_llvm_fpga_sync_buffer_s0000nc_buffer1_10281_0gr
# 
# Top level modules:
# 	const_lambda_4_i_llvm_fpga_sync_buffer_s0000nc_buffer1_10281_0gr
# End time: 16:50:30 on Aug 11,2026, Elapsed time: 0:00:00
# Errors: 0, Warnings: 0
# Questa Intel FPGA Edition-64 vlog 2025.1 Compiler 2025.01 Jan 18 2025
# Start time: 16:50:30 on Aug 11,2026
# vlog -sv "+incdir+mpsim/sim" "+define+COSIM_LIB" -suppress 2388 -suppress 14408 -suppress 7061 ip/kernel_system/kernel_system_fpgaclue_alpaka_sys/fpgaclue_alpaka_sys_140/sim/const_lambda_4_i_llvm_fpga_sync_buffer_s0000nc_buffer2_10234_0gr.sv -work fpgaclue_alpaka_sys_140 
# -- Compiling module const_lambda_4_i_llvm_fpga_sync_buffer_s0000nc_buffer2_10234_0gr
# 
# Top level modules:
# 	const_lambda_4_i_llvm_fpga_sync_buffer_s0000nc_buffer2_10234_0gr
# End time: 16:50:30 on Aug 11,2026, Elapsed time: 0:00:00
# Errors: 0, Warnings: 0
# Questa Intel FPGA Edition-64 vlog 2025.1 Compiler 2025.01 Jan 18 2025
# Start time: 16:50:30 on Aug 11,2026
# vlog -sv "+incdir+mpsim/sim" "+define+COSIM_LIB" -suppress 2388 -suppress 14408 -suppress 7061 ip/kernel_system/kernel_system_fpgaclue_alpaka_sys/fpgaclue_alpaka_sys_140/sim/const_lambda_4_i_llvm_fpga_sync_buffer_s0000ync_buffer_10328_0gr.sv -work fpgaclue_alpaka_sys_140 
# -- Compiling module const_lambda_4_i_llvm_fpga_sync_buffer_s0000ync_buffer_10328_0gr
# 
# Top level modules:
# 	const_lambda_4_i_llvm_fpga_sync_buffer_s0000ync_buffer_10328_0gr
# End time: 16:50:30 on Aug 11,2026, Elapsed time: 0:00:00
# Errors: 0, Warnings: 0
# Questa Intel FPGA Edition-64 vlog 2025.1 Compiler 2025.01 Jan 18 2025
# Start time: 16:50:30 on Aug 11,2026
# vlog -sv "+incdir+mpsim/sim" "+define+COSIM_LIB" -suppress 2388 -suppress 14408 -suppress 7061 ip/kernel_system/kernel_system_fpgaclue_alpaka_sys/fpgaclue_alpaka_sys_140/sim/const_lambda_4_i_llvm_fpga_sync_buffer_s0000ync_buffer_10378_0gr.sv -work fpgaclue_alpaka_sys_140 
# -- Compiling module const_lambda_4_i_llvm_fpga_sync_buffer_s0000ync_buffer_10378_0gr
# 
# Top level modules:
# 	const_lambda_4_i_llvm_fpga_sync_buffer_s0000ync_buffer_10378_0gr
# End time: 16:50:30 on Aug 11,2026, Elapsed time: 0:00:00
# Errors: 0, Warnings: 0
# Questa Intel FPGA Edition-64 vlog 2025.1 Compiler 2025.01 Jan 18 2025
# Start time: 16:50:30 on Aug 11,2026
# vlog -sv "+incdir+mpsim/sim" "+define+COSIM_LIB" -suppress 2388 -suppress 14408 -suppress 7061 ip/kernel_system/kernel_system_fpgaclue_alpaka_sys/fpgaclue_alpaka_sys_140/sim/const_lambda_4_B0_branch.sv -work fpgaclue_alpaka_sys_140 
# -- Compiling module const_lambda_4_B0_branch
# 
# Top level modules:
# 	const_lambda_4_B0_branch
# End time: 16:50:31 on Aug 11,2026, Elapsed time: 0:00:01
# Errors: 0, Warnings: 0
# Questa Intel FPGA Edition-64 vlog 2025.1 Compiler 2025.01 Jan 18 2025
# Start time: 16:50:31 on Aug 11,2026
# vlog -sv "+incdir+mpsim/sim" "+define+COSIM_LIB" -suppress 2388 -suppress 14408 -suppress 7061 ip/kernel_system/kernel_system_fpgaclue_alpaka_sys/fpgaclue_alpaka_sys_140/sim/const_lambda_4_B0_merge.sv -work fpgaclue_alpaka_sys_140 
# -- Compiling module const_lambda_4_B0_merge
# 
# Top level modules:
# 	const_lambda_4_B0_merge
# End time: 16:50:31 on Aug 11,2026, Elapsed time: 0:00:00
# Errors: 0, Warnings: 0
# Questa Intel FPGA Edition-64 vlog 2025.1 Compiler 2025.01 Jan 18 2025
# Start time: 16:50:31 on Aug 11,2026
# vlog -sv "+incdir+mpsim/sim" "+define+COSIM_LIB" -suppress 2388 -suppress 14408 -suppress 7061 ip/kernel_system/kernel_system_fpgaclue_alpaka_sys/fpgaclue_alpaka_sys_140/sim/const_lambda_4_bb_B10_sr_0.sv -work fpgaclue_alpaka_sys_140 
# -- Compiling module const_lambda_4_bb_B10_sr_0
# 
# Top level modules:
# 	const_lambda_4_bb_B10_sr_0
# End time: 16:50:31 on Aug 11,2026, Elapsed time: 0:00:00
# Errors: 0, Warnings: 0
# Questa Intel FPGA Edition-64 vlog 2025.1 Compiler 2025.01 Jan 18 2025
# Start time: 16:50:31 on Aug 11,2026
# vlog -sv "+incdir+mpsim/sim" "+define+COSIM_LIB" -suppress 2388 -suppress 14408 -suppress 7061 ip/kernel_system/kernel_system_fpgaclue_alpaka_sys/fpgaclue_alpaka_sys_140/sim/const_lambda_4_bb_B10_sr_1.sv -work fpgaclue_alpaka_sys_140 
# -- Compiling module const_lambda_4_bb_B10_sr_1
# 
# Top level modules:
# 	const_lambda_4_bb_B10_sr_1
# End time: 16:50:31 on Aug 11,2026, Elapsed time: 0:00:00
# Errors: 0, Warnings: 0
# Questa Intel FPGA Edition-64 vlog 2025.1 Compiler 2025.01 Jan 18 2025
# Start time: 16:50:31 on Aug 11,2026
# vlog -sv "+incdir+mpsim/sim" "+define+COSIM_LIB" -suppress 2388 -suppress 14408 -suppress 7061 ip/kernel_system/kernel_system_fpgaclue_alpaka_sys/fpgaclue_alpaka_sys_140/sim/const_lambda_4_bb_B11_sr_0.sv -work fpgaclue_alpaka_sys_140 
# -- Compiling module const_lambda_4_bb_B11_sr_0
# 
# Top level modules:
# 	const_lambda_4_bb_B11_sr_0
# End time: 16:50:31 on Aug 11,2026, Elapsed time: 0:00:00
# Errors: 0, Warnings: 0
# Questa Intel FPGA Edition-64 vlog 2025.1 Compiler 2025.01 Jan 18 2025
# Start time: 16:50:31 on Aug 11,2026
# vlog -sv "+incdir+mpsim/sim" "+define+COSIM_LIB" -suppress 2388 -suppress 14408 -suppress 7061 ip/kernel_system/kernel_system_fpgaclue_alpaka_sys/fpgaclue_alpaka_sys_140/sim/const_lambda_4_bb_B1_sr_0.sv -work fpgaclue_alpaka_sys_140 
# -- Compiling module const_lambda_4_bb_B1_sr_0
# 
# Top level modules:
# 	const_lambda_4_bb_B1_sr_0
# End time: 16:50:31 on Aug 11,2026, Elapsed time: 0:00:00
# Errors: 0, Warnings: 0
# Questa Intel FPGA Edition-64 vlog 2025.1 Compiler 2025.01 Jan 18 2025
# Start time: 16:50:31 on Aug 11,2026
# vlog -sv "+incdir+mpsim/sim" "+define+COSIM_LIB" -suppress 2388 -suppress 14408 -suppress 7061 ip/kernel_system/kernel_system_fpgaclue_alpaka_sys/fpgaclue_alpaka_sys_140/sim/const_lambda_4_bb_B1_sr_1.sv -work fpgaclue_alpaka_sys_140 
# -- Compiling module const_lambda_4_bb_B1_sr_1
# 
# Top level modules:
# 	const_lambda_4_bb_B1_sr_1
# End time: 16:50:31 on Aug 11,2026, Elapsed time: 0:00:00
# Errors: 0, Warnings: 0
# Questa Intel FPGA Edition-64 vlog 2025.1 Compiler 2025.01 Jan 18 2025
# Start time: 16:50:31 on Aug 11,2026
# vlog -sv "+incdir+mpsim/sim" "+define+COSIM_LIB" -suppress 2388 -suppress 14408 -suppress 7061 ip/kernel_system/kernel_system_fpgaclue_alpaka_sys/fpgaclue_alpaka_sys_140/sim/const_lambda_4_bb_B2_sr_0.sv -work fpgaclue_alpaka_sys_140 
# -- Compiling module const_lambda_4_bb_B2_sr_0
# 
# Top level modules:
# 	const_lambda_4_bb_B2_sr_0
# End time: 16:50:31 on Aug 11,2026, Elapsed time: 0:00:00
# Errors: 0, Warnings: 0
# Questa Intel FPGA Edition-64 vlog 2025.1 Compiler 2025.01 Jan 18 2025
# Start time: 16:50:31 on Aug 11,2026
# vlog -sv "+incdir+mpsim/sim" "+define+COSIM_LIB" -suppress 2388 -suppress 14408 -suppress 7061 ip/kernel_system/kernel_system_fpgaclue_alpaka_sys/fpgaclue_alpaka_sys_140/sim/const_lambda_4_bb_B3_sr_0.sv -work fpgaclue_alpaka_sys_140 
# -- Compiling module const_lambda_4_bb_B3_sr_0
# 
# Top level modules:
# 	const_lambda_4_bb_B3_sr_0
# End time: 16:50:31 on Aug 11,2026, Elapsed time: 0:00:00
# Errors: 0, Warnings: 0
# Questa Intel FPGA Edition-64 vlog 2025.1 Compiler 2025.01 Jan 18 2025
# Start time: 16:50:31 on Aug 11,2026
# vlog -sv "+incdir+mpsim/sim" "+define+COSIM_LIB" -suppress 2388 -suppress 14408 -suppress 7061 ip/kernel_system/kernel_system_fpgaclue_alpaka_sys/fpgaclue_alpaka_sys_140/sim/const_lambda_4_bb_B4_sr_0.sv -work fpgaclue_alpaka_sys_140 
# -- Compiling module const_lambda_4_bb_B4_sr_0
# 
# Top level modules:
# 	const_lambda_4_bb_B4_sr_0
# End time: 16:50:31 on Aug 11,2026, Elapsed time: 0:00:00
# Errors: 0, Warnings: 0
# Questa Intel FPGA Edition-64 vlog 2025.1 Compiler 2025.01 Jan 18 2025
# Start time: 16:50:31 on Aug 11,2026
# vlog -sv "+incdir+mpsim/sim" "+define+COSIM_LIB" -suppress 2388 -suppress 14408 -suppress 7061 ip/kernel_system/kernel_system_fpgaclue_alpaka_sys/fpgaclue_alpaka_sys_140/sim/const_lambda_4_bb_B4_sr_1.sv -work fpgaclue_alpaka_sys_140 
# -- Compiling module const_lambda_4_bb_B4_sr_1
# 
# Top level modules:
# 	const_lambda_4_bb_B4_sr_1
# End time: 16:50:31 on Aug 11,2026, Elapsed time: 0:00:00
# Errors: 0, Warnings: 0
# Questa Intel FPGA Edition-64 vlog 2025.1 Compiler 2025.01 Jan 18 2025
# Start time: 16:50:31 on Aug 11,2026
# vlog -sv "+incdir+mpsim/sim" "+define+COSIM_LIB" -suppress 2388 -suppress 14408 -suppress 7061 ip/kernel_system/kernel_system_fpgaclue_alpaka_sys/fpgaclue_alpaka_sys_140/sim/const_lambda_4_bb_B5_sr_0.sv -work fpgaclue_alpaka_sys_140 
# -- Compiling module const_lambda_4_bb_B5_sr_0
# 
# Top level modules:
# 	const_lambda_4_bb_B5_sr_0
# End time: 16:50:31 on Aug 11,2026, Elapsed time: 0:00:00
# Errors: 0, Warnings: 0
# Questa Intel FPGA Edition-64 vlog 2025.1 Compiler 2025.01 Jan 18 2025
# Start time: 16:50:31 on Aug 11,2026
# vlog -sv "+incdir+mpsim/sim" "+define+COSIM_LIB" -suppress 2388 -suppress 14408 -suppress 7061 ip/kernel_system/kernel_system_fpgaclue_alpaka_sys/fpgaclue_alpaka_sys_140/sim/const_lambda_4_bb_B5_sr_1.sv -work fpgaclue_alpaka_sys_140 
# -- Compiling module const_lambda_4_bb_B5_sr_1
# 
# Top level modules:
# 	const_lambda_4_bb_B5_sr_1
# End time: 16:50:31 on Aug 11,2026, Elapsed time: 0:00:00
# Errors: 0, Warnings: 0
# Questa Intel FPGA Edition-64 vlog 2025.1 Compiler 2025.01 Jan 18 2025
# Start time: 16:50:31 on Aug 11,2026
# vlog -sv "+incdir+mpsim/sim" "+define+COSIM_LIB" -suppress 2388 -suppress 14408 -suppress 7061 ip/kernel_system/kernel_system_fpgaclue_alpaka_sys/fpgaclue_alpaka_sys_140/sim/const_lambda_4_bb_B6_sr_0.sv -work fpgaclue_alpaka_sys_140 
# -- Compiling module const_lambda_4_bb_B6_sr_0
# 
# Top level modules:
# 	const_lambda_4_bb_B6_sr_0
# End time: 16:50:31 on Aug 11,2026, Elapsed time: 0:00:00
# Errors: 0, Warnings: 0
# Questa Intel FPGA Edition-64 vlog 2025.1 Compiler 2025.01 Jan 18 2025
# Start time: 16:50:31 on Aug 11,2026
# vlog -sv "+incdir+mpsim/sim" "+define+COSIM_LIB" -suppress 2388 -suppress 14408 -suppress 7061 ip/kernel_system/kernel_system_fpgaclue_alpaka_sys/fpgaclue_alpaka_sys_140/sim/const_lambda_4_bb_B7_sr_0.sv -work fpgaclue_alpaka_sys_140 
# -- Compiling module const_lambda_4_bb_B7_sr_0
# 
# Top level modules:
# 	const_lambda_4_bb_B7_sr_0
# End time: 16:50:31 on Aug 11,2026, Elapsed time: 0:00:00
# Errors: 0, Warnings: 0
# Questa Intel FPGA Edition-64 vlog 2025.1 Compiler 2025.01 Jan 18 2025
# Start time: 16:50:31 on Aug 11,2026
# vlog -sv "+incdir+mpsim/sim" "+define+COSIM_LIB" -suppress 2388 -suppress 14408 -suppress 7061 ip/kernel_system/kernel_system_fpgaclue_alpaka_sys/fpgaclue_alpaka_sys_140/sim/const_lambda_4_bb_B8_sr_0.sv -work fpgaclue_alpaka_sys_140 
# -- Compiling module const_lambda_4_bb_B8_sr_0
# 
# Top level modules:
# 	const_lambda_4_bb_B8_sr_0
# End time: 16:50:32 on Aug 11,2026, Elapsed time: 0:00:01
# Errors: 0, Warnings: 0
# Questa Intel FPGA Edition-64 vlog 2025.1 Compiler 2025.01 Jan 18 2025
# Start time: 16:50:32 on Aug 11,2026
# vlog -sv "+incdir+mpsim/sim" "+define+COSIM_LIB" -suppress 2388 -suppress 14408 -suppress 7061 ip/kernel_system/kernel_system_fpgaclue_alpaka_sys/fpgaclue_alpaka_sys_140/sim/const_lambda_4_bb_B8_sr_1.sv -work fpgaclue_alpaka_sys_140 
# -- Compiling module const_lambda_4_bb_B8_sr_1
# 
# Top level modules:
# 	const_lambda_4_bb_B8_sr_1
# End time: 16:50:32 on Aug 11,2026, Elapsed time: 0:00:00
# Errors: 0, Warnings: 0
# Questa Intel FPGA Edition-64 vlog 2025.1 Compiler 2025.01 Jan 18 2025
# Start time: 16:50:32 on Aug 11,2026
# vlog -sv "+incdir+mpsim/sim" "+define+COSIM_LIB" -suppress 2388 -suppress 14408 -suppress 7061 ip/kernel_system/kernel_system_fpgaclue_alpaka_sys/fpgaclue_alpaka_sys_140/sim/const_lambda_4_bb_B9_sr_0.sv -work fpgaclue_alpaka_sys_140 
# -- Compiling module const_lambda_4_bb_B9_sr_0
# 
# Top level modules:
# 	const_lambda_4_bb_B9_sr_0
# End time: 16:50:32 on Aug 11,2026, Elapsed time: 0:00:00
# Errors: 0, Warnings: 0
# Questa Intel FPGA Edition-64 vlog 2025.1 Compiler 2025.01 Jan 18 2025
# Start time: 16:50:32 on Aug 11,2026
# vlog -sv "+incdir+mpsim/sim" "+define+COSIM_LIB" -suppress 2388 -suppress 14408 -suppress 7061 ip/kernel_system/kernel_system_fpgaclue_alpaka_sys/fpgaclue_alpaka_sys_140/sim/const_lambda_4_function_cra_agent.sv -work fpgaclue_alpaka_sys_140 
# -- Compiling module const_lambda_4_function_cra_agent
# 
# Top level modules:
# 	const_lambda_4_function_cra_agent
# End time: 16:50:32 on Aug 11,2026, Elapsed time: 0:00:00
# Errors: 0, Warnings: 0
# Questa Intel FPGA Edition-64 vlog 2025.1 Compiler 2025.01 Jan 18 2025
# Start time: 16:50:32 on Aug 11,2026
# vlog -sv "+incdir+mpsim/sim" "+define+COSIM_LIB" -suppress 2388 -suppress 14408 -suppress 7061 ip/kernel_system/kernel_system_fpgaclue_alpaka_sys/fpgaclue_alpaka_sys_140/sim/const_lambda_1_function_wrapper.sv -work fpgaclue_alpaka_sys_140 
# -- Compiling module const_lambda_1_function_wrapper
# 
# Top level modules:
# 	const_lambda_1_function_wrapper
# End time: 16:50:32 on Aug 11,2026, Elapsed time: 0:00:00
# Errors: 0, Warnings: 0
# Questa Intel FPGA Edition-64 vlog 2025.1 Compiler 2025.01 Jan 18 2025
# Start time: 16:50:32 on Aug 11,2026
# vlog -sv "+incdir+mpsim/sim" "+define+COSIM_LIB" -suppress 2388 -suppress 14408 -suppress 7061 ip/kernel_system/kernel_system_fpgaclue_alpaka_sys/fpgaclue_alpaka_sys_140/sim/const_lambda_1_function.sv -work fpgaclue_alpaka_sys_140 
# -- Compiling module const_lambda_1_function
# 
# Top level modules:
# 	const_lambda_1_function
# End time: 16:50:32 on Aug 11,2026, Elapsed time: 0:00:00
# Errors: 0, Warnings: 0
# Questa Intel FPGA Edition-64 vlog 2025.1 Compiler 2025.01 Jan 18 2025
# Start time: 16:50:32 on Aug 11,2026
# vlog -sv "+incdir+mpsim/sim" "+define+COSIM_LIB" -suppress 2388 -suppress 14408 -suppress 7061 ip/kernel_system/kernel_system_fpgaclue_alpaka_sys/fpgaclue_alpaka_sys_140/sim/const_lambda_1_bb_B4.sv -work fpgaclue_alpaka_sys_140 
# -- Compiling module const_lambda_1_bb_B4
# 
# Top level modules:
# 	const_lambda_1_bb_B4
# End time: 16:50:32 on Aug 11,2026, Elapsed time: 0:00:00
# Errors: 0, Warnings: 0
# Questa Intel FPGA Edition-64 vlog 2025.1 Compiler 2025.01 Jan 18 2025
# Start time: 16:50:32 on Aug 11,2026
# vlog -sv "+incdir+mpsim/sim" "+define+COSIM_LIB" -suppress 2388 -suppress 14408 -suppress 7061 ip/kernel_system/kernel_system_fpgaclue_alpaka_sys/fpgaclue_alpaka_sys_140/sim/const_lambda_1_bb_B4_stall_region.sv -work fpgaclue_alpaka_sys_140 
# -- Compiling module const_lambda_1_bb_B4_stall_region
# 
# Top level modules:
# 	const_lambda_1_bb_B4_stall_region
# End time: 16:50:32 on Aug 11,2026, Elapsed time: 0:00:00
# Errors: 0, Warnings: 0
# Questa Intel FPGA Edition-64 vlog 2025.1 Compiler 2025.01 Jan 18 2025
# Start time: 16:50:32 on Aug 11,2026
# vlog -sv "+incdir+mpsim/sim" "+define+COSIM_LIB" -suppress 2388 -suppress 14408 -suppress 7061 ip/kernel_system/kernel_system_fpgaclue_alpaka_sys/fpgaclue_alpaka_sys_140/sim/const_lambda_1_B4_branch.sv -work fpgaclue_alpaka_sys_140 
# -- Compiling module const_lambda_1_B4_branch
# 
# Top level modules:
# 	const_lambda_1_B4_branch
# End time: 16:50:32 on Aug 11,2026, Elapsed time: 0:00:00
# Errors: 0, Warnings: 0
# Questa Intel FPGA Edition-64 vlog 2025.1 Compiler 2025.01 Jan 18 2025
# Start time: 16:50:32 on Aug 11,2026
# vlog -sv "+incdir+mpsim/sim" "+define+COSIM_LIB" -suppress 2388 -suppress 14408 -suppress 7061 ip/kernel_system/kernel_system_fpgaclue_alpaka_sys/fpgaclue_alpaka_sys_140/sim/const_lambda_1_B4_merge.sv -work fpgaclue_alpaka_sys_140 
# -- Compiling module const_lambda_1_B4_merge
# 
# Top level modules:
# 	const_lambda_1_B4_merge
# End time: 16:50:32 on Aug 11,2026, Elapsed time: 0:00:00
# Errors: 0, Warnings: 0
# Questa Intel FPGA Edition-64 vlog 2025.1 Compiler 2025.01 Jan 18 2025
# Start time: 16:50:32 on Aug 11,2026
# vlog -sv "+incdir+mpsim/sim" "+define+COSIM_LIB" -suppress 2388 -suppress 14408 -suppress 7061 ip/kernel_system/kernel_system_fpgaclue_alpaka_sys/fpgaclue_alpaka_sys_140/sim/const_lambda_1_loop_limiter_0.sv -work fpgaclue_alpaka_sys_140 
# -- Compiling module const_lambda_1_loop_limiter_0
# 
# Top level modules:
# 	const_lambda_1_loop_limiter_0
# End time: 16:50:32 on Aug 11,2026, Elapsed time: 0:00:00
# Errors: 0, Warnings: 0
# Questa Intel FPGA Edition-64 vlog 2025.1 Compiler 2025.01 Jan 18 2025
# Start time: 16:50:32 on Aug 11,2026
# vlog -sv "+incdir+mpsim/sim" "+define+COSIM_LIB" -suppress 2388 -suppress 14408 -suppress 7061 ip/kernel_system/kernel_system_fpgaclue_alpaka_sys/fpgaclue_alpaka_sys_140/sim/const_lambda_1_loop_limiter_1.sv -work fpgaclue_alpaka_sys_140 
# -- Compiling module const_lambda_1_loop_limiter_1
# 
# Top level modules:
# 	const_lambda_1_loop_limiter_1
# End time: 16:50:32 on Aug 11,2026, Elapsed time: 0:00:00
# Errors: 0, Warnings: 0
# Questa Intel FPGA Edition-64 vlog 2025.1 Compiler 2025.01 Jan 18 2025
# Start time: 16:50:32 on Aug 11,2026
# vlog -sv "+incdir+mpsim/sim" "+define+COSIM_LIB" -suppress 2388 -suppress 14408 -suppress 7061 ip/kernel_system/kernel_system_fpgaclue_alpaka_sys/fpgaclue_alpaka_sys_140/sim/const_lambda_1_bb_B0.sv -work fpgaclue_alpaka_sys_140 
# -- Compiling module const_lambda_1_bb_B0
# 
# Top level modules:
# 	const_lambda_1_bb_B0
# End time: 16:50:32 on Aug 11,2026, Elapsed time: 0:00:00
# Errors: 0, Warnings: 0
# Questa Intel FPGA Edition-64 vlog 2025.1 Compiler 2025.01 Jan 18 2025
# Start time: 16:50:32 on Aug 11,2026
# vlog -sv "+incdir+mpsim/sim" "+define+COSIM_LIB" -suppress 2388 -suppress 14408 -suppress 7061 ip/kernel_system/kernel_system_fpgaclue_alpaka_sys/fpgaclue_alpaka_sys_140/sim/const_lambda_1_bb_B0_stall_region.sv -work fpgaclue_alpaka_sys_140 
# -- Compiling module const_lambda_1_bb_B0_stall_region
# 
# Top level modules:
# 	const_lambda_1_bb_B0_stall_region
# End time: 16:50:32 on Aug 11,2026, Elapsed time: 0:00:00
# Errors: 0, Warnings: 0
# Questa Intel FPGA Edition-64 vlog 2025.1 Compiler 2025.01 Jan 18 2025
# Start time: 16:50:32 on Aug 11,2026
# vlog -sv "+incdir+mpsim/sim" "+define+COSIM_LIB" -suppress 2388 -suppress 14408 -suppress 7061 ip/kernel_system/kernel_system_fpgaclue_alpaka_sys/fpgaclue_alpaka_sys_140/sim/const_lambda_1_B0_merge_reg.sv -work fpgaclue_alpaka_sys_140 
# -- Compiling module const_lambda_1_B0_merge_reg
# 
# Top level modules:
# 	const_lambda_1_B0_merge_reg
# End time: 16:50:32 on Aug 11,2026, Elapsed time: 0:00:00
# Errors: 0, Warnings: 0
# Questa Intel FPGA Edition-64 vlog 2025.1 Compiler 2025.01 Jan 18 2025
# Start time: 16:50:32 on Aug 11,2026
# vlog -sv "+incdir+mpsim/sim" "+define+COSIM_LIB" -suppress 2388 -suppress 14408 -suppress 7061 ip/kernel_system/kernel_system_fpgaclue_alpaka_sys/fpgaclue_alpaka_sys_140/sim/const_lambda_1_i_sfc_s_c0_in_entry_s_c0_0000st_lambda_1_1713_0gr.sv -work fpgaclue_alpaka_sys_140 
# -- Compiling module const_lambda_1_i_sfc_s_c0_in_entry_s_c0_0000st_lambda_1_1713_0gr
# 
# Top level modules:
# 	const_lambda_1_i_sfc_s_c0_in_entry_s_c0_0000st_lambda_1_1713_0gr
# End time: 16:50:33 on Aug 11,2026, Elapsed time: 0:00:01
# Errors: 0, Warnings: 0
# Questa Intel FPGA Edition-64 vlog 2025.1 Compiler 2025.01 Jan 18 2025
# Start time: 16:50:33 on Aug 11,2026
# vlog -sv "+incdir+mpsim/sim" "+define+COSIM_LIB" -suppress 2388 -suppress 14408 -suppress 7061 ip/kernel_system/kernel_system_fpgaclue_alpaka_sys/fpgaclue_alpaka_sys_140/sim/const_lambda_1_i_llvm_fpga_sfc_exit_s_c00000st_lambda_1_1980_0gr.sv -work fpgaclue_alpaka_sys_140 
# -- Compiling module const_lambda_1_i_llvm_fpga_sfc_exit_s_c00000st_lambda_1_1980_0gr
# 
# Top level modules:
# 	const_lambda_1_i_llvm_fpga_sfc_exit_s_c00000st_lambda_1_1980_0gr
# End time: 16:50:33 on Aug 11,2026, Elapsed time: 0:00:00
# Errors: 0, Warnings: 0
# Questa Intel FPGA Edition-64 vlog 2025.1 Compiler 2025.01 Jan 18 2025
# Start time: 16:50:33 on Aug 11,2026
# vlog -sv "+incdir+mpsim/sim" "+define+COSIM_LIB" -suppress 2388 -suppress 14408 -suppress 7061 ip/kernel_system/kernel_system_fpgaclue_alpaka_sys/fpgaclue_alpaka_sys_140/sim/const_lambda_1_i_llvm_fpga_sfc_exit_s_c0000128_1gr_full_detector.sv -work fpgaclue_alpaka_sys_140 
# -- Compiling module const_lambda_1_i_llvm_fpga_sfc_exit_s_c0000128_1gr_full_detector
# 
# Top level modules:
# 	const_lambda_1_i_llvm_fpga_sfc_exit_s_c0000128_1gr_full_detector
# End time: 16:50:33 on Aug 11,2026, Elapsed time: 0:00:00
# Errors: 0, Warnings: 0
# Questa Intel FPGA Edition-64 vlog 2025.1 Compiler 2025.01 Jan 18 2025
# Start time: 16:50:33 on Aug 11,2026
# vlog -sv "+incdir+mpsim/sim" "+define+COSIM_LIB" -suppress 2388 -suppress 14408 -suppress 7061 ip/kernel_system/kernel_system_fpgaclue_alpaka_sys/fpgaclue_alpaka_sys_140/sim/const_lambda_1_i_llvm_fpga_sfc_exit_s_c000001_1980_1gr_data_fifo.sv -work fpgaclue_alpaka_sys_140 
# -- Compiling module const_lambda_1_i_llvm_fpga_sfc_exit_s_c000001_1980_1gr_data_fifo
# 
# Top level modules:
# 	const_lambda_1_i_llvm_fpga_sfc_exit_s_c000001_1980_1gr_data_fifo
# End time: 16:50:33 on Aug 11,2026, Elapsed time: 0:00:00
# Errors: 0, Warnings: 0
# Questa Intel FPGA Edition-64 vlog 2025.1 Compiler 2025.01 Jan 18 2025
# Start time: 16:50:33 on Aug 11,2026
# vlog -sv "+incdir+mpsim/sim" "+define+COSIM_LIB" -suppress 2388 -suppress 14408 -suppress 7061 ip/kernel_system/kernel_system_fpgaclue_alpaka_sys/fpgaclue_alpaka_sys_140/sim/const_lambda_1_i_sfc_logic_s_c0_in_entry0000st_lambda_1_1728_0gr.sv -work fpgaclue_alpaka_sys_140 
# -- Compiling module const_lambda_1_i_sfc_logic_s_c0_in_entry0000st_lambda_1_1728_0gr
# 
# Top level modules:
# 	const_lambda_1_i_sfc_logic_s_c0_in_entry0000st_lambda_1_1728_0gr
# End time: 16:50:33 on Aug 11,2026, Elapsed time: 0:00:00
# Errors: 0, Warnings: 0
# Questa Intel FPGA Edition-64 vlog 2025.1 Compiler 2025.01 Jan 18 2025
# Start time: 16:50:33 on Aug 11,2026
# vlog -sv "+incdir+mpsim/sim" "+define+COSIM_LIB" -suppress 2388 -suppress 14408 -suppress 7061 ip/kernel_system/kernel_system_fpgaclue_alpaka_sys/fpgaclue_alpaka_sys_140/sim/const_lambda_1_i_llvm_fpga_sync_buffer_s0000nc_buffer18_1782_0gr.sv -work fpgaclue_alpaka_sys_140 
# -- Compiling module const_lambda_1_i_llvm_fpga_sync_buffer_s0000nc_buffer18_1782_0gr
# 
# Top level modules:
# 	const_lambda_1_i_llvm_fpga_sync_buffer_s0000nc_buffer18_1782_0gr
# End time: 16:50:33 on Aug 11,2026, Elapsed time: 0:00:00
# Errors: 0, Warnings: 0
# Questa Intel FPGA Edition-64 vlog 2025.1 Compiler 2025.01 Jan 18 2025
# Start time: 16:50:33 on Aug 11,2026
# vlog -sv "+incdir+mpsim/sim" "+define+COSIM_LIB" -suppress 2388 -suppress 14408 -suppress 7061 ip/kernel_system/kernel_system_fpgaclue_alpaka_sys/fpgaclue_alpaka_sys_140/sim/const_lambda_1_i_llvm_fpga_sync_buffer_s0000nc_buffer19_1735_0gr.sv -work fpgaclue_alpaka_sys_140 
# -- Compiling module const_lambda_1_i_llvm_fpga_sync_buffer_s0000nc_buffer19_1735_0gr
# 
# Top level modules:
# 	const_lambda_1_i_llvm_fpga_sync_buffer_s0000nc_buffer19_1735_0gr
# End time: 16:50:33 on Aug 11,2026, Elapsed time: 0:00:00
# Errors: 0, Warnings: 0
# Questa Intel FPGA Edition-64 vlog 2025.1 Compiler 2025.01 Jan 18 2025
# Start time: 16:50:33 on Aug 11,2026
# vlog -sv "+incdir+mpsim/sim" "+define+COSIM_LIB" -suppress 2388 -suppress 14408 -suppress 7061 ip/kernel_system/kernel_system_fpgaclue_alpaka_sys/fpgaclue_alpaka_sys_140/sim/const_lambda_1_i_llvm_fpga_sync_buffer_s0000sync_buffer_1829_0gr.sv -work fpgaclue_alpaka_sys_140 
# -- Compiling module const_lambda_1_i_llvm_fpga_sync_buffer_s0000sync_buffer_1829_0gr
# 
# Top level modules:
# 	const_lambda_1_i_llvm_fpga_sync_buffer_s0000sync_buffer_1829_0gr
# End time: 16:50:33 on Aug 11,2026, Elapsed time: 0:00:00
# Errors: 0, Warnings: 0
# Questa Intel FPGA Edition-64 vlog 2025.1 Compiler 2025.01 Jan 18 2025
# Start time: 16:50:33 on Aug 11,2026
# vlog -sv "+incdir+mpsim/sim" "+define+COSIM_LIB" -suppress 2388 -suppress 14408 -suppress 7061 ip/kernel_system/kernel_system_fpgaclue_alpaka_sys/fpgaclue_alpaka_sys_140/sim/const_lambda_1_i_llvm_fpga_sync_buffer_s0000nc_buffer20_1876_0gr.sv -work fpgaclue_alpaka_sys_140 
# -- Compiling module const_lambda_1_i_llvm_fpga_sync_buffer_s0000nc_buffer20_1876_0gr
# 
# Top level modules:
# 	const_lambda_1_i_llvm_fpga_sync_buffer_s0000nc_buffer20_1876_0gr
# End time: 16:50:33 on Aug 11,2026, Elapsed time: 0:00:00
# Errors: 0, Warnings: 0
# Questa Intel FPGA Edition-64 vlog 2025.1 Compiler 2025.01 Jan 18 2025
# Start time: 16:50:33 on Aug 11,2026
# vlog -sv "+incdir+mpsim/sim" "+define+COSIM_LIB" -suppress 2388 -suppress 14408 -suppress 7061 ip/kernel_system/kernel_system_fpgaclue_alpaka_sys/fpgaclue_alpaka_sys_140/sim/const_lambda_1_i_llvm_fpga_sync_buffer_s0000sync_buffer_1925_0gr.sv -work fpgaclue_alpaka_sys_140 
# -- Compiling module const_lambda_1_i_llvm_fpga_sync_buffer_s0000sync_buffer_1925_0gr
# 
# Top level modules:
# 	const_lambda_1_i_llvm_fpga_sync_buffer_s0000sync_buffer_1925_0gr
# End time: 16:50:33 on Aug 11,2026, Elapsed time: 0:00:00
# Errors: 0, Warnings: 0
# Questa Intel FPGA Edition-64 vlog 2025.1 Compiler 2025.01 Jan 18 2025
# Start time: 16:50:33 on Aug 11,2026
# vlog -sv "+incdir+mpsim/sim" "+define+COSIM_LIB" -suppress 2388 -suppress 14408 -suppress 7061 ip/kernel_system/kernel_system_fpgaclue_alpaka_sys/fpgaclue_alpaka_sys_140/sim/const_lambda_1_B0_branch.sv -work fpgaclue_alpaka_sys_140 
# -- Compiling module const_lambda_1_B0_branch
# 
# Top level modules:
# 	const_lambda_1_B0_branch
# End time: 16:50:33 on Aug 11,2026, Elapsed time: 0:00:00
# Errors: 0, Warnings: 0
# Questa Intel FPGA Edition-64 vlog 2025.1 Compiler 2025.01 Jan 18 2025
# Start time: 16:50:33 on Aug 11,2026
# vlog -sv "+incdir+mpsim/sim" "+define+COSIM_LIB" -suppress 2388 -suppress 14408 -suppress 7061 ip/kernel_system/kernel_system_fpgaclue_alpaka_sys/fpgaclue_alpaka_sys_140/sim/const_lambda_1_B0_merge.sv -work fpgaclue_alpaka_sys_140 
# -- Compiling module const_lambda_1_B0_merge
# 
# Top level modules:
# 	const_lambda_1_B0_merge
# End time: 16:50:33 on Aug 11,2026, Elapsed time: 0:00:00
# Errors: 0, Warnings: 0
# Questa Intel FPGA Edition-64 vlog 2025.1 Compiler 2025.01 Jan 18 2025
# Start time: 16:50:33 on Aug 11,2026
# vlog -sv "+incdir+mpsim/sim" "+define+COSIM_LIB" -suppress 2388 -suppress 14408 -suppress 7061 ip/kernel_system/kernel_system_fpgaclue_alpaka_sys/fpgaclue_alpaka_sys_140/sim/const_lambda_1_bb_B1.sv -work fpgaclue_alpaka_sys_140 
# -- Compiling module const_lambda_1_bb_B1
# 
# Top level modules:
# 	const_lambda_1_bb_B1
# End time: 16:50:33 on Aug 11,2026, Elapsed time: 0:00:00
# Errors: 0, Warnings: 0
# Questa Intel FPGA Edition-64 vlog 2025.1 Compiler 2025.01 Jan 18 2025
# Start time: 16:50:33 on Aug 11,2026
# vlog -sv "+incdir+mpsim/sim" "+define+COSIM_LIB" -suppress 2388 -suppress 14408 -suppress 7061 ip/kernel_system/kernel_system_fpgaclue_alpaka_sys/fpgaclue_alpaka_sys_140/sim/const_lambda_1_bb_B1_stall_region.sv -work fpgaclue_alpaka_sys_140 
# -- Compiling module const_lambda_1_bb_B1_stall_region
# 
# Top level modules:
# 	const_lambda_1_bb_B1_stall_region
# End time: 16:50:33 on Aug 11,2026, Elapsed time: 0:00:00
# Errors: 0, Warnings: 0
# Questa Intel FPGA Edition-64 vlog 2025.1 Compiler 2025.01 Jan 18 2025
# Start time: 16:50:33 on Aug 11,2026
# vlog -sv "+incdir+mpsim/sim" "+define+COSIM_LIB" -suppress 2388 -suppress 14408 -suppress 7061 ip/kernel_system/kernel_system_fpgaclue_alpaka_sys/fpgaclue_alpaka_sys_140/sim/const_lambda_1_i_llvm_fpga_mem_unnamed_2_const_lambda_1_2218_0gr.sv -work fpgaclue_alpaka_sys_140 
# -- Compiling module const_lambda_1_i_llvm_fpga_mem_unnamed_2_const_lambda_1_2218_0gr
# 
# Top level modules:
# 	const_lambda_1_i_llvm_fpga_mem_unnamed_2_const_lambda_1_2218_0gr
# End time: 16:50:33 on Aug 11,2026, Elapsed time: 0:00:00
# Errors: 0, Warnings: 0
# Questa Intel FPGA Edition-64 vlog 2025.1 Compiler 2025.01 Jan 18 2025
# Start time: 16:50:33 on Aug 11,2026
# vlog -sv "+incdir+mpsim/sim" "+define+COSIM_LIB" -suppress 2388 -suppress 14408 -suppress 7061 ip/kernel_system/kernel_system_fpgaclue_alpaka_sys/fpgaclue_alpaka_sys_140/sim/const_lambda_1_readdata_reg_unnamed_2_const_lambda_11.sv -work fpgaclue_alpaka_sys_140 
# -- Compiling module const_lambda_1_readdata_reg_unnamed_2_const_lambda_11
# 
# Top level modules:
# 	const_lambda_1_readdata_reg_unnamed_2_const_lambda_11
# End time: 16:50:34 on Aug 11,2026, Elapsed time: 0:00:01
# Errors: 0, Warnings: 0
# Questa Intel FPGA Edition-64 vlog 2025.1 Compiler 2025.01 Jan 18 2025
# Start time: 16:50:34 on Aug 11,2026
# vlog -sv "+incdir+mpsim/sim" "+define+COSIM_LIB" -suppress 2388 -suppress 14408 -suppress 7061 ip/kernel_system/kernel_system_fpgaclue_alpaka_sys/fpgaclue_alpaka_sys_140/sim/const_lambda_1_i_llvm_fpga_mem_unnamed_3_const_lambda_1_2241_0gr.sv -work fpgaclue_alpaka_sys_140 
# -- Compiling module const_lambda_1_i_llvm_fpga_mem_unnamed_3_const_lambda_1_2241_0gr
# 
# Top level modules:
# 	const_lambda_1_i_llvm_fpga_mem_unnamed_3_const_lambda_1_2241_0gr
# End time: 16:50:34 on Aug 11,2026, Elapsed time: 0:00:00
# Errors: 0, Warnings: 0
# Questa Intel FPGA Edition-64 vlog 2025.1 Compiler 2025.01 Jan 18 2025
# Start time: 16:50:34 on Aug 11,2026
# vlog -sv "+incdir+mpsim/sim" "+define+COSIM_LIB" -suppress 2388 -suppress 14408 -suppress 7061 ip/kernel_system/kernel_system_fpgaclue_alpaka_sys/fpgaclue_alpaka_sys_140/sim/const_lambda_1_readdata_reg_unnamed_3_const_lambda_12.sv -work fpgaclue_alpaka_sys_140 
# -- Compiling module const_lambda_1_readdata_reg_unnamed_3_const_lambda_12
# 
# Top level modules:
# 	const_lambda_1_readdata_reg_unnamed_3_const_lambda_12
# End time: 16:50:34 on Aug 11,2026, Elapsed time: 0:00:00
# Errors: 0, Warnings: 0
# Questa Intel FPGA Edition-64 vlog 2025.1 Compiler 2025.01 Jan 18 2025
# Start time: 16:50:34 on Aug 11,2026
# vlog -sv "+incdir+mpsim/sim" "+define+COSIM_LIB" -suppress 2388 -suppress 14408 -suppress 7061 ip/kernel_system/kernel_system_fpgaclue_alpaka_sys/fpgaclue_alpaka_sys_140/sim/const_lambda_1_i_llvm_fpga_mem_unnamed_4_const_lambda_1_2195_0gr.sv -work fpgaclue_alpaka_sys_140 
# -- Compiling module const_lambda_1_i_llvm_fpga_mem_unnamed_4_const_lambda_1_2195_0gr
# 
# Top level modules:
# 	const_lambda_1_i_llvm_fpga_mem_unnamed_4_const_lambda_1_2195_0gr
# End time: 16:50:34 on Aug 11,2026, Elapsed time: 0:00:00
# Errors: 0, Warnings: 0
# Questa Intel FPGA Edition-64 vlog 2025.1 Compiler 2025.01 Jan 18 2025
# Start time: 16:50:34 on Aug 11,2026
# vlog -sv "+incdir+mpsim/sim" "+define+COSIM_LIB" -suppress 2388 -suppress 14408 -suppress 7061 ip/kernel_system/kernel_system_fpgaclue_alpaka_sys/fpgaclue_alpaka_sys_140/sim/const_lambda_1_readdata_reg_unnamed_4_const_lambda_10.sv -work fpgaclue_alpaka_sys_140 
# -- Compiling module const_lambda_1_readdata_reg_unnamed_4_const_lambda_10
# 
# Top level modules:
# 	const_lambda_1_readdata_reg_unnamed_4_const_lambda_10
# End time: 16:50:34 on Aug 11,2026, Elapsed time: 0:00:00
# Errors: 0, Warnings: 0
# Questa Intel FPGA Edition-64 vlog 2025.1 Compiler 2025.01 Jan 18 2025
# Start time: 16:50:34 on Aug 11,2026
# vlog -sv "+incdir+mpsim/sim" "+define+COSIM_LIB" -suppress 2388 -suppress 14408 -suppress 7061 ip/kernel_system/kernel_system_fpgaclue_alpaka_sys/fpgaclue_alpaka_sys_140/sim/const_lambda_1_B1_merge_reg.sv -work fpgaclue_alpaka_sys_140 
# -- Compiling module const_lambda_1_B1_merge_reg
# 
# Top level modules:
# 	const_lambda_1_B1_merge_reg
# End time: 16:50:34 on Aug 11,2026, Elapsed time: 0:00:00
# Errors: 0, Warnings: 0
# Questa Intel FPGA Edition-64 vlog 2025.1 Compiler 2025.01 Jan 18 2025
# Start time: 16:50:34 on Aug 11,2026
# vlog -sv "+incdir+mpsim/sim" "+define+COSIM_LIB" -suppress 2388 -suppress 14408 -suppress 7061 ip/kernel_system/kernel_system_fpgaclue_alpaka_sys/fpgaclue_alpaka_sys_140/sim/const_lambda_1_i_sfc_s_c0_in_for_body_i_0000st_lambda_1_2017_1gr.sv -work fpgaclue_alpaka_sys_140 
# -- Compiling module const_lambda_1_i_sfc_s_c0_in_for_body_i_0000st_lambda_1_2017_1gr
# 
# Top level modules:
# 	const_lambda_1_i_sfc_s_c0_in_for_body_i_0000st_lambda_1_2017_1gr
# End time: 16:50:34 on Aug 11,2026, Elapsed time: 0:00:00
# Errors: 0, Warnings: 0
# Questa Intel FPGA Edition-64 vlog 2025.1 Compiler 2025.01 Jan 18 2025
# Start time: 16:50:34 on Aug 11,2026
# vlog -sv "+incdir+mpsim/sim" "+define+COSIM_LIB" -suppress 2388 -suppress 14408 -suppress 7061 ip/kernel_system/kernel_system_fpgaclue_alpaka_sys/fpgaclue_alpaka_sys_140/sim/const_lambda_1_i_llvm_fpga_sfc_exit_s_c00000st_lambda_1_2185_0gr.sv -work fpgaclue_alpaka_sys_140 
# -- Compiling module const_lambda_1_i_llvm_fpga_sfc_exit_s_c00000st_lambda_1_2185_0gr
# 
# Top level modules:
# 	const_lambda_1_i_llvm_fpga_sfc_exit_s_c00000st_lambda_1_2185_0gr
# End time: 16:50:34 on Aug 11,2026, Elapsed time: 0:00:00
# Errors: 0, Warnings: 0
# Questa Intel FPGA Edition-64 vlog 2025.1 Compiler 2025.01 Jan 18 2025
# Start time: 16:50:34 on Aug 11,2026
# vlog -sv "+incdir+mpsim/sim" "+define+COSIM_LIB" -suppress 2388 -suppress 14408 -suppress 7061 ip/kernel_system/kernel_system_fpgaclue_alpaka_sys/fpgaclue_alpaka_sys_140/sim/const_lambda_1_i_llvm_fpga_sfc_exit_s_c0000035_1gr_full_detector.sv -work fpgaclue_alpaka_sys_140 
# -- Compiling module const_lambda_1_i_llvm_fpga_sfc_exit_s_c0000035_1gr_full_detector
# 
# Top level modules:
# 	const_lambda_1_i_llvm_fpga_sfc_exit_s_c0000035_1gr_full_detector
# End time: 16:50:34 on Aug 11,2026, Elapsed time: 0:00:00
# Errors: 0, Warnings: 0
# Questa Intel FPGA Edition-64 vlog 2025.1 Compiler 2025.01 Jan 18 2025
# Start time: 16:50:34 on Aug 11,2026
# vlog -sv "+incdir+mpsim/sim" "+define+COSIM_LIB" -suppress 2388 -suppress 14408 -suppress 7061 ip/kernel_system/kernel_system_fpgaclue_alpaka_sys/fpgaclue_alpaka_sys_140/sim/const_lambda_1_i_llvm_fpga_sfc_exit_s_c000001_2185_1gr_data_fifo.sv -work fpgaclue_alpaka_sys_140 
# -- Compiling module const_lambda_1_i_llvm_fpga_sfc_exit_s_c000001_2185_1gr_data_fifo
# 
# Top level modules:
# 	const_lambda_1_i_llvm_fpga_sfc_exit_s_c000001_2185_1gr_data_fifo
# End time: 16:50:34 on Aug 11,2026, Elapsed time: 0:00:00
# Errors: 0, Warnings: 0
# Questa Intel FPGA Edition-64 vlog 2025.1 Compiler 2025.01 Jan 18 2025
# Start time: 16:50:34 on Aug 11,2026
# vlog -sv "+incdir+mpsim/sim" "+define+COSIM_LIB" -suppress 2388 -suppress 14408 -suppress 7061 ip/kernel_system/kernel_system_fpgaclue_alpaka_sys/fpgaclue_alpaka_sys_140/sim/const_lambda_1_i_sfc_logic_s_c0_in_for_b0000st_lambda_1_2035_0gr.sv -work fpgaclue_alpaka_sys_140 
# -- Compiling module const_lambda_1_i_sfc_logic_s_c0_in_for_b0000st_lambda_1_2035_0gr
# 
# Top level modules:
# 	const_lambda_1_i_sfc_logic_s_c0_in_for_b0000st_lambda_1_2035_0gr
# End time: 16:50:34 on Aug 11,2026, Elapsed time: 0:00:00
# Errors: 0, Warnings: 0
# Questa Intel FPGA Edition-64 vlog 2025.1 Compiler 2025.01 Jan 18 2025
# Start time: 16:50:34 on Aug 11,2026
# vlog -sv "+incdir+mpsim/sim" "+define+COSIM_LIB" -suppress 2388 -suppress 14408 -suppress 7061 ip/kernel_system/kernel_system_fpgaclue_alpaka_sys/fpgaclue_alpaka_sys_140/sim/const_lambda_1_i_llvm_fpga_sync_buffer_s0000nc_buffer15_2124_0gr.sv -work fpgaclue_alpaka_sys_140 
# -- Compiling module const_lambda_1_i_llvm_fpga_sync_buffer_s0000nc_buffer15_2124_0gr
# 
# Top level modules:
# 	const_lambda_1_i_llvm_fpga_sync_buffer_s0000nc_buffer15_2124_0gr
# End time: 16:50:34 on Aug 11,2026, Elapsed time: 0:00:00
# Errors: 0, Warnings: 0
# Questa Intel FPGA Edition-64 vlog 2025.1 Compiler 2025.01 Jan 18 2025
# Start time: 16:50:34 on Aug 11,2026
# vlog -sv "+incdir+mpsim/sim" "+define+COSIM_LIB" -suppress 2388 -suppress 14408 -suppress 7061 ip/kernel_system/kernel_system_fpgaclue_alpaka_sys/fpgaclue_alpaka_sys_140/sim/const_lambda_1_i_llvm_fpga_sync_buffer_s0000nc_buffer17_2045_0gr.sv -work fpgaclue_alpaka_sys_140 
# -- Compiling module const_lambda_1_i_llvm_fpga_sync_buffer_s0000nc_buffer17_2045_0gr
# 
# Top level modules:
# 	const_lambda_1_i_llvm_fpga_sync_buffer_s0000nc_buffer17_2045_0gr
# End time: 16:50:34 on Aug 11,2026, Elapsed time: 0:00:00
# Errors: 0, Warnings: 0
# Questa Intel FPGA Edition-64 vlog 2025.1 Compiler 2025.01 Jan 18 2025
# Start time: 16:50:34 on Aug 11,2026
# vlog -sv "+incdir+mpsim/sim" "+define+COSIM_LIB" -suppress 2388 -suppress 14408 -suppress 7061 ip/kernel_system/kernel_system_fpgaclue_alpaka_sys/fpgaclue_alpaka_sys_140/sim/const_lambda_1_i_sfc_s_c1_in_for_body_i_0000nst_lambda_1_2017_10.sv -work fpgaclue_alpaka_sys_140 
# -- Compiling module const_lambda_1_i_sfc_s_c1_in_for_body_i_0000nst_lambda_1_2017_10
# 
# Top level modules:
# 	const_lambda_1_i_sfc_s_c1_in_for_body_i_0000nst_lambda_1_2017_10
# End time: 16:50:34 on Aug 11,2026, Elapsed time: 0:00:00
# Errors: 0, Warnings: 0
# Questa Intel FPGA Edition-64 vlog 2025.1 Compiler 2025.01 Jan 18 2025
# Start time: 16:50:34 on Aug 11,2026
# vlog -sv "+incdir+mpsim/sim" "+define+COSIM_LIB" -suppress 2388 -suppress 14408 -suppress 7061 ip/kernel_system/kernel_system_fpgaclue_alpaka_sys/fpgaclue_alpaka_sys_140/sim/const_lambda_1_i_llvm_fpga_sfc_exit_s_c10000st_lambda_1_2371_0gr.sv -work fpgaclue_alpaka_sys_140 
# -- Compiling module const_lambda_1_i_llvm_fpga_sfc_exit_s_c10000st_lambda_1_2371_0gr
# 
# Top level modules:
# 	const_lambda_1_i_llvm_fpga_sfc_exit_s_c10000st_lambda_1_2371_0gr
# End time: 16:50:34 on Aug 11,2026, Elapsed time: 0:00:00
# Errors: 0, Warnings: 0
# Questa Intel FPGA Edition-64 vlog 2025.1 Compiler 2025.01 Jan 18 2025
# Start time: 16:50:34 on Aug 11,2026
# vlog -sv "+incdir+mpsim/sim" "+define+COSIM_LIB" -suppress 2388 -suppress 14408 -suppress 7061 ip/kernel_system/kernel_system_fpgaclue_alpaka_sys/fpgaclue_alpaka_sys_140/sim/const_lambda_1_i_llvm_fpga_sfc_exit_s_c1000088_1gr_full_detector.sv -work fpgaclue_alpaka_sys_140 
# -- Compiling module const_lambda_1_i_llvm_fpga_sfc_exit_s_c1000088_1gr_full_detector
# 
# Top level modules:
# 	const_lambda_1_i_llvm_fpga_sfc_exit_s_c1000088_1gr_full_detector
# End time: 16:50:34 on Aug 11,2026, Elapsed time: 0:00:00
# Errors: 0, Warnings: 0
# Questa Intel FPGA Edition-64 vlog 2025.1 Compiler 2025.01 Jan 18 2025
# Start time: 16:50:35 on Aug 11,2026
# vlog -sv "+incdir+mpsim/sim" "+define+COSIM_LIB" -suppress 2388 -suppress 14408 -suppress 7061 ip/kernel_system/kernel_system_fpgaclue_alpaka_sys/fpgaclue_alpaka_sys_140/sim/const_lambda_1_i_llvm_fpga_sfc_exit_s_c100001_2371_1gr_data_fifo.sv -work fpgaclue_alpaka_sys_140 
# -- Compiling module const_lambda_1_i_llvm_fpga_sfc_exit_s_c100001_2371_1gr_data_fifo
# 
# Top level modules:
# 	const_lambda_1_i_llvm_fpga_sfc_exit_s_c100001_2371_1gr_data_fifo
# End time: 16:50:35 on Aug 11,2026, Elapsed time: 0:00:00
# Errors: 0, Warnings: 0
# Questa Intel FPGA Edition-64 vlog 2025.1 Compiler 2025.01 Jan 18 2025
# Start time: 16:50:35 on Aug 11,2026
# vlog -sv "+incdir+mpsim/sim" "+define+COSIM_LIB" -suppress 2388 -suppress 14408 -suppress 7061 ip/kernel_system/kernel_system_fpgaclue_alpaka_sys/fpgaclue_alpaka_sys_140/sim/const_lambda_1_i_sfc_logic_s_c1_in_for_b0000st_lambda_1_2288_0gr.sv -work fpgaclue_alpaka_sys_140 
# -- Compiling module const_lambda_1_i_sfc_logic_s_c1_in_for_b0000st_lambda_1_2288_0gr
# 
# Top level modules:
# 	const_lambda_1_i_sfc_logic_s_c1_in_for_b0000st_lambda_1_2288_0gr
# End time: 16:50:35 on Aug 11,2026, Elapsed time: 0:00:00
# Errors: 0, Warnings: 0
# Questa Intel FPGA Edition-64 vlog 2025.1 Compiler 2025.01 Jan 18 2025
# Start time: 16:50:35 on Aug 11,2026
# vlog -sv "+incdir+mpsim/sim" "+define+COSIM_LIB" -suppress 2388 -suppress 14408 -suppress 7061 ip/kernel_system/kernel_system_fpgaclue_alpaka_sys/fpgaclue_alpaka_sys_140/sim/const_lambda_1_i_sfc_s_c2_in_for_body_i_0000st_lambda_1_2017_7gr.sv -work fpgaclue_alpaka_sys_140 
# -- Compiling module const_lambda_1_i_sfc_s_c2_in_for_body_i_0000st_lambda_1_2017_7gr
# 
# Top level modules:
# 	const_lambda_1_i_sfc_s_c2_in_for_body_i_0000st_lambda_1_2017_7gr
# End time: 16:50:35 on Aug 11,2026, Elapsed time: 0:00:00
# Errors: 0, Warnings: 0
# Questa Intel FPGA Edition-64 vlog 2025.1 Compiler 2025.01 Jan 18 2025
# Start time: 16:50:35 on Aug 11,2026
# vlog -sv "+incdir+mpsim/sim" "+define+COSIM_LIB" -suppress 2388 -suppress 14408 -suppress 7061 ip/kernel_system/kernel_system_fpgaclue_alpaka_sys/fpgaclue_alpaka_sys_140/sim/const_lambda_1_i_llvm_fpga_sfc_exit_s_c20000st_lambda_1_2278_0gr.sv -work fpgaclue_alpaka_sys_140 
# -- Compiling module const_lambda_1_i_llvm_fpga_sfc_exit_s_c20000st_lambda_1_2278_0gr
# 
# Top level modules:
# 	const_lambda_1_i_llvm_fpga_sfc_exit_s_c20000st_lambda_1_2278_0gr
# End time: 16:50:35 on Aug 11,2026, Elapsed time: 0:00:00
# Errors: 0, Warnings: 0
# Questa Intel FPGA Edition-64 vlog 2025.1 Compiler 2025.01 Jan 18 2025
# Start time: 16:50:35 on Aug 11,2026
# vlog -sv "+incdir+mpsim/sim" "+define+COSIM_LIB" -suppress 2388 -suppress 14408 -suppress 7061 ip/kernel_system/kernel_system_fpgaclue_alpaka_sys/fpgaclue_alpaka_sys_140/sim/const_lambda_1_i_llvm_fpga_sfc_exit_s_c2000066_1gr_full_detector.sv -work fpgaclue_alpaka_sys_140 
# -- Compiling module const_lambda_1_i_llvm_fpga_sfc_exit_s_c2000066_1gr_full_detector
# 
# Top level modules:
# 	const_lambda_1_i_llvm_fpga_sfc_exit_s_c2000066_1gr_full_detector
# End time: 16:50:35 on Aug 11,2026, Elapsed time: 0:00:00
# Errors: 0, Warnings: 0
# Questa Intel FPGA Edition-64 vlog 2025.1 Compiler 2025.01 Jan 18 2025
# Start time: 16:50:35 on Aug 11,2026
# vlog -sv "+incdir+mpsim/sim" "+define+COSIM_LIB" -suppress 2388 -suppress 14408 -suppress 7061 ip/kernel_system/kernel_system_fpgaclue_alpaka_sys/fpgaclue_alpaka_sys_140/sim/const_lambda_1_i_llvm_fpga_sfc_exit_s_c200001_2278_1gr_data_fifo.sv -work fpgaclue_alpaka_sys_140 
# -- Compiling module const_lambda_1_i_llvm_fpga_sfc_exit_s_c200001_2278_1gr_data_fifo
# 
# Top level modules:
# 	const_lambda_1_i_llvm_fpga_sfc_exit_s_c200001_2278_1gr_data_fifo
# End time: 16:50:35 on Aug 11,2026, Elapsed time: 0:00:00
# Errors: 0, Warnings: 0
# Questa Intel FPGA Edition-64 vlog 2025.1 Compiler 2025.01 Jan 18 2025
# Start time: 16:50:35 on Aug 11,2026
# vlog -sv "+incdir+mpsim/sim" "+define+COSIM_LIB" -suppress 2388 -suppress 14408 -suppress 7061 ip/kernel_system/kernel_system_fpgaclue_alpaka_sys/fpgaclue_alpaka_sys_140/sim/const_lambda_1_i_sfc_logic_s_c2_in_for_b0000st_lambda_1_2266_0gr.sv -work fpgaclue_alpaka_sys_140 
# -- Compiling module const_lambda_1_i_sfc_logic_s_c2_in_for_b0000st_lambda_1_2266_0gr
# 
# Top level modules:
# 	const_lambda_1_i_sfc_logic_s_c2_in_for_b0000st_lambda_1_2266_0gr
# End time: 16:50:35 on Aug 11,2026, Elapsed time: 0:00:00
# Errors: 0, Warnings: 0
# Questa Intel FPGA Edition-64 vlog 2025.1 Compiler 2025.01 Jan 18 2025
# Start time: 16:50:35 on Aug 11,2026
# vlog -sv "+incdir+mpsim/sim" "+define+COSIM_LIB" -suppress 2388 -suppress 14408 -suppress 7061 ip/kernel_system/kernel_system_fpgaclue_alpaka_sys/fpgaclue_alpaka_sys_140/sim/const_lambda_1_B1_branch.sv -work fpgaclue_alpaka_sys_140 
# -- Compiling module const_lambda_1_B1_branch
# 
# Top level modules:
# 	const_lambda_1_B1_branch
# End time: 16:50:35 on Aug 11,2026, Elapsed time: 0:00:00
# Errors: 0, Warnings: 0
# Questa Intel FPGA Edition-64 vlog 2025.1 Compiler 2025.01 Jan 18 2025
# Start time: 16:50:35 on Aug 11,2026
# vlog -sv "+incdir+mpsim/sim" "+define+COSIM_LIB" -suppress 2388 -suppress 14408 -suppress 7061 ip/kernel_system/kernel_system_fpgaclue_alpaka_sys/fpgaclue_alpaka_sys_140/sim/const_lambda_1_B1_merge.sv -work fpgaclue_alpaka_sys_140 
# -- Compiling module const_lambda_1_B1_merge
# 
# Top level modules:
# 	const_lambda_1_B1_merge
# End time: 16:50:35 on Aug 11,2026, Elapsed time: 0:00:00
# Errors: 0, Warnings: 0
# Questa Intel FPGA Edition-64 vlog 2025.1 Compiler 2025.01 Jan 18 2025
# Start time: 16:50:35 on Aug 11,2026
# vlog -sv "+incdir+mpsim/sim" "+define+COSIM_LIB" -suppress 2388 -suppress 14408 -suppress 7061 ip/kernel_system/kernel_system_fpgaclue_alpaka_sys/fpgaclue_alpaka_sys_140/sim/const_lambda_1_bb_B1_sr_0.sv -work fpgaclue_alpaka_sys_140 
# -- Compiling module const_lambda_1_bb_B1_sr_0
# 
# Top level modules:
# 	const_lambda_1_bb_B1_sr_0
# End time: 16:50:35 on Aug 11,2026, Elapsed time: 0:00:00
# Errors: 0, Warnings: 0
# Questa Intel FPGA Edition-64 vlog 2025.1 Compiler 2025.01 Jan 18 2025
# Start time: 16:50:35 on Aug 11,2026
# vlog -sv "+incdir+mpsim/sim" "+define+COSIM_LIB" -suppress 2388 -suppress 14408 -suppress 7061 ip/kernel_system/kernel_system_fpgaclue_alpaka_sys/fpgaclue_alpaka_sys_140/sim/const_lambda_1_bb_B1_sr_1.sv -work fpgaclue_alpaka_sys_140 
# -- Compiling module const_lambda_1_bb_B1_sr_1
# 
# Top level modules:
# 	const_lambda_1_bb_B1_sr_1
# End time: 16:50:35 on Aug 11,2026, Elapsed time: 0:00:00
# Errors: 0, Warnings: 0
# Questa Intel FPGA Edition-64 vlog 2025.1 Compiler 2025.01 Jan 18 2025
# Start time: 16:50:35 on Aug 11,2026
# vlog -sv "+incdir+mpsim/sim" "+define+COSIM_LIB" -suppress 2388 -suppress 14408 -suppress 7061 ip/kernel_system/kernel_system_fpgaclue_alpaka_sys/fpgaclue_alpaka_sys_140/sim/const_lambda_1_bb_B2.sv -work fpgaclue_alpaka_sys_140 
# -- Compiling module const_lambda_1_bb_B2
# 
# Top level modules:
# 	const_lambda_1_bb_B2
# End time: 16:50:35 on Aug 11,2026, Elapsed time: 0:00:00
# Errors: 0, Warnings: 0
# Questa Intel FPGA Edition-64 vlog 2025.1 Compiler 2025.01 Jan 18 2025
# Start time: 16:50:35 on Aug 11,2026
# vlog -sv "+incdir+mpsim/sim" "+define+COSIM_LIB" -suppress 2388 -suppress 14408 -suppress 7061 ip/kernel_system/kernel_system_fpgaclue_alpaka_sys/fpgaclue_alpaka_sys_140/sim/const_lambda_1_bb_B2_stall_region.sv -work fpgaclue_alpaka_sys_140 
# -- Compiling module const_lambda_1_bb_B2_stall_region
# 
# Top level modules:
# 	const_lambda_1_bb_B2_stall_region
# End time: 16:50:35 on Aug 11,2026, Elapsed time: 0:00:00
# Errors: 0, Warnings: 0
# Questa Intel FPGA Edition-64 vlog 2025.1 Compiler 2025.01 Jan 18 2025
# Start time: 16:50:35 on Aug 11,2026
# vlog -sv "+incdir+mpsim/sim" "+define+COSIM_LIB" -suppress 2388 -suppress 14408 -suppress 7061 ip/kernel_system/kernel_system_fpgaclue_alpaka_sys/fpgaclue_alpaka_sys_140/sim/const_lambda_1_i_llvm_fpga_mem_unnamed_10000st_lambda_1_2564_0gr.sv -work fpgaclue_alpaka_sys_140 
# -- Compiling module const_lambda_1_i_llvm_fpga_mem_unnamed_10000st_lambda_1_2564_0gr
# 
# Top level modules:
# 	const_lambda_1_i_llvm_fpga_mem_unnamed_10000st_lambda_1_2564_0gr
# End time: 16:50:35 on Aug 11,2026, Elapsed time: 0:00:00
# Errors: 0, Warnings: 0
# Questa Intel FPGA Edition-64 vlog 2025.1 Compiler 2025.01 Jan 18 2025
# Start time: 16:50:35 on Aug 11,2026
# vlog -sv "+incdir+mpsim/sim" "+define+COSIM_LIB" -suppress 2388 -suppress 14408 -suppress 7061 ip/kernel_system/kernel_system_fpgaclue_alpaka_sys/fpgaclue_alpaka_sys_140/sim/const_lambda_1_readdata_reg_unnamed_15_const_lambda_13.sv -work fpgaclue_alpaka_sys_140 
# -- Compiling module const_lambda_1_readdata_reg_unnamed_15_const_lambda_13
# 
# Top level modules:
# 	const_lambda_1_readdata_reg_unnamed_15_const_lambda_13
# End time: 16:50:36 on Aug 11,2026, Elapsed time: 0:00:01
# Errors: 0, Warnings: 0
# Questa Intel FPGA Edition-64 vlog 2025.1 Compiler 2025.01 Jan 18 2025
# Start time: 16:50:36 on Aug 11,2026
# vlog -sv "+incdir+mpsim/sim" "+define+COSIM_LIB" -suppress 2388 -suppress 14408 -suppress 7061 ip/kernel_system/kernel_system_fpgaclue_alpaka_sys/fpgaclue_alpaka_sys_140/sim/const_lambda_1_i_llvm_fpga_mem_unnamed_10000st_lambda_1_2651_0gr.sv -work fpgaclue_alpaka_sys_140 
# -- Compiling module const_lambda_1_i_llvm_fpga_mem_unnamed_10000st_lambda_1_2651_0gr
# 
# Top level modules:
# 	const_lambda_1_i_llvm_fpga_mem_unnamed_10000st_lambda_1_2651_0gr
# End time: 16:50:36 on Aug 11,2026, Elapsed time: 0:00:00
# Errors: 0, Warnings: 0
# Questa Intel FPGA Edition-64 vlog 2025.1 Compiler 2025.01 Jan 18 2025
# Start time: 16:50:36 on Aug 11,2026
# vlog -sv "+incdir+mpsim/sim" "+define+COSIM_LIB" -suppress 2388 -suppress 14408 -suppress 7061 ip/kernel_system/kernel_system_fpgaclue_alpaka_sys/fpgaclue_alpaka_sys_140/sim/const_lambda_1_readdata_reg_unnamed_16_const_lambda_14.sv -work fpgaclue_alpaka_sys_140 
# -- Compiling module const_lambda_1_readdata_reg_unnamed_16_const_lambda_14
# 
# Top level modules:
# 	const_lambda_1_readdata_reg_unnamed_16_const_lambda_14
# End time: 16:50:36 on Aug 11,2026, Elapsed time: 0:00:00
# Errors: 0, Warnings: 0
# Questa Intel FPGA Edition-64 vlog 2025.1 Compiler 2025.01 Jan 18 2025
# Start time: 16:50:36 on Aug 11,2026
# vlog -sv "+incdir+mpsim/sim" "+define+COSIM_LIB" -suppress 2388 -suppress 14408 -suppress 7061 ip/kernel_system/kernel_system_fpgaclue_alpaka_sys/fpgaclue_alpaka_sys_140/sim/const_lambda_1_i_llvm_fpga_mem_unnamed_10000st_lambda_1_2821_0gr.sv -work fpgaclue_alpaka_sys_140 
# -- Compiling module const_lambda_1_i_llvm_fpga_mem_unnamed_10000st_lambda_1_2821_0gr
# 
# Top level modules:
# 	const_lambda_1_i_llvm_fpga_mem_unnamed_10000st_lambda_1_2821_0gr
# End time: 16:50:36 on Aug 11,2026, Elapsed time: 0:00:00
# Errors: 0, Warnings: 0
# Questa Intel FPGA Edition-64 vlog 2025.1 Compiler 2025.01 Jan 18 2025
# Start time: 16:50:36 on Aug 11,2026
# vlog -sv "+incdir+mpsim/sim" "+define+COSIM_LIB" -suppress 2388 -suppress 14408 -suppress 7061 ip/kernel_system/kernel_system_fpgaclue_alpaka_sys/fpgaclue_alpaka_sys_140/sim/const_lambda_1_readdata_reg_unnamed_17_const_lambda_15.sv -work fpgaclue_alpaka_sys_140 
# -- Compiling module const_lambda_1_readdata_reg_unnamed_17_const_lambda_15
# 
# Top level modules:
# 	const_lambda_1_readdata_reg_unnamed_17_const_lambda_15
# End time: 16:50:36 on Aug 11,2026, Elapsed time: 0:00:00
# Errors: 0, Warnings: 0
# Questa Intel FPGA Edition-64 vlog 2025.1 Compiler 2025.01 Jan 18 2025
# Start time: 16:50:36 on Aug 11,2026
# vlog -sv "+incdir+mpsim/sim" "+define+COSIM_LIB" -suppress 2388 -suppress 14408 -suppress 7061 ip/kernel_system/kernel_system_fpgaclue_alpaka_sys/fpgaclue_alpaka_sys_140/sim/const_lambda_1_i_llvm_fpga_mem_unnamed_10000st_lambda_1_2844_0gr.sv -work fpgaclue_alpaka_sys_140 
# -- Compiling module const_lambda_1_i_llvm_fpga_mem_unnamed_10000st_lambda_1_2844_0gr
# 
# Top level modules:
# 	const_lambda_1_i_llvm_fpga_mem_unnamed_10000st_lambda_1_2844_0gr
# End time: 16:50:36 on Aug 11,2026, Elapsed time: 0:00:00
# Errors: 0, Warnings: 0
# Questa Intel FPGA Edition-64 vlog 2025.1 Compiler 2025.01 Jan 18 2025
# Start time: 16:50:36 on Aug 11,2026
# vlog -sv "+incdir+mpsim/sim" "+define+COSIM_LIB" -suppress 2388 -suppress 14408 -suppress 7061 ip/kernel_system/kernel_system_fpgaclue_alpaka_sys/fpgaclue_alpaka_sys_140/sim/const_lambda_1_readdata_reg_unnamed_18_const_lambda_16.sv -work fpgaclue_alpaka_sys_140 
# -- Compiling module const_lambda_1_readdata_reg_unnamed_18_const_lambda_16
# 
# Top level modules:
# 	const_lambda_1_readdata_reg_unnamed_18_const_lambda_16
# End time: 16:50:36 on Aug 11,2026, Elapsed time: 0:00:00
# Errors: 0, Warnings: 0
# Questa Intel FPGA Edition-64 vlog 2025.1 Compiler 2025.01 Jan 18 2025
# Start time: 16:50:36 on Aug 11,2026
# vlog -sv "+incdir+mpsim/sim" "+define+COSIM_LIB" -suppress 2388 -suppress 14408 -suppress 7061 ip/kernel_system/kernel_system_fpgaclue_alpaka_sys/fpgaclue_alpaka_sys_140/sim/const_lambda_1_i_llvm_fpga_mem_unnamed_10000st_lambda_1_2867_0gr.sv -work fpgaclue_alpaka_sys_140 
# -- Compiling module const_lambda_1_i_llvm_fpga_mem_unnamed_10000st_lambda_1_2867_0gr
# 
# Top level modules:
# 	const_lambda_1_i_llvm_fpga_mem_unnamed_10000st_lambda_1_2867_0gr
# End time: 16:50:36 on Aug 11,2026, Elapsed time: 0:00:00
# Errors: 0, Warnings: 0
# Questa Intel FPGA Edition-64 vlog 2025.1 Compiler 2025.01 Jan 18 2025
# Start time: 16:50:36 on Aug 11,2026
# vlog -sv "+incdir+mpsim/sim" "+define+COSIM_LIB" -suppress 2388 -suppress 14408 -suppress 7061 ip/kernel_system/kernel_system_fpgaclue_alpaka_sys/fpgaclue_alpaka_sys_140/sim/const_lambda_1_readdata_reg_unnamed_19_const_lambda_17.sv -work fpgaclue_alpaka_sys_140 
# -- Compiling module const_lambda_1_readdata_reg_unnamed_19_const_lambda_17
# 
# Top level modules:
# 	const_lambda_1_readdata_reg_unnamed_19_const_lambda_17
# End time: 16:50:36 on Aug 11,2026, Elapsed time: 0:00:00
# Errors: 0, Warnings: 0
# Questa Intel FPGA Edition-64 vlog 2025.1 Compiler 2025.01 Jan 18 2025
# Start time: 16:50:36 on Aug 11,2026
# vlog -sv "+incdir+mpsim/sim" "+define+COSIM_LIB" -suppress 2388 -suppress 14408 -suppress 7061 ip/kernel_system/kernel_system_fpgaclue_alpaka_sys/fpgaclue_alpaka_sys_140/sim/const_lambda_1_i_llvm_fpga_mem_unnamed_20000st_lambda_1_2969_0gr.sv -work fpgaclue_alpaka_sys_140 
# -- Compiling module const_lambda_1_i_llvm_fpga_mem_unnamed_20000st_lambda_1_2969_0gr
# 
# Top level modules:
# 	const_lambda_1_i_llvm_fpga_mem_unnamed_20000st_lambda_1_2969_0gr
# End time: 16:50:36 on Aug 11,2026, Elapsed time: 0:00:00
# Errors: 0, Warnings: 0
# Questa Intel FPGA Edition-64 vlog 2025.1 Compiler 2025.01 Jan 18 2025
# Start time: 16:50:36 on Aug 11,2026
# vlog -sv "+incdir+mpsim/sim" "+define+COSIM_LIB" -suppress 2388 -suppress 14408 -suppress 7061 ip/kernel_system/kernel_system_fpgaclue_alpaka_sys/fpgaclue_alpaka_sys_140/sim/const_lambda_1_B2_merge_reg.sv -work fpgaclue_alpaka_sys_140 
# -- Compiling module const_lambda_1_B2_merge_reg
# 
# Top level modules:
# 	const_lambda_1_B2_merge_reg
# End time: 16:50:36 on Aug 11,2026, Elapsed time: 0:00:00
# Errors: 0, Warnings: 0
# Questa Intel FPGA Edition-64 vlog 2025.1 Compiler 2025.01 Jan 18 2025
# Start time: 16:50:36 on Aug 11,2026
# vlog -sv "+incdir+mpsim/sim" "+define+COSIM_LIB" -suppress 2388 -suppress 14408 -suppress 7061 ip/kernel_system/kernel_system_fpgaclue_alpaka_sys/fpgaclue_alpaka_sys_140/sim/const_lambda_1_i_sfc_s_c0_in_for_cond27_0000nst_lambda_1_2462_15.sv -work fpgaclue_alpaka_sys_140 
# -- Compiling module const_lambda_1_i_sfc_s_c0_in_for_cond27_0000nst_lambda_1_2462_15
# 
# Top level modules:
# 	const_lambda_1_i_sfc_s_c0_in_for_cond27_0000nst_lambda_1_2462_15
# End time: 16:50:36 on Aug 11,2026, Elapsed time: 0:00:00
# Errors: 0, Warnings: 0
# Questa Intel FPGA Edition-64 vlog 2025.1 Compiler 2025.01 Jan 18 2025
# Start time: 16:50:36 on Aug 11,2026
# vlog -sv "+incdir+mpsim/sim" "+define+COSIM_LIB" -suppress 2388 -suppress 14408 -suppress 7061 ip/kernel_system/kernel_system_fpgaclue_alpaka_sys/fpgaclue_alpaka_sys_140/sim/const_lambda_1_i_llvm_fpga_sfc_exit_s_c00000st_lambda_1_2789_0gr.sv -work fpgaclue_alpaka_sys_140 
# -- Compiling module const_lambda_1_i_llvm_fpga_sfc_exit_s_c00000st_lambda_1_2789_0gr
# 
# Top level modules:
# 	const_lambda_1_i_llvm_fpga_sfc_exit_s_c00000st_lambda_1_2789_0gr
# End time: 16:50:36 on Aug 11,2026, Elapsed time: 0:00:00
# Errors: 0, Warnings: 0
# Questa Intel FPGA Edition-64 vlog 2025.1 Compiler 2025.01 Jan 18 2025
# Start time: 16:50:36 on Aug 11,2026
# vlog -sv "+incdir+mpsim/sim" "+define+COSIM_LIB" -suppress 2388 -suppress 14408 -suppress 7061 ip/kernel_system/kernel_system_fpgaclue_alpaka_sys/fpgaclue_alpaka_sys_140/sim/const_lambda_1_i_llvm_fpga_sfc_exit_s_c0000098_1gr_full_detector.sv -work fpgaclue_alpaka_sys_140 
# -- Compiling module const_lambda_1_i_llvm_fpga_sfc_exit_s_c0000098_1gr_full_detector
# 
# Top level modules:
# 	const_lambda_1_i_llvm_fpga_sfc_exit_s_c0000098_1gr_full_detector
# End time: 16:50:36 on Aug 11,2026, Elapsed time: 0:00:00
# Errors: 0, Warnings: 0
# Questa Intel FPGA Edition-64 vlog 2025.1 Compiler 2025.01 Jan 18 2025
# Start time: 16:50:36 on Aug 11,2026
# vlog -sv "+incdir+mpsim/sim" "+define+COSIM_LIB" -suppress 2388 -suppress 14408 -suppress 7061 ip/kernel_system/kernel_system_fpgaclue_alpaka_sys/fpgaclue_alpaka_sys_140/sim/const_lambda_1_i_llvm_fpga_sfc_exit_s_c000001_2789_1gr_data_fifo.sv -work fpgaclue_alpaka_sys_140 
# -- Compiling module const_lambda_1_i_llvm_fpga_sfc_exit_s_c000001_2789_1gr_data_fifo
# 
# Top level modules:
# 	const_lambda_1_i_llvm_fpga_sfc_exit_s_c000001_2789_1gr_data_fifo
# End time: 16:50:36 on Aug 11,2026, Elapsed time: 0:00:00
# Errors: 0, Warnings: 0
# Questa Intel FPGA Edition-64 vlog 2025.1 Compiler 2025.01 Jan 18 2025
# Start time: 16:50:36 on Aug 11,2026
# vlog -sv "+incdir+mpsim/sim" "+define+COSIM_LIB" -suppress 2388 -suppress 14408 -suppress 7061 ip/kernel_system/kernel_system_fpgaclue_alpaka_sys/fpgaclue_alpaka_sys_140/sim/const_lambda_1_i_sfc_logic_s_c0_in_for_c0000st_lambda_1_2698_0gr.sv -work fpgaclue_alpaka_sys_140 
# -- Compiling module const_lambda_1_i_sfc_logic_s_c0_in_for_c0000st_lambda_1_2698_0gr
# 
# Top level modules:
# 	const_lambda_1_i_sfc_logic_s_c0_in_for_c0000st_lambda_1_2698_0gr
# End time: 16:50:37 on Aug 11,2026, Elapsed time: 0:00:01
# Errors: 0, Warnings: 0
# Questa Intel FPGA Edition-64 vlog 2025.1 Compiler 2025.01 Jan 18 2025
# Start time: 16:50:37 on Aug 11,2026
# vlog -sv "+incdir+mpsim/sim" "+define+COSIM_LIB" -suppress 2388 -suppress 14408 -suppress 7061 ip/kernel_system/kernel_system_fpgaclue_alpaka_sys/fpgaclue_alpaka_sys_140/sim/const_lambda_1_i_llvm_fpga_sync_buffer_s0000nc_buffer16_2728_0gr.sv -work fpgaclue_alpaka_sys_140 
# -- Compiling module const_lambda_1_i_llvm_fpga_sync_buffer_s0000nc_buffer16_2728_0gr
# 
# Top level modules:
# 	const_lambda_1_i_llvm_fpga_sync_buffer_s0000nc_buffer16_2728_0gr
# End time: 16:50:37 on Aug 11,2026, Elapsed time: 0:00:00
# Errors: 0, Warnings: 0
# Questa Intel FPGA Edition-64 vlog 2025.1 Compiler 2025.01 Jan 18 2025
# Start time: 16:50:37 on Aug 11,2026
# vlog -sv "+incdir+mpsim/sim" "+define+COSIM_LIB" -suppress 2388 -suppress 14408 -suppress 7061 ip/kernel_system/kernel_system_fpgaclue_alpaka_sys/fpgaclue_alpaka_sys_140/sim/const_lambda_1_i_sfc_s_c1_in_for_cond27_0000st_lambda_1_2462_1gr.sv -work fpgaclue_alpaka_sys_140 
# -- Compiling module const_lambda_1_i_sfc_s_c1_in_for_cond27_0000st_lambda_1_2462_1gr
# 
# Top level modules:
# 	const_lambda_1_i_sfc_s_c1_in_for_cond27_0000st_lambda_1_2462_1gr
# End time: 16:50:37 on Aug 11,2026, Elapsed time: 0:00:00
# Errors: 0, Warnings: 0
# Questa Intel FPGA Edition-64 vlog 2025.1 Compiler 2025.01 Jan 18 2025
# Start time: 16:50:37 on Aug 11,2026
# vlog -sv "+incdir+mpsim/sim" "+define+COSIM_LIB" -suppress 2388 -suppress 14408 -suppress 7061 ip/kernel_system/kernel_system_fpgaclue_alpaka_sys/fpgaclue_alpaka_sys_140/sim/const_lambda_1_i_llvm_fpga_sfc_exit_s_c10000st_lambda_1_2556_0gr.sv -work fpgaclue_alpaka_sys_140 
# -- Compiling module const_lambda_1_i_llvm_fpga_sfc_exit_s_c10000st_lambda_1_2556_0gr
# 
# Top level modules:
# 	const_lambda_1_i_llvm_fpga_sfc_exit_s_c10000st_lambda_1_2556_0gr
# End time: 16:50:37 on Aug 11,2026, Elapsed time: 0:00:00
# Errors: 0, Warnings: 0
# Questa Intel FPGA Edition-64 vlog 2025.1 Compiler 2025.01 Jan 18 2025
# Start time: 16:50:37 on Aug 11,2026
# vlog -sv "+incdir+mpsim/sim" "+define+COSIM_LIB" -suppress 2388 -suppress 14408 -suppress 7061 ip/kernel_system/kernel_system_fpgaclue_alpaka_sys/fpgaclue_alpaka_sys_140/sim/const_lambda_1_i_llvm_fpga_sfc_exit_s_c1000080_1gr_full_detector.sv -work fpgaclue_alpaka_sys_140 
# -- Compiling module const_lambda_1_i_llvm_fpga_sfc_exit_s_c1000080_1gr_full_detector
# 
# Top level modules:
# 	const_lambda_1_i_llvm_fpga_sfc_exit_s_c1000080_1gr_full_detector
# End time: 16:50:37 on Aug 11,2026, Elapsed time: 0:00:00
# Errors: 0, Warnings: 0
# Questa Intel FPGA Edition-64 vlog 2025.1 Compiler 2025.01 Jan 18 2025
# Start time: 16:50:37 on Aug 11,2026
# vlog -sv "+incdir+mpsim/sim" "+define+COSIM_LIB" -suppress 2388 -suppress 14408 -suppress 7061 ip/kernel_system/kernel_system_fpgaclue_alpaka_sys/fpgaclue_alpaka_sys_140/sim/const_lambda_1_i_llvm_fpga_sfc_exit_s_c100001_2556_1gr_data_fifo.sv -work fpgaclue_alpaka_sys_140 
# -- Compiling module const_lambda_1_i_llvm_fpga_sfc_exit_s_c100001_2556_1gr_data_fifo
# 
# Top level modules:
# 	const_lambda_1_i_llvm_fpga_sfc_exit_s_c100001_2556_1gr_data_fifo
# End time: 16:50:37 on Aug 11,2026, Elapsed time: 0:00:00
# Errors: 0, Warnings: 0
# Questa Intel FPGA Edition-64 vlog 2025.1 Compiler 2025.01 Jan 18 2025
# Start time: 16:50:37 on Aug 11,2026
# vlog -sv "+incdir+mpsim/sim" "+define+COSIM_LIB" -suppress 2388 -suppress 14408 -suppress 7061 ip/kernel_system/kernel_system_fpgaclue_alpaka_sys/fpgaclue_alpaka_sys_140/sim/const_lambda_1_i_sfc_logic_s_c1_in_for_c0000st_lambda_1_2480_0gr.sv -work fpgaclue_alpaka_sys_140 
# -- Compiling module const_lambda_1_i_sfc_logic_s_c1_in_for_c0000st_lambda_1_2480_0gr
# 
# Top level modules:
# 	const_lambda_1_i_sfc_logic_s_c1_in_for_c0000st_lambda_1_2480_0gr
# End time: 16:50:37 on Aug 11,2026, Elapsed time: 0:00:00
# Errors: 0, Warnings: 0
# Questa Intel FPGA Edition-64 vlog 2025.1 Compiler 2025.01 Jan 18 2025
# Start time: 16:50:37 on Aug 11,2026
# vlog -sv "+incdir+mpsim/sim" "+define+COSIM_LIB" -suppress 2388 -suppress 14408 -suppress 7061 ip/kernel_system/kernel_system_fpgaclue_alpaka_sys/fpgaclue_alpaka_sys_140/sim/const_lambda_1_i_sfc_s_c2_in_for_cond27_0000st_lambda_1_2462_8gr.sv -work fpgaclue_alpaka_sys_140 
# -- Compiling module const_lambda_1_i_sfc_s_c2_in_for_cond27_0000st_lambda_1_2462_8gr
# 
# Top level modules:
# 	const_lambda_1_i_sfc_s_c2_in_for_cond27_0000st_lambda_1_2462_8gr
# End time: 16:50:37 on Aug 11,2026, Elapsed time: 0:00:00
# Errors: 0, Warnings: 0
# Questa Intel FPGA Edition-64 vlog 2025.1 Compiler 2025.01 Jan 18 2025
# Start time: 16:50:37 on Aug 11,2026
# vlog -sv "+incdir+mpsim/sim" "+define+COSIM_LIB" -suppress 2388 -suppress 14408 -suppress 7061 ip/kernel_system/kernel_system_fpgaclue_alpaka_sys/fpgaclue_alpaka_sys_140/sim/const_lambda_1_i_llvm_fpga_sfc_exit_s_c20000st_lambda_1_2643_0gr.sv -work fpgaclue_alpaka_sys_140 
# -- Compiling module const_lambda_1_i_llvm_fpga_sfc_exit_s_c20000st_lambda_1_2643_0gr
# 
# Top level modules:
# 	const_lambda_1_i_llvm_fpga_sfc_exit_s_c20000st_lambda_1_2643_0gr
# End time: 16:50:37 on Aug 11,2026, Elapsed time: 0:00:00
# Errors: 0, Warnings: 0
# Questa Intel FPGA Edition-64 vlog 2025.1 Compiler 2025.01 Jan 18 2025
# Start time: 16:50:37 on Aug 11,2026
# vlog -sv "+incdir+mpsim/sim" "+define+COSIM_LIB" -suppress 2388 -suppress 14408 -suppress 7061 ip/kernel_system/kernel_system_fpgaclue_alpaka_sys/fpgaclue_alpaka_sys_140/sim/const_lambda_1_i_llvm_fpga_sfc_exit_s_c2000010_1gr_full_detector.sv -work fpgaclue_alpaka_sys_140 
# -- Compiling module const_lambda_1_i_llvm_fpga_sfc_exit_s_c2000010_1gr_full_detector
# 
# Top level modules:
# 	const_lambda_1_i_llvm_fpga_sfc_exit_s_c2000010_1gr_full_detector
# End time: 16:50:37 on Aug 11,2026, Elapsed time: 0:00:00
# Errors: 0, Warnings: 0
# Questa Intel FPGA Edition-64 vlog 2025.1 Compiler 2025.01 Jan 18 2025
# Start time: 16:50:37 on Aug 11,2026
# vlog -sv "+incdir+mpsim/sim" "+define+COSIM_LIB" -suppress 2388 -suppress 14408 -suppress 7061 ip/kernel_system/kernel_system_fpgaclue_alpaka_sys/fpgaclue_alpaka_sys_140/sim/const_lambda_1_i_llvm_fpga_sfc_exit_s_c200001_2643_1gr_data_fifo.sv -work fpgaclue_alpaka_sys_140 
# -- Compiling module const_lambda_1_i_llvm_fpga_sfc_exit_s_c200001_2643_1gr_data_fifo
# 
# Top level modules:
# 	const_lambda_1_i_llvm_fpga_sfc_exit_s_c200001_2643_1gr_data_fifo
# End time: 16:50:37 on Aug 11,2026, Elapsed time: 0:00:00
# Errors: 0, Warnings: 0
# Questa Intel FPGA Edition-64 vlog 2025.1 Compiler 2025.01 Jan 18 2025
# Start time: 16:50:37 on Aug 11,2026
# vlog -sv "+incdir+mpsim/sim" "+define+COSIM_LIB" -suppress 2388 -suppress 14408 -suppress 7061 ip/kernel_system/kernel_system_fpgaclue_alpaka_sys/fpgaclue_alpaka_sys_140/sim/const_lambda_1_i_sfc_logic_s_c2_in_for_c0000st_lambda_1_2610_0gr.sv -work fpgaclue_alpaka_sys_140 
# -- Compiling module const_lambda_1_i_sfc_logic_s_c2_in_for_c0000st_lambda_1_2610_0gr
# 
# Top level modules:
# 	const_lambda_1_i_sfc_logic_s_c2_in_for_c0000st_lambda_1_2610_0gr
# End time: 16:50:37 on Aug 11,2026, Elapsed time: 0:00:00
# Errors: 0, Warnings: 0
# Questa Intel FPGA Edition-64 vlog 2025.1 Compiler 2025.01 Jan 18 2025
# Start time: 16:50:37 on Aug 11,2026
# vlog -sv "+incdir+mpsim/sim" "+define+COSIM_LIB" -suppress 2388 -suppress 14408 -suppress 7061 ip/kernel_system/kernel_system_fpgaclue_alpaka_sys/fpgaclue_alpaka_sys_140/sim/const_lambda_1_i_sfc_s_c3_in_for_cond27_0000nst_lambda_1_2462_27.sv -work fpgaclue_alpaka_sys_140 
# -- Compiling module const_lambda_1_i_sfc_s_c3_in_for_cond27_0000nst_lambda_1_2462_27
# 
# Top level modules:
# 	const_lambda_1_i_sfc_s_c3_in_for_cond27_0000nst_lambda_1_2462_27
# End time: 16:50:37 on Aug 11,2026, Elapsed time: 0:00:00
# Errors: 0, Warnings: 0
# Questa Intel FPGA Edition-64 vlog 2025.1 Compiler 2025.01 Jan 18 2025
# Start time: 16:50:37 on Aug 11,2026
# vlog -sv "+incdir+mpsim/sim" "+define+COSIM_LIB" -suppress 2388 -suppress 14408 -suppress 7061 ip/kernel_system/kernel_system_fpgaclue_alpaka_sys/fpgaclue_alpaka_sys_140/sim/const_lambda_1_i_llvm_fpga_sfc_exit_s_c30000st_lambda_1_2961_0gr.sv -work fpgaclue_alpaka_sys_140 
# -- Compiling module const_lambda_1_i_llvm_fpga_sfc_exit_s_c30000st_lambda_1_2961_0gr
# 
# Top level modules:
# 	const_lambda_1_i_llvm_fpga_sfc_exit_s_c30000st_lambda_1_2961_0gr
# End time: 16:50:37 on Aug 11,2026, Elapsed time: 0:00:00
# Errors: 0, Warnings: 0
# Questa Intel FPGA Edition-64 vlog 2025.1 Compiler 2025.01 Jan 18 2025
# Start time: 16:50:37 on Aug 11,2026
# vlog -sv "+incdir+mpsim/sim" "+define+COSIM_LIB" -suppress 2388 -suppress 14408 -suppress 7061 ip/kernel_system/kernel_system_fpgaclue_alpaka_sys/fpgaclue_alpaka_sys_140/sim/const_lambda_1_i_llvm_fpga_sfc_exit_s_c3000021_1gr_full_detector.sv -work fpgaclue_alpaka_sys_140 
# -- Compiling module const_lambda_1_i_llvm_fpga_sfc_exit_s_c3000021_1gr_full_detector
# 
# Top level modules:
# 	const_lambda_1_i_llvm_fpga_sfc_exit_s_c3000021_1gr_full_detector
# End time: 16:50:37 on Aug 11,2026, Elapsed time: 0:00:00
# Errors: 0, Warnings: 0
# Questa Intel FPGA Edition-64 vlog 2025.1 Compiler 2025.01 Jan 18 2025
# Start time: 16:50:37 on Aug 11,2026
# vlog -sv "+incdir+mpsim/sim" "+define+COSIM_LIB" -suppress 2388 -suppress 14408 -suppress 7061 ip/kernel_system/kernel_system_fpgaclue_alpaka_sys/fpgaclue_alpaka_sys_140/sim/const_lambda_1_i_llvm_fpga_sfc_exit_s_c300001_2961_1gr_data_fifo.sv -work fpgaclue_alpaka_sys_140 
# -- Compiling module const_lambda_1_i_llvm_fpga_sfc_exit_s_c300001_2961_1gr_data_fifo
# 
# Top level modules:
# 	const_lambda_1_i_llvm_fpga_sfc_exit_s_c300001_2961_1gr_data_fifo
# End time: 16:50:38 on Aug 11,2026, Elapsed time: 0:00:01
# Errors: 0, Warnings: 0
# Questa Intel FPGA Edition-64 vlog 2025.1 Compiler 2025.01 Jan 18 2025
# Start time: 16:50:38 on Aug 11,2026
# vlog -sv "+incdir+mpsim/sim" "+define+COSIM_LIB" -suppress 2388 -suppress 14408 -suppress 7061 ip/kernel_system/kernel_system_fpgaclue_alpaka_sys/fpgaclue_alpaka_sys_140/sim/const_lambda_1_i_sfc_logic_s_c3_in_for_c0000st_lambda_1_2921_0gr.sv -work fpgaclue_alpaka_sys_140 
# -- Compiling module const_lambda_1_i_sfc_logic_s_c3_in_for_c0000st_lambda_1_2921_0gr
# 
# Top level modules:
# 	const_lambda_1_i_sfc_logic_s_c3_in_for_c0000st_lambda_1_2921_0gr
# End time: 16:50:38 on Aug 11,2026, Elapsed time: 0:00:00
# Errors: 0, Warnings: 0
# Questa Intel FPGA Edition-64 vlog 2025.1 Compiler 2025.01 Jan 18 2025
# Start time: 16:50:38 on Aug 11,2026
# vlog -sv "+incdir+mpsim/sim" "+define+COSIM_LIB" -suppress 2388 -suppress 14408 -suppress 7061 ip/kernel_system/kernel_system_fpgaclue_alpaka_sys/fpgaclue_alpaka_sys_140/sim/const_lambda_1_i_sfc_s_c4_in_for_cond27_0000nst_lambda_1_2462_18.sv -work fpgaclue_alpaka_sys_140 
# -- Compiling module const_lambda_1_i_sfc_s_c4_in_for_cond27_0000nst_lambda_1_2462_18
# 
# Top level modules:
# 	const_lambda_1_i_sfc_s_c4_in_for_cond27_0000nst_lambda_1_2462_18
# End time: 16:50:38 on Aug 11,2026, Elapsed time: 0:00:00
# Errors: 0, Warnings: 0
# Questa Intel FPGA Edition-64 vlog 2025.1 Compiler 2025.01 Jan 18 2025
# Start time: 16:50:38 on Aug 11,2026
# vlog -sv "+incdir+mpsim/sim" "+define+COSIM_LIB" -suppress 2388 -suppress 14408 -suppress 7061 ip/kernel_system/kernel_system_fpgaclue_alpaka_sys/fpgaclue_alpaka_sys_140/sim/const_lambda_1_i_llvm_fpga_sfc_exit_s_c40000st_lambda_1_2813_0gr.sv -work fpgaclue_alpaka_sys_140 
# -- Compiling module const_lambda_1_i_llvm_fpga_sfc_exit_s_c40000st_lambda_1_2813_0gr
# 
# Top level modules:
# 	const_lambda_1_i_llvm_fpga_sfc_exit_s_c40000st_lambda_1_2813_0gr
# End time: 16:50:38 on Aug 11,2026, Elapsed time: 0:00:00
# Errors: 0, Warnings: 0
# Questa Intel FPGA Edition-64 vlog 2025.1 Compiler 2025.01 Jan 18 2025
# Start time: 16:50:38 on Aug 11,2026
# vlog -sv "+incdir+mpsim/sim" "+define+COSIM_LIB" -suppress 2388 -suppress 14408 -suppress 7061 ip/kernel_system/kernel_system_fpgaclue_alpaka_sys/fpgaclue_alpaka_sys_140/sim/const_lambda_1_i_llvm_fpga_sfc_exit_s_c4000000_1gr_full_detector.sv -work fpgaclue_alpaka_sys_140 
# -- Compiling module const_lambda_1_i_llvm_fpga_sfc_exit_s_c4000000_1gr_full_detector
# 
# Top level modules:
# 	const_lambda_1_i_llvm_fpga_sfc_exit_s_c4000000_1gr_full_detector
# End time: 16:50:38 on Aug 11,2026, Elapsed time: 0:00:00
# Errors: 0, Warnings: 0
# Questa Intel FPGA Edition-64 vlog 2025.1 Compiler 2025.01 Jan 18 2025
# Start time: 16:50:38 on Aug 11,2026
# vlog -sv "+incdir+mpsim/sim" "+define+COSIM_LIB" -suppress 2388 -suppress 14408 -suppress 7061 ip/kernel_system/kernel_system_fpgaclue_alpaka_sys/fpgaclue_alpaka_sys_140/sim/const_lambda_1_i_llvm_fpga_sfc_exit_s_c400001_2813_1gr_data_fifo.sv -work fpgaclue_alpaka_sys_140 
# -- Compiling module const_lambda_1_i_llvm_fpga_sfc_exit_s_c400001_2813_1gr_data_fifo
# 
# Top level modules:
# 	const_lambda_1_i_llvm_fpga_sfc_exit_s_c400001_2813_1gr_data_fifo
# End time: 16:50:38 on Aug 11,2026, Elapsed time: 0:00:00
# Errors: 0, Warnings: 0
# Questa Intel FPGA Edition-64 vlog 2025.1 Compiler 2025.01 Jan 18 2025
# Start time: 16:50:38 on Aug 11,2026
# vlog -sv "+incdir+mpsim/sim" "+define+COSIM_LIB" -suppress 2388 -suppress 14408 -suppress 7061 ip/kernel_system/kernel_system_fpgaclue_alpaka_sys/fpgaclue_alpaka_sys_140/sim/const_lambda_1_i_sfc_logic_s_c4_in_for_c0000st_lambda_1_2800_0gr.sv -work fpgaclue_alpaka_sys_140 
# -- Compiling module const_lambda_1_i_sfc_logic_s_c4_in_for_c0000st_lambda_1_2800_0gr
# 
# Top level modules:
# 	const_lambda_1_i_sfc_logic_s_c4_in_for_c0000st_lambda_1_2800_0gr
# End time: 16:50:38 on Aug 11,2026, Elapsed time: 0:00:00
# Errors: 0, Warnings: 0
# Questa Intel FPGA Edition-64 vlog 2025.1 Compiler 2025.01 Jan 18 2025
# Start time: 16:50:38 on Aug 11,2026
# vlog -sv "+incdir+mpsim/sim" "+define+COSIM_LIB" -suppress 2388 -suppress 14408 -suppress 7061 ip/kernel_system/kernel_system_fpgaclue_alpaka_sys/fpgaclue_alpaka_sys_140/sim/const_lambda_1_i_sfc_s_c5_in_for_cond27_0000st_lambda_1_2462_5gr.sv -work fpgaclue_alpaka_sys_140 
# -- Compiling module const_lambda_1_i_sfc_s_c5_in_for_cond27_0000st_lambda_1_2462_5gr
# 
# Top level modules:
# 	const_lambda_1_i_sfc_s_c5_in_for_cond27_0000st_lambda_1_2462_5gr
# End time: 16:50:38 on Aug 11,2026, Elapsed time: 0:00:00
# Errors: 0, Warnings: 0
# Questa Intel FPGA Edition-64 vlog 2025.1 Compiler 2025.01 Jan 18 2025
# Start time: 16:50:38 on Aug 11,2026
# vlog -sv "+incdir+mpsim/sim" "+define+COSIM_LIB" -suppress 2388 -suppress 14408 -suppress 7061 ip/kernel_system/kernel_system_fpgaclue_alpaka_sys/fpgaclue_alpaka_sys_140/sim/const_lambda_1_i_llvm_fpga_sfc_exit_s_c50000st_lambda_1_2600_0gr.sv -work fpgaclue_alpaka_sys_140 
# -- Compiling module const_lambda_1_i_llvm_fpga_sfc_exit_s_c50000st_lambda_1_2600_0gr
# 
# Top level modules:
# 	const_lambda_1_i_llvm_fpga_sfc_exit_s_c50000st_lambda_1_2600_0gr
# End time: 16:50:38 on Aug 11,2026, Elapsed time: 0:00:00
# Errors: 0, Warnings: 0
# Questa Intel FPGA Edition-64 vlog 2025.1 Compiler 2025.01 Jan 18 2025
# Start time: 16:50:38 on Aug 11,2026
# vlog -sv "+incdir+mpsim/sim" "+define+COSIM_LIB" -suppress 2388 -suppress 14408 -suppress 7061 ip/kernel_system/kernel_system_fpgaclue_alpaka_sys/fpgaclue_alpaka_sys_140/sim/const_lambda_1_i_llvm_fpga_sfc_exit_s_c5000089_1gr_full_detector.sv -work fpgaclue_alpaka_sys_140 
# -- Compiling module const_lambda_1_i_llvm_fpga_sfc_exit_s_c5000089_1gr_full_detector
# 
# Top level modules:
# 	const_lambda_1_i_llvm_fpga_sfc_exit_s_c5000089_1gr_full_detector
# End time: 16:50:38 on Aug 11,2026, Elapsed time: 0:00:00
# Errors: 0, Warnings: 0
# Questa Intel FPGA Edition-64 vlog 2025.1 Compiler 2025.01 Jan 18 2025
# Start time: 16:50:38 on Aug 11,2026
# vlog -sv "+incdir+mpsim/sim" "+define+COSIM_LIB" -suppress 2388 -suppress 14408 -suppress 7061 ip/kernel_system/kernel_system_fpgaclue_alpaka_sys/fpgaclue_alpaka_sys_140/sim/const_lambda_1_i_llvm_fpga_sfc_exit_s_c500001_2600_1gr_data_fifo.sv -work fpgaclue_alpaka_sys_140 
# -- Compiling module const_lambda_1_i_llvm_fpga_sfc_exit_s_c500001_2600_1gr_data_fifo
# 
# Top level modules:
# 	const_lambda_1_i_llvm_fpga_sfc_exit_s_c500001_2600_1gr_data_fifo
# End time: 16:50:38 on Aug 11,2026, Elapsed time: 0:00:00
# Errors: 0, Warnings: 0
# Questa Intel FPGA Edition-64 vlog 2025.1 Compiler 2025.01 Jan 18 2025
# Start time: 16:50:38 on Aug 11,2026
# vlog -sv "+incdir+mpsim/sim" "+define+COSIM_LIB" -suppress 2388 -suppress 14408 -suppress 7061 ip/kernel_system/kernel_system_fpgaclue_alpaka_sys/fpgaclue_alpaka_sys_140/sim/const_lambda_1_i_sfc_logic_s_c5_in_for_c0000st_lambda_1_2589_0gr.sv -work fpgaclue_alpaka_sys_140 
# -- Compiling module const_lambda_1_i_sfc_logic_s_c5_in_for_c0000st_lambda_1_2589_0gr
# 
# Top level modules:
# 	const_lambda_1_i_sfc_logic_s_c5_in_for_c0000st_lambda_1_2589_0gr
# End time: 16:50:38 on Aug 11,2026, Elapsed time: 0:00:00
# Errors: 0, Warnings: 0
# Questa Intel FPGA Edition-64 vlog 2025.1 Compiler 2025.01 Jan 18 2025
# Start time: 16:50:38 on Aug 11,2026
# vlog -sv "+incdir+mpsim/sim" "+define+COSIM_LIB" -suppress 2388 -suppress 14408 -suppress 7061 ip/kernel_system/kernel_system_fpgaclue_alpaka_sys/fpgaclue_alpaka_sys_140/sim/const_lambda_1_i_sfc_s_c6_in_for_cond27_0000nst_lambda_1_2462_12.sv -work fpgaclue_alpaka_sys_140 
# -- Compiling module const_lambda_1_i_sfc_s_c6_in_for_cond27_0000nst_lambda_1_2462_12
# 
# Top level modules:
# 	const_lambda_1_i_sfc_s_c6_in_for_cond27_0000nst_lambda_1_2462_12
# End time: 16:50:38 on Aug 11,2026, Elapsed time: 0:00:00
# Errors: 0, Warnings: 0
# Questa Intel FPGA Edition-64 vlog 2025.1 Compiler 2025.01 Jan 18 2025
# Start time: 16:50:38 on Aug 11,2026
# vlog -sv "+incdir+mpsim/sim" "+define+COSIM_LIB" -suppress 2388 -suppress 14408 -suppress 7061 ip/kernel_system/kernel_system_fpgaclue_alpaka_sys/fpgaclue_alpaka_sys_140/sim/const_lambda_1_i_llvm_fpga_sfc_exit_s_c60000st_lambda_1_2688_0gr.sv -work fpgaclue_alpaka_sys_140 
# -- Compiling module const_lambda_1_i_llvm_fpga_sfc_exit_s_c60000st_lambda_1_2688_0gr
# 
# Top level modules:
# 	const_lambda_1_i_llvm_fpga_sfc_exit_s_c60000st_lambda_1_2688_0gr
# End time: 16:50:38 on Aug 11,2026, Elapsed time: 0:00:00
# Errors: 0, Warnings: 0
# Questa Intel FPGA Edition-64 vlog 2025.1 Compiler 2025.01 Jan 18 2025
# Start time: 16:50:38 on Aug 11,2026
# vlog -sv "+incdir+mpsim/sim" "+define+COSIM_LIB" -suppress 2388 -suppress 14408 -suppress 7061 ip/kernel_system/kernel_system_fpgaclue_alpaka_sys/fpgaclue_alpaka_sys_140/sim/const_lambda_1_i_llvm_fpga_sfc_exit_s_c6000076_1gr_full_detector.sv -work fpgaclue_alpaka_sys_140 
# -- Compiling module const_lambda_1_i_llvm_fpga_sfc_exit_s_c6000076_1gr_full_detector
# 
# Top level modules:
# 	const_lambda_1_i_llvm_fpga_sfc_exit_s_c6000076_1gr_full_detector
# End time: 16:50:38 on Aug 11,2026, Elapsed time: 0:00:00
# Errors: 0, Warnings: 0
# Questa Intel FPGA Edition-64 vlog 2025.1 Compiler 2025.01 Jan 18 2025
# Start time: 16:50:38 on Aug 11,2026
# vlog -sv "+incdir+mpsim/sim" "+define+COSIM_LIB" -suppress 2388 -suppress 14408 -suppress 7061 ip/kernel_system/kernel_system_fpgaclue_alpaka_sys/fpgaclue_alpaka_sys_140/sim/const_lambda_1_i_llvm_fpga_sfc_exit_s_c600001_2688_1gr_data_fifo.sv -work fpgaclue_alpaka_sys_140 
# -- Compiling module const_lambda_1_i_llvm_fpga_sfc_exit_s_c600001_2688_1gr_data_fifo
# 
# Top level modules:
# 	const_lambda_1_i_llvm_fpga_sfc_exit_s_c600001_2688_1gr_data_fifo
# End time: 16:50:39 on Aug 11,2026, Elapsed time: 0:00:01
# Errors: 0, Warnings: 0
# Questa Intel FPGA Edition-64 vlog 2025.1 Compiler 2025.01 Jan 18 2025
# Start time: 16:50:39 on Aug 11,2026
# vlog -sv "+incdir+mpsim/sim" "+define+COSIM_LIB" -suppress 2388 -suppress 14408 -suppress 7061 ip/kernel_system/kernel_system_fpgaclue_alpaka_sys/fpgaclue_alpaka_sys_140/sim/const_lambda_1_i_sfc_logic_s_c6_in_for_c0000st_lambda_1_2676_0gr.sv -work fpgaclue_alpaka_sys_140 
# -- Compiling module const_lambda_1_i_sfc_logic_s_c6_in_for_c0000st_lambda_1_2676_0gr
# 
# Top level modules:
# 	const_lambda_1_i_sfc_logic_s_c6_in_for_c0000st_lambda_1_2676_0gr
# End time: 16:50:39 on Aug 11,2026, Elapsed time: 0:00:00
# Errors: 0, Warnings: 0
# Questa Intel FPGA Edition-64 vlog 2025.1 Compiler 2025.01 Jan 18 2025
# Start time: 16:50:39 on Aug 11,2026
# vlog -sv "+incdir+mpsim/sim" "+define+COSIM_LIB" -suppress 2388 -suppress 14408 -suppress 7061 ip/kernel_system/kernel_system_fpgaclue_alpaka_sys/fpgaclue_alpaka_sys_140/sim/const_lambda_1_i_sfc_s_c7_in_for_cond27_0000nst_lambda_1_2462_24.sv -work fpgaclue_alpaka_sys_140 
# -- Compiling module const_lambda_1_i_sfc_s_c7_in_for_cond27_0000nst_lambda_1_2462_24
# 
# Top level modules:
# 	const_lambda_1_i_sfc_s_c7_in_for_cond27_0000nst_lambda_1_2462_24
# End time: 16:50:39 on Aug 11,2026, Elapsed time: 0:00:00
# Errors: 0, Warnings: 0
# Questa Intel FPGA Edition-64 vlog 2025.1 Compiler 2025.01 Jan 18 2025
# Start time: 16:50:39 on Aug 11,2026
# vlog -sv "+incdir+mpsim/sim" "+define+COSIM_LIB" -suppress 2388 -suppress 14408 -suppress 7061 ip/kernel_system/kernel_system_fpgaclue_alpaka_sys/fpgaclue_alpaka_sys_140/sim/const_lambda_1_i_llvm_fpga_sfc_exit_s_c70000st_lambda_1_2911_0gr.sv -work fpgaclue_alpaka_sys_140 
# -- Compiling module const_lambda_1_i_llvm_fpga_sfc_exit_s_c70000st_lambda_1_2911_0gr
# 
# Top level modules:
# 	const_lambda_1_i_llvm_fpga_sfc_exit_s_c70000st_lambda_1_2911_0gr
# End time: 16:50:39 on Aug 11,2026, Elapsed time: 0:00:00
# Errors: 0, Warnings: 0
# Questa Intel FPGA Edition-64 vlog 2025.1 Compiler 2025.01 Jan 18 2025
# Start time: 16:50:39 on Aug 11,2026
# vlog -sv "+incdir+mpsim/sim" "+define+COSIM_LIB" -suppress 2388 -suppress 14408 -suppress 7061 ip/kernel_system/kernel_system_fpgaclue_alpaka_sys/fpgaclue_alpaka_sys_140/sim/const_lambda_1_i_llvm_fpga_sfc_exit_s_c7000092_1gr_full_detector.sv -work fpgaclue_alpaka_sys_140 
# -- Compiling module const_lambda_1_i_llvm_fpga_sfc_exit_s_c7000092_1gr_full_detector
# 
# Top level modules:
# 	const_lambda_1_i_llvm_fpga_sfc_exit_s_c7000092_1gr_full_detector
# End time: 16:50:39 on Aug 11,2026, Elapsed time: 0:00:00
# Errors: 0, Warnings: 0
# Questa Intel FPGA Edition-64 vlog 2025.1 Compiler 2025.01 Jan 18 2025
# Start time: 16:50:39 on Aug 11,2026
# vlog -sv "+incdir+mpsim/sim" "+define+COSIM_LIB" -suppress 2388 -suppress 14408 -suppress 7061 ip/kernel_system/kernel_system_fpgaclue_alpaka_sys/fpgaclue_alpaka_sys_140/sim/const_lambda_1_i_llvm_fpga_sfc_exit_s_c700001_2911_1gr_data_fifo.sv -work fpgaclue_alpaka_sys_140 
# -- Compiling module const_lambda_1_i_llvm_fpga_sfc_exit_s_c700001_2911_1gr_data_fifo
# 
# Top level modules:
# 	const_lambda_1_i_llvm_fpga_sfc_exit_s_c700001_2911_1gr_data_fifo
# End time: 16:50:39 on Aug 11,2026, Elapsed time: 0:00:00
# Errors: 0, Warnings: 0
# Questa Intel FPGA Edition-64 vlog 2025.1 Compiler 2025.01 Jan 18 2025
# Start time: 16:50:39 on Aug 11,2026
# vlog -sv "+incdir+mpsim/sim" "+define+COSIM_LIB" -suppress 2388 -suppress 14408 -suppress 7061 ip/kernel_system/kernel_system_fpgaclue_alpaka_sys/fpgaclue_alpaka_sys_140/sim/const_lambda_1_i_sfc_logic_s_c7_in_for_c0000st_lambda_1_2892_0gr.sv -work fpgaclue_alpaka_sys_140 
# -- Compiling module const_lambda_1_i_sfc_logic_s_c7_in_for_c0000st_lambda_1_2892_0gr
# 
# Top level modules:
# 	const_lambda_1_i_sfc_logic_s_c7_in_for_c0000st_lambda_1_2892_0gr
# End time: 16:50:39 on Aug 11,2026, Elapsed time: 0:00:00
# Errors: 0, Warnings: 0
# Questa Intel FPGA Edition-64 vlog 2025.1 Compiler 2025.01 Jan 18 2025
# Start time: 16:50:39 on Aug 11,2026
# vlog -sv "+incdir+mpsim/sim" "+define+COSIM_LIB" -suppress 2388 -suppress 14408 -suppress 7061 ip/kernel_system/kernel_system_fpgaclue_alpaka_sys/fpgaclue_alpaka_sys_140/sim/const_lambda_1_B2_branch.sv -work fpgaclue_alpaka_sys_140 
# -- Compiling module const_lambda_1_B2_branch
# 
# Top level modules:
# 	const_lambda_1_B2_branch
# End time: 16:50:39 on Aug 11,2026, Elapsed time: 0:00:00
# Errors: 0, Warnings: 0
# Questa Intel FPGA Edition-64 vlog 2025.1 Compiler 2025.01 Jan 18 2025
# Start time: 16:50:39 on Aug 11,2026
# vlog -sv "+incdir+mpsim/sim" "+define+COSIM_LIB" -suppress 2388 -suppress 14408 -suppress 7061 ip/kernel_system/kernel_system_fpgaclue_alpaka_sys/fpgaclue_alpaka_sys_140/sim/const_lambda_1_B2_merge.sv -work fpgaclue_alpaka_sys_140 
# -- Compiling module const_lambda_1_B2_merge
# 
# Top level modules:
# 	const_lambda_1_B2_merge
# End time: 16:50:39 on Aug 11,2026, Elapsed time: 0:00:00
# Errors: 0, Warnings: 0
# Questa Intel FPGA Edition-64 vlog 2025.1 Compiler 2025.01 Jan 18 2025
# Start time: 16:50:39 on Aug 11,2026
# vlog -sv "+incdir+mpsim/sim" "+define+COSIM_LIB" -suppress 2388 -suppress 14408 -suppress 7061 ip/kernel_system/kernel_system_fpgaclue_alpaka_sys/fpgaclue_alpaka_sys_140/sim/const_lambda_1_bb_B2_sr_0.sv -work fpgaclue_alpaka_sys_140 
# -- Compiling module const_lambda_1_bb_B2_sr_0
# 
# Top level modules:
# 	const_lambda_1_bb_B2_sr_0
# End time: 16:50:39 on Aug 11,2026, Elapsed time: 0:00:00
# Errors: 0, Warnings: 0
# Questa Intel FPGA Edition-64 vlog 2025.1 Compiler 2025.01 Jan 18 2025
# Start time: 16:50:39 on Aug 11,2026
# vlog -sv "+incdir+mpsim/sim" "+define+COSIM_LIB" -suppress 2388 -suppress 14408 -suppress 7061 ip/kernel_system/kernel_system_fpgaclue_alpaka_sys/fpgaclue_alpaka_sys_140/sim/const_lambda_1_bb_B2_sr_1.sv -work fpgaclue_alpaka_sys_140 
# -- Compiling module const_lambda_1_bb_B2_sr_1
# 
# Top level modules:
# 	const_lambda_1_bb_B2_sr_1
# End time: 16:50:39 on Aug 11,2026, Elapsed time: 0:00:00
# Errors: 0, Warnings: 0
# Questa Intel FPGA Edition-64 vlog 2025.1 Compiler 2025.01 Jan 18 2025
# Start time: 16:50:39 on Aug 11,2026
# vlog -sv "+incdir+mpsim/sim" "+define+COSIM_LIB" -suppress 2388 -suppress 14408 -suppress 7061 ip/kernel_system/kernel_system_fpgaclue_alpaka_sys/fpgaclue_alpaka_sys_140/sim/const_lambda_1_bb_B3.sv -work fpgaclue_alpaka_sys_140 
# -- Compiling module const_lambda_1_bb_B3
# 
# Top level modules:
# 	const_lambda_1_bb_B3
# End time: 16:50:39 on Aug 11,2026, Elapsed time: 0:00:00
# Errors: 0, Warnings: 0
# Questa Intel FPGA Edition-64 vlog 2025.1 Compiler 2025.01 Jan 18 2025
# Start time: 16:50:39 on Aug 11,2026
# vlog -sv "+incdir+mpsim/sim" "+define+COSIM_LIB" -suppress 2388 -suppress 14408 -suppress 7061 ip/kernel_system/kernel_system_fpgaclue_alpaka_sys/fpgaclue_alpaka_sys_140/sim/const_lambda_1_bb_B3_stall_region.sv -work fpgaclue_alpaka_sys_140 
# -- Compiling module const_lambda_1_bb_B3_stall_region
# 
# Top level modules:
# 	const_lambda_1_bb_B3_stall_region
# End time: 16:50:39 on Aug 11,2026, Elapsed time: 0:00:00
# Errors: 0, Warnings: 0
# Questa Intel FPGA Edition-64 vlog 2025.1 Compiler 2025.01 Jan 18 2025
# Start time: 16:50:39 on Aug 11,2026
# vlog -sv "+incdir+mpsim/sim" "+define+COSIM_LIB" -suppress 2388 -suppress 14408 -suppress 7061 ip/kernel_system/kernel_system_fpgaclue_alpaka_sys/fpgaclue_alpaka_sys_140/sim/const_lambda_1_i_sfc_s_c0_in_for_cond_cl0000st_lambda_1_3017_3gr.sv -work fpgaclue_alpaka_sys_140 
# -- Compiling module const_lambda_1_i_sfc_s_c0_in_for_cond_cl0000st_lambda_1_3017_3gr
# 
# Top level modules:
# 	const_lambda_1_i_sfc_s_c0_in_for_cond_cl0000st_lambda_1_3017_3gr
# End time: 16:50:39 on Aug 11,2026, Elapsed time: 0:00:00
# Errors: 0, Warnings: 0
# Questa Intel FPGA Edition-64 vlog 2025.1 Compiler 2025.01 Jan 18 2025
# Start time: 16:50:39 on Aug 11,2026
# vlog -sv "+incdir+mpsim/sim" "+define+COSIM_LIB" -suppress 2388 -suppress 14408 -suppress 7061 ip/kernel_system/kernel_system_fpgaclue_alpaka_sys/fpgaclue_alpaka_sys_140/sim/const_lambda_1_i_llvm_fpga_sfc_exit_s_c00000st_lambda_1_3043_0gr.sv -work fpgaclue_alpaka_sys_140 
# -- Compiling module const_lambda_1_i_llvm_fpga_sfc_exit_s_c00000st_lambda_1_3043_0gr
# 
# Top level modules:
# 	const_lambda_1_i_llvm_fpga_sfc_exit_s_c00000st_lambda_1_3043_0gr
# End time: 16:50:39 on Aug 11,2026, Elapsed time: 0:00:00
# Errors: 0, Warnings: 0
# Questa Intel FPGA Edition-64 vlog 2025.1 Compiler 2025.01 Jan 18 2025
# Start time: 16:50:39 on Aug 11,2026
# vlog -sv "+incdir+mpsim/sim" "+define+COSIM_LIB" -suppress 2388 -suppress 14408 -suppress 7061 ip/kernel_system/kernel_system_fpgaclue_alpaka_sys/fpgaclue_alpaka_sys_140/sim/const_lambda_1_i_llvm_fpga_sfc_exit_s_c0000028_1gr_full_detector.sv -work fpgaclue_alpaka_sys_140 
# -- Compiling module const_lambda_1_i_llvm_fpga_sfc_exit_s_c0000028_1gr_full_detector
# 
# Top level modules:
# 	const_lambda_1_i_llvm_fpga_sfc_exit_s_c0000028_1gr_full_detector
# End time: 16:50:40 on Aug 11,2026, Elapsed time: 0:00:01
# Errors: 0, Warnings: 0
# Questa Intel FPGA Edition-64 vlog 2025.1 Compiler 2025.01 Jan 18 2025
# Start time: 16:50:40 on Aug 11,2026
# vlog -sv "+incdir+mpsim/sim" "+define+COSIM_LIB" -suppress 2388 -suppress 14408 -suppress 7061 ip/kernel_system/kernel_system_fpgaclue_alpaka_sys/fpgaclue_alpaka_sys_140/sim/const_lambda_1_i_llvm_fpga_sfc_exit_s_c000001_3043_1gr_data_fifo.sv -work fpgaclue_alpaka_sys_140 
# -- Compiling module const_lambda_1_i_llvm_fpga_sfc_exit_s_c000001_3043_1gr_data_fifo
# 
# Top level modules:
# 	const_lambda_1_i_llvm_fpga_sfc_exit_s_c000001_3043_1gr_data_fifo
# End time: 16:50:40 on Aug 11,2026, Elapsed time: 0:00:00
# Errors: 0, Warnings: 0
# Questa Intel FPGA Edition-64 vlog 2025.1 Compiler 2025.01 Jan 18 2025
# Start time: 16:50:40 on Aug 11,2026
# vlog -sv "+incdir+mpsim/sim" "+define+COSIM_LIB" -suppress 2388 -suppress 14408 -suppress 7061 ip/kernel_system/kernel_system_fpgaclue_alpaka_sys/fpgaclue_alpaka_sys_140/sim/const_lambda_1_i_sfc_logic_s_c0_in_for_c0000st_lambda_1_3028_0gr.sv -work fpgaclue_alpaka_sys_140 
# -- Compiling module const_lambda_1_i_sfc_logic_s_c0_in_for_c0000st_lambda_1_3028_0gr
# 
# Top level modules:
# 	const_lambda_1_i_sfc_logic_s_c0_in_for_c0000st_lambda_1_3028_0gr
# End time: 16:50:40 on Aug 11,2026, Elapsed time: 0:00:00
# Errors: 0, Warnings: 0
# Questa Intel FPGA Edition-64 vlog 2025.1 Compiler 2025.01 Jan 18 2025
# Start time: 16:50:40 on Aug 11,2026
# vlog -sv "+incdir+mpsim/sim" "+define+COSIM_LIB" -suppress 2388 -suppress 14408 -suppress 7061 ip/kernel_system/kernel_system_fpgaclue_alpaka_sys/fpgaclue_alpaka_sys_140/sim/const_lambda_1_B3_branch.sv -work fpgaclue_alpaka_sys_140 
# -- Compiling module const_lambda_1_B3_branch
# 
# Top level modules:
# 	const_lambda_1_B3_branch
# End time: 16:50:40 on Aug 11,2026, Elapsed time: 0:00:00
# Errors: 0, Warnings: 0
# Questa Intel FPGA Edition-64 vlog 2025.1 Compiler 2025.01 Jan 18 2025
# Start time: 16:50:40 on Aug 11,2026
# vlog -sv "+incdir+mpsim/sim" "+define+COSIM_LIB" -suppress 2388 -suppress 14408 -suppress 7061 ip/kernel_system/kernel_system_fpgaclue_alpaka_sys/fpgaclue_alpaka_sys_140/sim/const_lambda_1_B3_merge.sv -work fpgaclue_alpaka_sys_140 
# -- Compiling module const_lambda_1_B3_merge
# 
# Top level modules:
# 	const_lambda_1_B3_merge
# End time: 16:50:40 on Aug 11,2026, Elapsed time: 0:00:00
# Errors: 0, Warnings: 0
# Questa Intel FPGA Edition-64 vlog 2025.1 Compiler 2025.01 Jan 18 2025
# Start time: 16:50:40 on Aug 11,2026
# vlog -sv "+incdir+mpsim/sim" "+define+COSIM_LIB" -suppress 2388 -suppress 14408 -suppress 7061 ip/kernel_system/kernel_system_fpgaclue_alpaka_sys/fpgaclue_alpaka_sys_140/sim/const_lambda_1_bb_B3_sr_0.sv -work fpgaclue_alpaka_sys_140 
# -- Compiling module const_lambda_1_bb_B3_sr_0
# 
# Top level modules:
# 	const_lambda_1_bb_B3_sr_0
# End time: 16:50:40 on Aug 11,2026, Elapsed time: 0:00:00
# Errors: 0, Warnings: 0
# Questa Intel FPGA Edition-64 vlog 2025.1 Compiler 2025.01 Jan 18 2025
# Start time: 16:50:40 on Aug 11,2026
# vlog -sv "+incdir+mpsim/sim" "+define+COSIM_LIB" -suppress 2388 -suppress 14408 -suppress 7061 ip/kernel_system/kernel_system_fpgaclue_alpaka_sys/fpgaclue_alpaka_sys_140/sim/const_lambda_1_bb_B4_sr_0.sv -work fpgaclue_alpaka_sys_140 
# -- Compiling module const_lambda_1_bb_B4_sr_0
# 
# Top level modules:
# 	const_lambda_1_bb_B4_sr_0
# End time: 16:50:40 on Aug 11,2026, Elapsed time: 0:00:00
# Errors: 0, Warnings: 0
# Questa Intel FPGA Edition-64 vlog 2025.1 Compiler 2025.01 Jan 18 2025
# Start time: 16:50:40 on Aug 11,2026
# vlog -sv "+incdir+mpsim/sim" "+define+COSIM_LIB" -suppress 2388 -suppress 14408 -suppress 7061 ip/kernel_system/kernel_system_fpgaclue_alpaka_sys/fpgaclue_alpaka_sys_140/sim/const_lambda_1_function_cra_agent.sv -work fpgaclue_alpaka_sys_140 
# -- Compiling module const_lambda_1_function_cra_agent
# 
# Top level modules:
# 	const_lambda_1_function_cra_agent
# End time: 16:50:40 on Aug 11,2026, Elapsed time: 0:00:00
# Errors: 0, Warnings: 0
# Questa Intel FPGA Edition-64 vlog 2025.1 Compiler 2025.01 Jan 18 2025
# Start time: 16:50:40 on Aug 11,2026
# vlog -sv "+incdir+mpsim/sim" "+define+COSIM_LIB" -suppress 2388 -suppress 14408 -suppress 7061 ip/kernel_system/kernel_system_fpgaclue_alpaka_sys/fpgaclue_alpaka_sys_140/sim/const_lambda_function_wrapper.sv -work fpgaclue_alpaka_sys_140 
# -- Compiling module const_lambda_function_wrapper
# 
# Top level modules:
# 	const_lambda_function_wrapper
# End time: 16:50:40 on Aug 11,2026, Elapsed time: 0:00:00
# Errors: 0, Warnings: 0
# Questa Intel FPGA Edition-64 vlog 2025.1 Compiler 2025.01 Jan 18 2025
# Start time: 16:50:40 on Aug 11,2026
# vlog -sv "+incdir+mpsim/sim" "+define+COSIM_LIB" -suppress 2388 -suppress 14408 -suppress 7061 ip/kernel_system/kernel_system_fpgaclue_alpaka_sys/fpgaclue_alpaka_sys_140/sim/const_lambda_function.sv -work fpgaclue_alpaka_sys_140 
# -- Compiling module const_lambda_function
# 
# Top level modules:
# 	const_lambda_function
# End time: 16:50:40 on Aug 11,2026, Elapsed time: 0:00:00
# Errors: 0, Warnings: 0
# Questa Intel FPGA Edition-64 vlog 2025.1 Compiler 2025.01 Jan 18 2025
# Start time: 16:50:40 on Aug 11,2026
# vlog -sv "+incdir+mpsim/sim" "+define+COSIM_LIB" -suppress 2388 -suppress 14408 -suppress 7061 ip/kernel_system/kernel_system_fpgaclue_alpaka_sys/fpgaclue_alpaka_sys_140/sim/const_lambda_bb_B1.sv -work fpgaclue_alpaka_sys_140 
# -- Compiling module const_lambda_bb_B1
# 
# Top level modules:
# 	const_lambda_bb_B1
# End time: 16:50:40 on Aug 11,2026, Elapsed time: 0:00:00
# Errors: 0, Warnings: 0
# Questa Intel FPGA Edition-64 vlog 2025.1 Compiler 2025.01 Jan 18 2025
# Start time: 16:50:40 on Aug 11,2026
# vlog -sv "+incdir+mpsim/sim" "+define+COSIM_LIB" -suppress 2388 -suppress 14408 -suppress 7061 ip/kernel_system/kernel_system_fpgaclue_alpaka_sys/fpgaclue_alpaka_sys_140/sim/const_lambda_bb_B1_stall_region.sv -work fpgaclue_alpaka_sys_140 
# -- Compiling module const_lambda_bb_B1_stall_region
# 
# Top level modules:
# 	const_lambda_bb_B1_stall_region
# End time: 16:50:40 on Aug 11,2026, Elapsed time: 0:00:00
# Errors: 0, Warnings: 0
# Questa Intel FPGA Edition-64 vlog 2025.1 Compiler 2025.01 Jan 18 2025
# Start time: 16:50:40 on Aug 11,2026
# vlog -sv "+incdir+mpsim/sim" "+define+COSIM_LIB" -suppress 2388 -suppress 14408 -suppress 7061 ip/kernel_system/kernel_system_fpgaclue_alpaka_sys/fpgaclue_alpaka_sys_140/sim/const_lambda_B1_branch.sv -work fpgaclue_alpaka_sys_140 
# -- Compiling module const_lambda_B1_branch
# 
# Top level modules:
# 	const_lambda_B1_branch
# End time: 16:50:40 on Aug 11,2026, Elapsed time: 0:00:00
# Errors: 0, Warnings: 0
# Questa Intel FPGA Edition-64 vlog 2025.1 Compiler 2025.01 Jan 18 2025
# Start time: 16:50:40 on Aug 11,2026
# vlog -sv "+incdir+mpsim/sim" "+define+COSIM_LIB" -suppress 2388 -suppress 14408 -suppress 7061 ip/kernel_system/kernel_system_fpgaclue_alpaka_sys/fpgaclue_alpaka_sys_140/sim/const_lambda_B1_merge.sv -work fpgaclue_alpaka_sys_140 
# -- Compiling module const_lambda_B1_merge
# 
# Top level modules:
# 	const_lambda_B1_merge
# End time: 16:50:40 on Aug 11,2026, Elapsed time: 0:00:00
# Errors: 0, Warnings: 0
# Questa Intel FPGA Edition-64 vlog 2025.1 Compiler 2025.01 Jan 18 2025
# Start time: 16:50:40 on Aug 11,2026
# vlog -sv "+incdir+mpsim/sim" "+define+COSIM_LIB" -suppress 2388 -suppress 14408 -suppress 7061 ip/kernel_system/kernel_system_fpgaclue_alpaka_sys/fpgaclue_alpaka_sys_140/sim/const_lambda_bb_B3.sv -work fpgaclue_alpaka_sys_140 
# -- Compiling module const_lambda_bb_B3
# 
# Top level modules:
# 	const_lambda_bb_B3
# End time: 16:50:41 on Aug 11,2026, Elapsed time: 0:00:01
# Errors: 0, Warnings: 0
# Questa Intel FPGA Edition-64 vlog 2025.1 Compiler 2025.01 Jan 18 2025
# Start time: 16:50:41 on Aug 11,2026
# vlog -sv "+incdir+mpsim/sim" "+define+COSIM_LIB" -suppress 2388 -suppress 14408 -suppress 7061 ip/kernel_system/kernel_system_fpgaclue_alpaka_sys/fpgaclue_alpaka_sys_140/sim/const_lambda_bb_B3_stall_region.sv -work fpgaclue_alpaka_sys_140 
# -- Compiling module const_lambda_bb_B3_stall_region
# 
# Top level modules:
# 	const_lambda_bb_B3_stall_region
# End time: 16:50:41 on Aug 11,2026, Elapsed time: 0:00:00
# Errors: 0, Warnings: 0
# Questa Intel FPGA Edition-64 vlog 2025.1 Compiler 2025.01 Jan 18 2025
# Start time: 16:50:41 on Aug 11,2026
# vlog -sv "+incdir+mpsim/sim" "+define+COSIM_LIB" -suppress 2388 -suppress 14408 -suppress 7061 ip/kernel_system/kernel_system_fpgaclue_alpaka_sys/fpgaclue_alpaka_sys_140/sim/const_lambda_i_llvm_fpga_mem_unnamed_12_const_lambda_811_0gr.sv -work fpgaclue_alpaka_sys_140 
# -- Compiling module const_lambda_i_llvm_fpga_mem_unnamed_12_const_lambda_811_0gr
# 
# Top level modules:
# 	const_lambda_i_llvm_fpga_mem_unnamed_12_const_lambda_811_0gr
# End time: 16:50:41 on Aug 11,2026, Elapsed time: 0:00:00
# Errors: 0, Warnings: 0
# Questa Intel FPGA Edition-64 vlog 2025.1 Compiler 2025.01 Jan 18 2025
# Start time: 16:50:41 on Aug 11,2026
# vlog -sv "+incdir+mpsim/sim" "+define+COSIM_LIB" -suppress 2388 -suppress 14408 -suppress 7061 ip/kernel_system/kernel_system_fpgaclue_alpaka_sys/fpgaclue_alpaka_sys_140/sim/const_lambda_B3_merge_reg.sv -work fpgaclue_alpaka_sys_140 
# -- Compiling module const_lambda_B3_merge_reg
# 
# Top level modules:
# 	const_lambda_B3_merge_reg
# End time: 16:50:41 on Aug 11,2026, Elapsed time: 0:00:00
# Errors: 0, Warnings: 0
# Questa Intel FPGA Edition-64 vlog 2025.1 Compiler 2025.01 Jan 18 2025
# Start time: 16:50:41 on Aug 11,2026
# vlog -sv "+incdir+mpsim/sim" "+define+COSIM_LIB" -suppress 2388 -suppress 14408 -suppress 7061 ip/kernel_system/kernel_system_fpgaclue_alpaka_sys/fpgaclue_alpaka_sys_140/sim/const_lambda_i_sfc_s_c0_in_for_cond23_i_0000const_lambda_724_1gr.sv -work fpgaclue_alpaka_sys_140 
# -- Compiling module const_lambda_i_sfc_s_c0_in_for_cond23_i_0000const_lambda_724_1gr
# 
# Top level modules:
# 	const_lambda_i_sfc_s_c0_in_for_cond23_i_0000const_lambda_724_1gr
# End time: 16:50:41 on Aug 11,2026, Elapsed time: 0:00:00
# Errors: 0, Warnings: 0
# Questa Intel FPGA Edition-64 vlog 2025.1 Compiler 2025.01 Jan 18 2025
# Start time: 16:50:41 on Aug 11,2026
# vlog -sv "+incdir+mpsim/sim" "+define+COSIM_LIB" -suppress 2388 -suppress 14408 -suppress 7061 ip/kernel_system/kernel_system_fpgaclue_alpaka_sys/fpgaclue_alpaka_sys_140/sim/const_lambda_i_llvm_fpga_sfc_exit_s_c0_o0000const_lambda_803_0gr.sv -work fpgaclue_alpaka_sys_140 
# -- Compiling module const_lambda_i_llvm_fpga_sfc_exit_s_c0_o0000const_lambda_803_0gr
# 
# Top level modules:
# 	const_lambda_i_llvm_fpga_sfc_exit_s_c0_o0000const_lambda_803_0gr
# End time: 16:50:41 on Aug 11,2026, Elapsed time: 0:00:00
# Errors: 0, Warnings: 0
# Questa Intel FPGA Edition-64 vlog 2025.1 Compiler 2025.01 Jan 18 2025
# Start time: 16:50:41 on Aug 11,2026
# vlog -sv "+incdir+mpsim/sim" "+define+COSIM_LIB" -suppress 2388 -suppress 14408 -suppress 7061 ip/kernel_system/kernel_system_fpgaclue_alpaka_sys/fpgaclue_alpaka_sys_140/sim/const_lambda_i_llvm_fpga_sfc_exit_s_c0_o000042_1gr_full_detector.sv -work fpgaclue_alpaka_sys_140 
# -- Compiling module const_lambda_i_llvm_fpga_sfc_exit_s_c0_o000042_1gr_full_detector
# 
# Top level modules:
# 	const_lambda_i_llvm_fpga_sfc_exit_s_c0_o000042_1gr_full_detector
# End time: 16:50:41 on Aug 11,2026, Elapsed time: 0:00:00
# Errors: 0, Warnings: 0
# Questa Intel FPGA Edition-64 vlog 2025.1 Compiler 2025.01 Jan 18 2025
# Start time: 16:50:41 on Aug 11,2026
# vlog -sv "+incdir+mpsim/sim" "+define+COSIM_LIB" -suppress 2388 -suppress 14408 -suppress 7061 ip/kernel_system/kernel_system_fpgaclue_alpaka_sys/fpgaclue_alpaka_sys_140/sim/const_lambda_i_llvm_fpga_sfc_exit_s_c0_o0000da_803_1gr_data_fifo.sv -work fpgaclue_alpaka_sys_140 
# -- Compiling module const_lambda_i_llvm_fpga_sfc_exit_s_c0_o0000da_803_1gr_data_fifo
# 
# Top level modules:
# 	const_lambda_i_llvm_fpga_sfc_exit_s_c0_o0000da_803_1gr_data_fifo
# End time: 16:50:41 on Aug 11,2026, Elapsed time: 0:00:00
# Errors: 0, Warnings: 0
# Questa Intel FPGA Edition-64 vlog 2025.1 Compiler 2025.01 Jan 18 2025
# Start time: 16:50:41 on Aug 11,2026
# vlog -sv "+incdir+mpsim/sim" "+define+COSIM_LIB" -suppress 2388 -suppress 14408 -suppress 7061 ip/kernel_system/kernel_system_fpgaclue_alpaka_sys/fpgaclue_alpaka_sys_140/sim/const_lambda_i_sfc_logic_s_c0_in_for_con0000const_lambda_742_0gr.sv -work fpgaclue_alpaka_sys_140 
# -- Compiling module const_lambda_i_sfc_logic_s_c0_in_for_con0000const_lambda_742_0gr
# 
# Top level modules:
# 	const_lambda_i_sfc_logic_s_c0_in_for_con0000const_lambda_742_0gr
# End time: 16:50:41 on Aug 11,2026, Elapsed time: 0:00:00
# Errors: 0, Warnings: 0
# Questa Intel FPGA Edition-64 vlog 2025.1 Compiler 2025.01 Jan 18 2025
# Start time: 16:50:41 on Aug 11,2026
# vlog -sv "+incdir+mpsim/sim" "+define+COSIM_LIB" -suppress 2388 -suppress 14408 -suppress 7061 ip/kernel_system/kernel_system_fpgaclue_alpaka_sys/fpgaclue_alpaka_sys_140/sim/const_lambda_B3_branch.sv -work fpgaclue_alpaka_sys_140 
# -- Compiling module const_lambda_B3_branch
# 
# Top level modules:
# 	const_lambda_B3_branch
# End time: 16:50:41 on Aug 11,2026, Elapsed time: 0:00:00
# Errors: 0, Warnings: 0
# Questa Intel FPGA Edition-64 vlog 2025.1 Compiler 2025.01 Jan 18 2025
# Start time: 16:50:41 on Aug 11,2026
# vlog -sv "+incdir+mpsim/sim" "+define+COSIM_LIB" -suppress 2388 -suppress 14408 -suppress 7061 ip/kernel_system/kernel_system_fpgaclue_alpaka_sys/fpgaclue_alpaka_sys_140/sim/const_lambda_B3_merge.sv -work fpgaclue_alpaka_sys_140 
# -- Compiling module const_lambda_B3_merge
# 
# Top level modules:
# 	const_lambda_B3_merge
# End time: 16:50:41 on Aug 11,2026, Elapsed time: 0:00:00
# Errors: 0, Warnings: 0
# Questa Intel FPGA Edition-64 vlog 2025.1 Compiler 2025.01 Jan 18 2025
# Start time: 16:50:41 on Aug 11,2026
# vlog -sv "+incdir+mpsim/sim" "+define+COSIM_LIB" -suppress 2388 -suppress 14408 -suppress 7061 ip/kernel_system/kernel_system_fpgaclue_alpaka_sys/fpgaclue_alpaka_sys_140/sim/const_lambda_bb_B4.sv -work fpgaclue_alpaka_sys_140 
# -- Compiling module const_lambda_bb_B4
# 
# Top level modules:
# 	const_lambda_bb_B4
# End time: 16:50:41 on Aug 11,2026, Elapsed time: 0:00:00
# Errors: 0, Warnings: 0
# Questa Intel FPGA Edition-64 vlog 2025.1 Compiler 2025.01 Jan 18 2025
# Start time: 16:50:41 on Aug 11,2026
# vlog -sv "+incdir+mpsim/sim" "+define+COSIM_LIB" -suppress 2388 -suppress 14408 -suppress 7061 ip/kernel_system/kernel_system_fpgaclue_alpaka_sys/fpgaclue_alpaka_sys_140/sim/const_lambda_bb_B4_stall_region.sv -work fpgaclue_alpaka_sys_140 
# -- Compiling module const_lambda_bb_B4_stall_region
# 
# Top level modules:
# 	const_lambda_bb_B4_stall_region
# End time: 16:50:41 on Aug 11,2026, Elapsed time: 0:00:00
# Errors: 0, Warnings: 0
# Questa Intel FPGA Edition-64 vlog 2025.1 Compiler 2025.01 Jan 18 2025
# Start time: 16:50:41 on Aug 11,2026
# vlog -sv "+incdir+mpsim/sim" "+define+COSIM_LIB" -suppress 2388 -suppress 14408 -suppress 7061 ip/kernel_system/kernel_system_fpgaclue_alpaka_sys/fpgaclue_alpaka_sys_140/sim/const_lambda_B4_branch.sv -work fpgaclue_alpaka_sys_140 
# -- Compiling module const_lambda_B4_branch
# 
# Top level modules:
# 	const_lambda_B4_branch
# End time: 16:50:41 on Aug 11,2026, Elapsed time: 0:00:00
# Errors: 0, Warnings: 0
# Questa Intel FPGA Edition-64 vlog 2025.1 Compiler 2025.01 Jan 18 2025
# Start time: 16:50:41 on Aug 11,2026
# vlog -sv "+incdir+mpsim/sim" "+define+COSIM_LIB" -suppress 2388 -suppress 14408 -suppress 7061 ip/kernel_system/kernel_system_fpgaclue_alpaka_sys/fpgaclue_alpaka_sys_140/sim/const_lambda_B4_merge.sv -work fpgaclue_alpaka_sys_140 
# -- Compiling module const_lambda_B4_merge
# 
# Top level modules:
# 	const_lambda_B4_merge
# End time: 16:50:41 on Aug 11,2026, Elapsed time: 0:00:00
# Errors: 0, Warnings: 0
# Questa Intel FPGA Edition-64 vlog 2025.1 Compiler 2025.01 Jan 18 2025
# Start time: 16:50:41 on Aug 11,2026
# vlog -sv "+incdir+mpsim/sim" "+define+COSIM_LIB" -suppress 2388 -suppress 14408 -suppress 7061 ip/kernel_system/kernel_system_fpgaclue_alpaka_sys/fpgaclue_alpaka_sys_140/sim/const_lambda_loop_limiter_0.sv -work fpgaclue_alpaka_sys_140 
# -- Compiling module const_lambda_loop_limiter_0
# 
# Top level modules:
# 	const_lambda_loop_limiter_0
# End time: 16:50:42 on Aug 11,2026, Elapsed time: 0:00:01
# Errors: 0, Warnings: 0
# Questa Intel FPGA Edition-64 vlog 2025.1 Compiler 2025.01 Jan 18 2025
# Start time: 16:50:42 on Aug 11,2026
# vlog -sv "+incdir+mpsim/sim" "+define+COSIM_LIB" -suppress 2388 -suppress 14408 -suppress 7061 ip/kernel_system/kernel_system_fpgaclue_alpaka_sys/fpgaclue_alpaka_sys_140/sim/const_lambda_loop_limiter_1.sv -work fpgaclue_alpaka_sys_140 
# -- Compiling module const_lambda_loop_limiter_1
# 
# Top level modules:
# 	const_lambda_loop_limiter_1
# End time: 16:50:42 on Aug 11,2026, Elapsed time: 0:00:00
# Errors: 0, Warnings: 0
# Questa Intel FPGA Edition-64 vlog 2025.1 Compiler 2025.01 Jan 18 2025
# Start time: 16:50:42 on Aug 11,2026
# vlog -sv "+incdir+mpsim/sim" "+define+COSIM_LIB" -suppress 2388 -suppress 14408 -suppress 7061 ip/kernel_system/kernel_system_fpgaclue_alpaka_sys/fpgaclue_alpaka_sys_140/sim/const_lambda_bb_B0.sv -work fpgaclue_alpaka_sys_140 
# -- Compiling module const_lambda_bb_B0
# 
# Top level modules:
# 	const_lambda_bb_B0
# End time: 16:50:42 on Aug 11,2026, Elapsed time: 0:00:00
# Errors: 0, Warnings: 0
# Questa Intel FPGA Edition-64 vlog 2025.1 Compiler 2025.01 Jan 18 2025
# Start time: 16:50:42 on Aug 11,2026
# vlog -sv "+incdir+mpsim/sim" "+define+COSIM_LIB" -suppress 2388 -suppress 14408 -suppress 7061 ip/kernel_system/kernel_system_fpgaclue_alpaka_sys/fpgaclue_alpaka_sys_140/sim/const_lambda_bb_B0_stall_region.sv -work fpgaclue_alpaka_sys_140 
# -- Compiling module const_lambda_bb_B0_stall_region
# 
# Top level modules:
# 	const_lambda_bb_B0_stall_region
# End time: 16:50:42 on Aug 11,2026, Elapsed time: 0:00:00
# Errors: 0, Warnings: 0
# Questa Intel FPGA Edition-64 vlog 2025.1 Compiler 2025.01 Jan 18 2025
# Start time: 16:50:42 on Aug 11,2026
# vlog -sv "+incdir+mpsim/sim" "+define+COSIM_LIB" -suppress 2388 -suppress 14408 -suppress 7061 ip/kernel_system/kernel_system_fpgaclue_alpaka_sys/fpgaclue_alpaka_sys_140/sim/const_lambda_B0_merge_reg.sv -work fpgaclue_alpaka_sys_140 
# -- Compiling module const_lambda_B0_merge_reg
# 
# Top level modules:
# 	const_lambda_B0_merge_reg
# End time: 16:50:42 on Aug 11,2026, Elapsed time: 0:00:00
# Errors: 0, Warnings: 0
# Questa Intel FPGA Edition-64 vlog 2025.1 Compiler 2025.01 Jan 18 2025
# Start time: 16:50:42 on Aug 11,2026
# vlog -sv "+incdir+mpsim/sim" "+define+COSIM_LIB" -suppress 2388 -suppress 14408 -suppress 7061 ip/kernel_system/kernel_system_fpgaclue_alpaka_sys/fpgaclue_alpaka_sys_140/sim/const_lambda_i_sfc_s_c0_in_entry_s_c0_enter_const_lambda_35_0gr.sv -work fpgaclue_alpaka_sys_140 
# -- Compiling module const_lambda_i_sfc_s_c0_in_entry_s_c0_enter_const_lambda_35_0gr
# 
# Top level modules:
# 	const_lambda_i_sfc_s_c0_in_entry_s_c0_enter_const_lambda_35_0gr
# End time: 16:50:42 on Aug 11,2026, Elapsed time: 0:00:00
# Errors: 0, Warnings: 0
# Questa Intel FPGA Edition-64 vlog 2025.1 Compiler 2025.01 Jan 18 2025
# Start time: 16:50:42 on Aug 11,2026
# vlog -sv "+incdir+mpsim/sim" "+define+COSIM_LIB" -suppress 2388 -suppress 14408 -suppress 7061 ip/kernel_system/kernel_system_fpgaclue_alpaka_sys/fpgaclue_alpaka_sys_140/sim/const_lambda_i_llvm_fpga_sfc_exit_s_c0_o0000const_lambda_143_0gr.sv -work fpgaclue_alpaka_sys_140 
# -- Compiling module const_lambda_i_llvm_fpga_sfc_exit_s_c0_o0000const_lambda_143_0gr
# 
# Top level modules:
# 	const_lambda_i_llvm_fpga_sfc_exit_s_c0_o0000const_lambda_143_0gr
# End time: 16:50:42 on Aug 11,2026, Elapsed time: 0:00:00
# Errors: 0, Warnings: 0
# Questa Intel FPGA Edition-64 vlog 2025.1 Compiler 2025.01 Jan 18 2025
# Start time: 16:50:42 on Aug 11,2026
# vlog -sv "+incdir+mpsim/sim" "+define+COSIM_LIB" -suppress 2388 -suppress 14408 -suppress 7061 ip/kernel_system/kernel_system_fpgaclue_alpaka_sys/fpgaclue_alpaka_sys_140/sim/const_lambda_i_llvm_fpga_sfc_exit_s_c0_o000050_1gr_full_detector.sv -work fpgaclue_alpaka_sys_140 
# -- Compiling module const_lambda_i_llvm_fpga_sfc_exit_s_c0_o000050_1gr_full_detector
# 
# Top level modules:
# 	const_lambda_i_llvm_fpga_sfc_exit_s_c0_o000050_1gr_full_detector
# End time: 16:50:42 on Aug 11,2026, Elapsed time: 0:00:00
# Errors: 0, Warnings: 0
# Questa Intel FPGA Edition-64 vlog 2025.1 Compiler 2025.01 Jan 18 2025
# Start time: 16:50:42 on Aug 11,2026
# vlog -sv "+incdir+mpsim/sim" "+define+COSIM_LIB" -suppress 2388 -suppress 14408 -suppress 7061 ip/kernel_system/kernel_system_fpgaclue_alpaka_sys/fpgaclue_alpaka_sys_140/sim/const_lambda_i_llvm_fpga_sfc_exit_s_c0_o0000da_143_1gr_data_fifo.sv -work fpgaclue_alpaka_sys_140 
# -- Compiling module const_lambda_i_llvm_fpga_sfc_exit_s_c0_o0000da_143_1gr_data_fifo
# 
# Top level modules:
# 	const_lambda_i_llvm_fpga_sfc_exit_s_c0_o0000da_143_1gr_data_fifo
# End time: 16:50:42 on Aug 11,2026, Elapsed time: 0:00:00
# Errors: 0, Warnings: 0
# Questa Intel FPGA Edition-64 vlog 2025.1 Compiler 2025.01 Jan 18 2025
# Start time: 16:50:42 on Aug 11,2026
# vlog -sv "+incdir+mpsim/sim" "+define+COSIM_LIB" -suppress 2388 -suppress 14408 -suppress 7061 ip/kernel_system/kernel_system_fpgaclue_alpaka_sys/fpgaclue_alpaka_sys_140/sim/const_lambda_i_sfc_logic_s_c0_in_entry_s0000_const_lambda_50_0gr.sv -work fpgaclue_alpaka_sys_140 
# -- Compiling module const_lambda_i_sfc_logic_s_c0_in_entry_s0000_const_lambda_50_0gr
# 
# Top level modules:
# 	const_lambda_i_sfc_logic_s_c0_in_entry_s0000_const_lambda_50_0gr
# End time: 16:50:42 on Aug 11,2026, Elapsed time: 0:00:00
# Errors: 0, Warnings: 0
# Questa Intel FPGA Edition-64 vlog 2025.1 Compiler 2025.01 Jan 18 2025
# Start time: 16:50:42 on Aug 11,2026
# vlog -sv "+incdir+mpsim/sim" "+define+COSIM_LIB" -suppress 2388 -suppress 14408 -suppress 7061 ip/kernel_system/kernel_system_fpgaclue_alpaka_sys/fpgaclue_alpaka_sys_140/sim/const_lambda_i_llvm_fpga_sync_buffer_s_c0000c_sync_buffer_57_0gr.sv -work fpgaclue_alpaka_sys_140 
# -- Compiling module const_lambda_i_llvm_fpga_sync_buffer_s_c0000c_sync_buffer_57_0gr
# 
# Top level modules:
# 	const_lambda_i_llvm_fpga_sync_buffer_s_c0000c_sync_buffer_57_0gr
# End time: 16:50:42 on Aug 11,2026, Elapsed time: 0:00:00
# Errors: 0, Warnings: 0
# Questa Intel FPGA Edition-64 vlog 2025.1 Compiler 2025.01 Jan 18 2025
# Start time: 16:50:42 on Aug 11,2026
# vlog -sv "+incdir+mpsim/sim" "+define+COSIM_LIB" -suppress 2388 -suppress 14408 -suppress 7061 ip/kernel_system/kernel_system_fpgaclue_alpaka_sys/fpgaclue_alpaka_sys_140/sim/const_lambda_i_llvm_fpga_sync_buffer_s_c0000_sync_buffer_105_0gr.sv -work fpgaclue_alpaka_sys_140 
# -- Compiling module const_lambda_i_llvm_fpga_sync_buffer_s_c0000_sync_buffer_105_0gr
# 
# Top level modules:
# 	const_lambda_i_llvm_fpga_sync_buffer_s_c0000_sync_buffer_105_0gr
# End time: 16:50:42 on Aug 11,2026, Elapsed time: 0:00:00
# Errors: 0, Warnings: 0
# Questa Intel FPGA Edition-64 vlog 2025.1 Compiler 2025.01 Jan 18 2025
# Start time: 16:50:42 on Aug 11,2026
# vlog -sv "+incdir+mpsim/sim" "+define+COSIM_LIB" -suppress 2388 -suppress 14408 -suppress 7061 ip/kernel_system/kernel_system_fpgaclue_alpaka_sys/fpgaclue_alpaka_sys_140/sim/const_lambda_B0_branch.sv -work fpgaclue_alpaka_sys_140 
# -- Compiling module const_lambda_B0_branch
# 
# Top level modules:
# 	const_lambda_B0_branch
# End time: 16:50:42 on Aug 11,2026, Elapsed time: 0:00:00
# Errors: 0, Warnings: 0
# Questa Intel FPGA Edition-64 vlog 2025.1 Compiler 2025.01 Jan 18 2025
# Start time: 16:50:42 on Aug 11,2026
# vlog -sv "+incdir+mpsim/sim" "+define+COSIM_LIB" -suppress 2388 -suppress 14408 -suppress 7061 ip/kernel_system/kernel_system_fpgaclue_alpaka_sys/fpgaclue_alpaka_sys_140/sim/const_lambda_B0_merge.sv -work fpgaclue_alpaka_sys_140 
# -- Compiling module const_lambda_B0_merge
# 
# Top level modules:
# 	const_lambda_B0_merge
# End time: 16:50:42 on Aug 11,2026, Elapsed time: 0:00:00
# Errors: 0, Warnings: 0
# Questa Intel FPGA Edition-64 vlog 2025.1 Compiler 2025.01 Jan 18 2025
# Start time: 16:50:42 on Aug 11,2026
# vlog -sv "+incdir+mpsim/sim" "+define+COSIM_LIB" -suppress 2388 -suppress 14408 -suppress 7061 ip/kernel_system/kernel_system_fpgaclue_alpaka_sys/fpgaclue_alpaka_sys_140/sim/const_lambda_bb_B1_sr_0.sv -work fpgaclue_alpaka_sys_140 
# -- Compiling module const_lambda_bb_B1_sr_0
# 
# Top level modules:
# 	const_lambda_bb_B1_sr_0
# End time: 16:50:42 on Aug 11,2026, Elapsed time: 0:00:00
# Errors: 0, Warnings: 0
# Questa Intel FPGA Edition-64 vlog 2025.1 Compiler 2025.01 Jan 18 2025
# Start time: 16:50:42 on Aug 11,2026
# vlog -sv "+incdir+mpsim/sim" "+define+COSIM_LIB" -suppress 2388 -suppress 14408 -suppress 7061 ip/kernel_system/kernel_system_fpgaclue_alpaka_sys/fpgaclue_alpaka_sys_140/sim/const_lambda_bb_B2.sv -work fpgaclue_alpaka_sys_140 
# -- Compiling module const_lambda_bb_B2
# 
# Top level modules:
# 	const_lambda_bb_B2
# End time: 16:50:43 on Aug 11,2026, Elapsed time: 0:00:01
# Errors: 0, Warnings: 0
# Questa Intel FPGA Edition-64 vlog 2025.1 Compiler 2025.01 Jan 18 2025
# Start time: 16:50:43 on Aug 11,2026
# vlog -sv "+incdir+mpsim/sim" "+define+COSIM_LIB" -suppress 2388 -suppress 14408 -suppress 7061 ip/kernel_system/kernel_system_fpgaclue_alpaka_sys/fpgaclue_alpaka_sys_140/sim/const_lambda_bb_B2_stall_region.sv -work fpgaclue_alpaka_sys_140 
# -- Compiling module const_lambda_bb_B2_stall_region
# 
# Top level modules:
# 	const_lambda_bb_B2_stall_region
# End time: 16:50:43 on Aug 11,2026, Elapsed time: 0:00:00
# Errors: 0, Warnings: 0
# Questa Intel FPGA Edition-64 vlog 2025.1 Compiler 2025.01 Jan 18 2025
# Start time: 16:50:43 on Aug 11,2026
# vlog -sv "+incdir+mpsim/sim" "+define+COSIM_LIB" -suppress 2388 -suppress 14408 -suppress 7061 ip/kernel_system/kernel_system_fpgaclue_alpaka_sys/fpgaclue_alpaka_sys_140/sim/const_lambda_i_llvm_fpga_mem_unnamed_10_const_lambda_677_0gr.sv -work fpgaclue_alpaka_sys_140 
# -- Compiling module const_lambda_i_llvm_fpga_mem_unnamed_10_const_lambda_677_0gr
# 
# Top level modules:
# 	const_lambda_i_llvm_fpga_mem_unnamed_10_const_lambda_677_0gr
# End time: 16:50:43 on Aug 11,2026, Elapsed time: 0:00:00
# Errors: 0, Warnings: 0
# Questa Intel FPGA Edition-64 vlog 2025.1 Compiler 2025.01 Jan 18 2025
# Start time: 16:50:43 on Aug 11,2026
# vlog -sv "+incdir+mpsim/sim" "+define+COSIM_LIB" -suppress 2388 -suppress 14408 -suppress 7061 ip/kernel_system/kernel_system_fpgaclue_alpaka_sys/fpgaclue_alpaka_sys_140/sim/const_lambda_i_llvm_fpga_mem_unnamed_2_const_lambda_451_0gr.sv -work fpgaclue_alpaka_sys_140 
# -- Compiling module const_lambda_i_llvm_fpga_mem_unnamed_2_const_lambda_451_0gr
# 
# Top level modules:
# 	const_lambda_i_llvm_fpga_mem_unnamed_2_const_lambda_451_0gr
# End time: 16:50:43 on Aug 11,2026, Elapsed time: 0:00:00
# Errors: 0, Warnings: 0
# Questa Intel FPGA Edition-64 vlog 2025.1 Compiler 2025.01 Jan 18 2025
# Start time: 16:50:43 on Aug 11,2026
# vlog -sv "+incdir+mpsim/sim" "+define+COSIM_LIB" -suppress 2388 -suppress 14408 -suppress 7061 ip/kernel_system/kernel_system_fpgaclue_alpaka_sys/fpgaclue_alpaka_sys_140/sim/const_lambda_readdata_reg_unnamed_2_const_lambda0.sv -work fpgaclue_alpaka_sys_140 
# -- Compiling module const_lambda_readdata_reg_unnamed_2_const_lambda0
# 
# Top level modules:
# 	const_lambda_readdata_reg_unnamed_2_const_lambda0
# End time: 16:50:43 on Aug 11,2026, Elapsed time: 0:00:00
# Errors: 0, Warnings: 0
# Questa Intel FPGA Edition-64 vlog 2025.1 Compiler 2025.01 Jan 18 2025
# Start time: 16:50:43 on Aug 11,2026
# vlog -sv "+incdir+mpsim/sim" "+define+COSIM_LIB" -suppress 2388 -suppress 14408 -suppress 7061 ip/kernel_system/kernel_system_fpgaclue_alpaka_sys/fpgaclue_alpaka_sys_140/sim/const_lambda_i_llvm_fpga_mem_unnamed_3_const_lambda_474_0gr.sv -work fpgaclue_alpaka_sys_140 
# -- Compiling module const_lambda_i_llvm_fpga_mem_unnamed_3_const_lambda_474_0gr
# 
# Top level modules:
# 	const_lambda_i_llvm_fpga_mem_unnamed_3_const_lambda_474_0gr
# End time: 16:50:43 on Aug 11,2026, Elapsed time: 0:00:00
# Errors: 0, Warnings: 0
# Questa Intel FPGA Edition-64 vlog 2025.1 Compiler 2025.01 Jan 18 2025
# Start time: 16:50:43 on Aug 11,2026
# vlog -sv "+incdir+mpsim/sim" "+define+COSIM_LIB" -suppress 2388 -suppress 14408 -suppress 7061 ip/kernel_system/kernel_system_fpgaclue_alpaka_sys/fpgaclue_alpaka_sys_140/sim/const_lambda_readdata_reg_unnamed_3_const_lambda1.sv -work fpgaclue_alpaka_sys_140 
# -- Compiling module const_lambda_readdata_reg_unnamed_3_const_lambda1
# 
# Top level modules:
# 	const_lambda_readdata_reg_unnamed_3_const_lambda1
# End time: 16:50:43 on Aug 11,2026, Elapsed time: 0:00:00
# Errors: 0, Warnings: 0
# Questa Intel FPGA Edition-64 vlog 2025.1 Compiler 2025.01 Jan 18 2025
# Start time: 16:50:43 on Aug 11,2026
# vlog -sv "+incdir+mpsim/sim" "+define+COSIM_LIB" -suppress 2388 -suppress 14408 -suppress 7061 ip/kernel_system/kernel_system_fpgaclue_alpaka_sys/fpgaclue_alpaka_sys_140/sim/const_lambda_i_llvm_fpga_mem_unnamed_4_const_lambda_497_0gr.sv -work fpgaclue_alpaka_sys_140 
# -- Compiling module const_lambda_i_llvm_fpga_mem_unnamed_4_const_lambda_497_0gr
# 
# Top level modules:
# 	const_lambda_i_llvm_fpga_mem_unnamed_4_const_lambda_497_0gr
# End time: 16:50:43 on Aug 11,2026, Elapsed time: 0:00:00
# Errors: 0, Warnings: 0
# Questa Intel FPGA Edition-64 vlog 2025.1 Compiler 2025.01 Jan 18 2025
# Start time: 16:50:43 on Aug 11,2026
# vlog -sv "+incdir+mpsim/sim" "+define+COSIM_LIB" -suppress 2388 -suppress 14408 -suppress 7061 ip/kernel_system/kernel_system_fpgaclue_alpaka_sys/fpgaclue_alpaka_sys_140/sim/const_lambda_readdata_reg_unnamed_4_const_lambda2.sv -work fpgaclue_alpaka_sys_140 
# -- Compiling module const_lambda_readdata_reg_unnamed_4_const_lambda2
# 
# Top level modules:
# 	const_lambda_readdata_reg_unnamed_4_const_lambda2
# End time: 16:50:43 on Aug 11,2026, Elapsed time: 0:00:00
# Errors: 0, Warnings: 0
# Questa Intel FPGA Edition-64 vlog 2025.1 Compiler 2025.01 Jan 18 2025
# Start time: 16:50:43 on Aug 11,2026
# vlog -sv "+incdir+mpsim/sim" "+define+COSIM_LIB" -suppress 2388 -suppress 14408 -suppress 7061 ip/kernel_system/kernel_system_fpgaclue_alpaka_sys/fpgaclue_alpaka_sys_140/sim/const_lambda_B2_merge_reg.sv -work fpgaclue_alpaka_sys_140 
# -- Compiling module const_lambda_B2_merge_reg
# 
# Top level modules:
# 	const_lambda_B2_merge_reg
# End time: 16:50:43 on Aug 11,2026, Elapsed time: 0:00:00
# Errors: 0, Warnings: 0
# Questa Intel FPGA Edition-64 vlog 2025.1 Compiler 2025.01 Jan 18 2025
# Start time: 16:50:43 on Aug 11,2026
# vlog -sv "+incdir+mpsim/sim" "+define+COSIM_LIB" -suppress 2388 -suppress 14408 -suppress 7061 ip/kernel_system/kernel_system_fpgaclue_alpaka_sys/fpgaclue_alpaka_sys_140/sim/const_lambda_i_sfc_s_c0_in_for_body_i_i_0000const_lambda_209_1gr.sv -work fpgaclue_alpaka_sys_140 
# -- Compiling module const_lambda_i_sfc_s_c0_in_for_body_i_i_0000const_lambda_209_1gr
# 
# Top level modules:
# 	const_lambda_i_sfc_s_c0_in_for_body_i_i_0000const_lambda_209_1gr
# End time: 16:50:43 on Aug 11,2026, Elapsed time: 0:00:00
# Errors: 0, Warnings: 0
# Questa Intel FPGA Edition-64 vlog 2025.1 Compiler 2025.01 Jan 18 2025
# Start time: 16:50:43 on Aug 11,2026
# vlog -sv "+incdir+mpsim/sim" "+define+COSIM_LIB" -suppress 2388 -suppress 14408 -suppress 7061 ip/kernel_system/kernel_system_fpgaclue_alpaka_sys/fpgaclue_alpaka_sys_140/sim/const_lambda_i_llvm_fpga_sfc_exit_s_c0_o0000const_lambda_416_0gr.sv -work fpgaclue_alpaka_sys_140 
# -- Compiling module const_lambda_i_llvm_fpga_sfc_exit_s_c0_o0000const_lambda_416_0gr
# 
# Top level modules:
# 	const_lambda_i_llvm_fpga_sfc_exit_s_c0_o0000const_lambda_416_0gr
# End time: 16:50:43 on Aug 11,2026, Elapsed time: 0:00:00
# Errors: 0, Warnings: 0
# Questa Intel FPGA Edition-64 vlog 2025.1 Compiler 2025.01 Jan 18 2025
# Start time: 16:50:43 on Aug 11,2026
# vlog -sv "+incdir+mpsim/sim" "+define+COSIM_LIB" -suppress 2388 -suppress 14408 -suppress 7061 ip/kernel_system/kernel_system_fpgaclue_alpaka_sys/fpgaclue_alpaka_sys_140/sim/const_lambda_i_llvm_fpga_sfc_exit_s_c0_o000027_1gr_full_detector.sv -work fpgaclue_alpaka_sys_140 
# -- Compiling module const_lambda_i_llvm_fpga_sfc_exit_s_c0_o000027_1gr_full_detector
# 
# Top level modules:
# 	const_lambda_i_llvm_fpga_sfc_exit_s_c0_o000027_1gr_full_detector
# End time: 16:50:43 on Aug 11,2026, Elapsed time: 0:00:00
# Errors: 0, Warnings: 0
# Questa Intel FPGA Edition-64 vlog 2025.1 Compiler 2025.01 Jan 18 2025
# Start time: 16:50:43 on Aug 11,2026
# vlog -sv "+incdir+mpsim/sim" "+define+COSIM_LIB" -suppress 2388 -suppress 14408 -suppress 7061 ip/kernel_system/kernel_system_fpgaclue_alpaka_sys/fpgaclue_alpaka_sys_140/sim/const_lambda_i_llvm_fpga_sfc_exit_s_c0_o0000da_416_1gr_data_fifo.sv -work fpgaclue_alpaka_sys_140 
# -- Compiling module const_lambda_i_llvm_fpga_sfc_exit_s_c0_o0000da_416_1gr_data_fifo
# 
# Top level modules:
# 	const_lambda_i_llvm_fpga_sfc_exit_s_c0_o0000da_416_1gr_data_fifo
# End time: 16:50:43 on Aug 11,2026, Elapsed time: 0:00:00
# Errors: 0, Warnings: 0
# Questa Intel FPGA Edition-64 vlog 2025.1 Compiler 2025.01 Jan 18 2025
# Start time: 16:50:43 on Aug 11,2026
# vlog -sv "+incdir+mpsim/sim" "+define+COSIM_LIB" -suppress 2388 -suppress 14408 -suppress 7061 ip/kernel_system/kernel_system_fpgaclue_alpaka_sys/fpgaclue_alpaka_sys_140/sim/const_lambda_i_sfc_logic_s_c0_in_for_bod0000const_lambda_227_0gr.sv -work fpgaclue_alpaka_sys_140 
# -- Compiling module const_lambda_i_sfc_logic_s_c0_in_for_bod0000const_lambda_227_0gr
# 
# Top level modules:
# 	const_lambda_i_sfc_logic_s_c0_in_for_bod0000const_lambda_227_0gr
# End time: 16:50:43 on Aug 11,2026, Elapsed time: 0:00:00
# Errors: 0, Warnings: 0
# Questa Intel FPGA Edition-64 vlog 2025.1 Compiler 2025.01 Jan 18 2025
# Start time: 16:50:43 on Aug 11,2026
# vlog -sv "+incdir+mpsim/sim" "+define+COSIM_LIB" -suppress 2388 -suppress 14408 -suppress 7061 ip/kernel_system/kernel_system_fpgaclue_alpaka_sys/fpgaclue_alpaka_sys_140/sim/const_lambda_i_llvm_fpga_sync_buffer_s_c0000sync_buffer5_237_0gr.sv -work fpgaclue_alpaka_sys_140 
# -- Compiling module const_lambda_i_llvm_fpga_sync_buffer_s_c0000sync_buffer5_237_0gr
# 
# Top level modules:
# 	const_lambda_i_llvm_fpga_sync_buffer_s_c0000sync_buffer5_237_0gr
# End time: 16:50:44 on Aug 11,2026, Elapsed time: 0:00:01
# Errors: 0, Warnings: 0
# Questa Intel FPGA Edition-64 vlog 2025.1 Compiler 2025.01 Jan 18 2025
# Start time: 16:50:44 on Aug 11,2026
# vlog -sv "+incdir+mpsim/sim" "+define+COSIM_LIB" -suppress 2388 -suppress 14408 -suppress 7061 ip/kernel_system/kernel_system_fpgaclue_alpaka_sys/fpgaclue_alpaka_sys_140/sim/const_lambda_i_llvm_fpga_sync_buffer_s_c0000sync_buffer6_355_0gr.sv -work fpgaclue_alpaka_sys_140 
# -- Compiling module const_lambda_i_llvm_fpga_sync_buffer_s_c0000sync_buffer6_355_0gr
# 
# Top level modules:
# 	const_lambda_i_llvm_fpga_sync_buffer_s_c0000sync_buffer6_355_0gr
# End time: 16:50:44 on Aug 11,2026, Elapsed time: 0:00:00
# Errors: 0, Warnings: 0
# Questa Intel FPGA Edition-64 vlog 2025.1 Compiler 2025.01 Jan 18 2025
# Start time: 16:50:44 on Aug 11,2026
# vlog -sv "+incdir+mpsim/sim" "+define+COSIM_LIB" -suppress 2388 -suppress 14408 -suppress 7061 ip/kernel_system/kernel_system_fpgaclue_alpaka_sys/fpgaclue_alpaka_sys_140/sim/const_lambda_i_llvm_fpga_sync_buffer_s_c0000sync_buffer7_296_0gr.sv -work fpgaclue_alpaka_sys_140 
# -- Compiling module const_lambda_i_llvm_fpga_sync_buffer_s_c0000sync_buffer7_296_0gr
# 
# Top level modules:
# 	const_lambda_i_llvm_fpga_sync_buffer_s_c0000sync_buffer7_296_0gr
# End time: 16:50:44 on Aug 11,2026, Elapsed time: 0:00:00
# Errors: 0, Warnings: 0
# Questa Intel FPGA Edition-64 vlog 2025.1 Compiler 2025.01 Jan 18 2025
# Start time: 16:50:44 on Aug 11,2026
# vlog -sv "+incdir+mpsim/sim" "+define+COSIM_LIB" -suppress 2388 -suppress 14408 -suppress 7061 ip/kernel_system/kernel_system_fpgaclue_alpaka_sys/fpgaclue_alpaka_sys_140/sim/const_lambda_i_sfc_s_c1_in_for_body_i_i_0000const_lambda_209_4gr.sv -work fpgaclue_alpaka_sys_140 
# -- Compiling module const_lambda_i_sfc_s_c1_in_for_body_i_i_0000const_lambda_209_4gr
# 
# Top level modules:
# 	const_lambda_i_sfc_s_c1_in_for_body_i_i_0000const_lambda_209_4gr
# End time: 16:50:44 on Aug 11,2026, Elapsed time: 0:00:00
# Errors: 0, Warnings: 0
# Questa Intel FPGA Edition-64 vlog 2025.1 Compiler 2025.01 Jan 18 2025
# Start time: 16:50:44 on Aug 11,2026
# vlog -sv "+incdir+mpsim/sim" "+define+COSIM_LIB" -suppress 2388 -suppress 14408 -suppress 7061 ip/kernel_system/kernel_system_fpgaclue_alpaka_sys/fpgaclue_alpaka_sys_140/sim/const_lambda_i_llvm_fpga_sfc_exit_s_c1_o0000const_lambda_443_0gr.sv -work fpgaclue_alpaka_sys_140 
# -- Compiling module const_lambda_i_llvm_fpga_sfc_exit_s_c1_o0000const_lambda_443_0gr
# 
# Top level modules:
# 	const_lambda_i_llvm_fpga_sfc_exit_s_c1_o0000const_lambda_443_0gr
# End time: 16:50:44 on Aug 11,2026, Elapsed time: 0:00:00
# Errors: 0, Warnings: 0
# Questa Intel FPGA Edition-64 vlog 2025.1 Compiler 2025.01 Jan 18 2025
# Start time: 16:50:44 on Aug 11,2026
# vlog -sv "+incdir+mpsim/sim" "+define+COSIM_LIB" -suppress 2388 -suppress 14408 -suppress 7061 ip/kernel_system/kernel_system_fpgaclue_alpaka_sys/fpgaclue_alpaka_sys_140/sim/const_lambda_i_llvm_fpga_sfc_exit_s_c1_o000029_1gr_full_detector.sv -work fpgaclue_alpaka_sys_140 
# -- Compiling module const_lambda_i_llvm_fpga_sfc_exit_s_c1_o000029_1gr_full_detector
# 
# Top level modules:
# 	const_lambda_i_llvm_fpga_sfc_exit_s_c1_o000029_1gr_full_detector
# End time: 16:50:44 on Aug 11,2026, Elapsed time: 0:00:00
# Errors: 0, Warnings: 0
# Questa Intel FPGA Edition-64 vlog 2025.1 Compiler 2025.01 Jan 18 2025
# Start time: 16:50:44 on Aug 11,2026
# vlog -sv "+incdir+mpsim/sim" "+define+COSIM_LIB" -suppress 2388 -suppress 14408 -suppress 7061 ip/kernel_system/kernel_system_fpgaclue_alpaka_sys/fpgaclue_alpaka_sys_140/sim/const_lambda_i_llvm_fpga_sfc_exit_s_c1_o0000da_443_1gr_data_fifo.sv -work fpgaclue_alpaka_sys_140 
# -- Compiling module const_lambda_i_llvm_fpga_sfc_exit_s_c1_o0000da_443_1gr_data_fifo
# 
# Top level modules:
# 	const_lambda_i_llvm_fpga_sfc_exit_s_c1_o0000da_443_1gr_data_fifo
# End time: 16:50:44 on Aug 11,2026, Elapsed time: 0:00:00
# Errors: 0, Warnings: 0
# Questa Intel FPGA Edition-64 vlog 2025.1 Compiler 2025.01 Jan 18 2025
# Start time: 16:50:44 on Aug 11,2026
# vlog -sv "+incdir+mpsim/sim" "+define+COSIM_LIB" -suppress 2388 -suppress 14408 -suppress 7061 ip/kernel_system/kernel_system_fpgaclue_alpaka_sys/fpgaclue_alpaka_sys_140/sim/const_lambda_i_sfc_logic_s_c1_in_for_bod0000const_lambda_429_0gr.sv -work fpgaclue_alpaka_sys_140 
# -- Compiling module const_lambda_i_sfc_logic_s_c1_in_for_bod0000const_lambda_429_0gr
# 
# Top level modules:
# 	const_lambda_i_sfc_logic_s_c1_in_for_bod0000const_lambda_429_0gr
# End time: 16:50:44 on Aug 11,2026, Elapsed time: 0:00:00
# Errors: 0, Warnings: 0
# Questa Intel FPGA Edition-64 vlog 2025.1 Compiler 2025.01 Jan 18 2025
# Start time: 16:50:44 on Aug 11,2026
# vlog -sv "+incdir+mpsim/sim" "+define+COSIM_LIB" -suppress 2388 -suppress 14408 -suppress 7061 ip/kernel_system/kernel_system_fpgaclue_alpaka_sys/fpgaclue_alpaka_sys_140/sim/const_lambda_i_sfc_s_c2_in_for_body_i_i_0000_const_lambda_209_10.sv -work fpgaclue_alpaka_sys_140 
# -- Compiling module const_lambda_i_sfc_s_c2_in_for_body_i_i_0000_const_lambda_209_10
# 
# Top level modules:
# 	const_lambda_i_sfc_s_c2_in_for_body_i_i_0000_const_lambda_209_10
# End time: 16:50:44 on Aug 11,2026, Elapsed time: 0:00:00
# Errors: 0, Warnings: 0
# Questa Intel FPGA Edition-64 vlog 2025.1 Compiler 2025.01 Jan 18 2025
# Start time: 16:50:44 on Aug 11,2026
# vlog -sv "+incdir+mpsim/sim" "+define+COSIM_LIB" -suppress 2388 -suppress 14408 -suppress 7061 ip/kernel_system/kernel_system_fpgaclue_alpaka_sys/fpgaclue_alpaka_sys_140/sim/const_lambda_i_llvm_fpga_sfc_exit_s_c2_o0000const_lambda_533_0gr.sv -work fpgaclue_alpaka_sys_140 
# -- Compiling module const_lambda_i_llvm_fpga_sfc_exit_s_c2_o0000const_lambda_533_0gr
# 
# Top level modules:
# 	const_lambda_i_llvm_fpga_sfc_exit_s_c2_o0000const_lambda_533_0gr
# End time: 16:50:44 on Aug 11,2026, Elapsed time: 0:00:00
# Errors: 0, Warnings: 0
# Questa Intel FPGA Edition-64 vlog 2025.1 Compiler 2025.01 Jan 18 2025
# Start time: 16:50:44 on Aug 11,2026
# vlog -sv "+incdir+mpsim/sim" "+define+COSIM_LIB" -suppress 2388 -suppress 14408 -suppress 7061 ip/kernel_system/kernel_system_fpgaclue_alpaka_sys/fpgaclue_alpaka_sys_140/sim/const_lambda_i_llvm_fpga_sfc_exit_s_c2_o000022_1gr_full_detector.sv -work fpgaclue_alpaka_sys_140 
# -- Compiling module const_lambda_i_llvm_fpga_sfc_exit_s_c2_o000022_1gr_full_detector
# 
# Top level modules:
# 	const_lambda_i_llvm_fpga_sfc_exit_s_c2_o000022_1gr_full_detector
# End time: 16:50:44 on Aug 11,2026, Elapsed time: 0:00:00
# Errors: 0, Warnings: 0
# Questa Intel FPGA Edition-64 vlog 2025.1 Compiler 2025.01 Jan 18 2025
# Start time: 16:50:44 on Aug 11,2026
# vlog -sv "+incdir+mpsim/sim" "+define+COSIM_LIB" -suppress 2388 -suppress 14408 -suppress 7061 ip/kernel_system/kernel_system_fpgaclue_alpaka_sys/fpgaclue_alpaka_sys_140/sim/const_lambda_i_llvm_fpga_sfc_exit_s_c2_o0000da_533_1gr_data_fifo.sv -work fpgaclue_alpaka_sys_140 
# -- Compiling module const_lambda_i_llvm_fpga_sfc_exit_s_c2_o0000da_533_1gr_data_fifo
# 
# Top level modules:
# 	const_lambda_i_llvm_fpga_sfc_exit_s_c2_o0000da_533_1gr_data_fifo
# End time: 16:50:44 on Aug 11,2026, Elapsed time: 0:00:00
# Errors: 0, Warnings: 0
# Questa Intel FPGA Edition-64 vlog 2025.1 Compiler 2025.01 Jan 18 2025
# Start time: 16:50:44 on Aug 11,2026
# vlog -sv "+incdir+mpsim/sim" "+define+COSIM_LIB" -suppress 2388 -suppress 14408 -suppress 7061 ip/kernel_system/kernel_system_fpgaclue_alpaka_sys/fpgaclue_alpaka_sys_140/sim/const_lambda_i_sfc_logic_s_c2_in_for_bod0000const_lambda_522_0gr.sv -work fpgaclue_alpaka_sys_140 
# -- Compiling module const_lambda_i_sfc_logic_s_c2_in_for_bod0000const_lambda_522_0gr
# 
# Top level modules:
# 	const_lambda_i_sfc_logic_s_c2_in_for_bod0000const_lambda_522_0gr
# End time: 16:50:44 on Aug 11,2026, Elapsed time: 0:00:00
# Errors: 0, Warnings: 0
# Questa Intel FPGA Edition-64 vlog 2025.1 Compiler 2025.01 Jan 18 2025
# Start time: 16:50:44 on Aug 11,2026
# vlog -sv "+incdir+mpsim/sim" "+define+COSIM_LIB" -suppress 2388 -suppress 14408 -suppress 7061 ip/kernel_system/kernel_system_fpgaclue_alpaka_sys/fpgaclue_alpaka_sys_140/sim/const_lambda_i_sfc_s_c3_in_for_body_i_i_0000_const_lambda_209_13.sv -work fpgaclue_alpaka_sys_140 
# -- Compiling module const_lambda_i_sfc_s_c3_in_for_body_i_i_0000_const_lambda_209_13
# 
# Top level modules:
# 	const_lambda_i_sfc_s_c3_in_for_body_i_i_0000_const_lambda_209_13
# End time: 16:50:44 on Aug 11,2026, Elapsed time: 0:00:00
# Errors: 0, Warnings: 0
# Questa Intel FPGA Edition-64 vlog 2025.1 Compiler 2025.01 Jan 18 2025
# Start time: 16:50:44 on Aug 11,2026
# vlog -sv "+incdir+mpsim/sim" "+define+COSIM_LIB" -suppress 2388 -suppress 14408 -suppress 7061 ip/kernel_system/kernel_system_fpgaclue_alpaka_sys/fpgaclue_alpaka_sys_140/sim/const_lambda_i_llvm_fpga_sfc_exit_s_c3_o0000const_lambda_669_0gr.sv -work fpgaclue_alpaka_sys_140 
# -- Compiling module const_lambda_i_llvm_fpga_sfc_exit_s_c3_o0000const_lambda_669_0gr
# 
# Top level modules:
# 	const_lambda_i_llvm_fpga_sfc_exit_s_c3_o0000const_lambda_669_0gr
# End time: 16:50:44 on Aug 11,2026, Elapsed time: 0:00:00
# Errors: 0, Warnings: 0
# Questa Intel FPGA Edition-64 vlog 2025.1 Compiler 2025.01 Jan 18 2025
# Start time: 16:50:44 on Aug 11,2026
# vlog -sv "+incdir+mpsim/sim" "+define+COSIM_LIB" -suppress 2388 -suppress 14408 -suppress 7061 ip/kernel_system/kernel_system_fpgaclue_alpaka_sys/fpgaclue_alpaka_sys_140/sim/const_lambda_i_llvm_fpga_sfc_exit_s_c3_o000043_1gr_full_detector.sv -work fpgaclue_alpaka_sys_140 
# -- Compiling module const_lambda_i_llvm_fpga_sfc_exit_s_c3_o000043_1gr_full_detector
# 
# Top level modules:
# 	const_lambda_i_llvm_fpga_sfc_exit_s_c3_o000043_1gr_full_detector
# End time: 16:50:45 on Aug 11,2026, Elapsed time: 0:00:01
# Errors: 0, Warnings: 0
# Questa Intel FPGA Edition-64 vlog 2025.1 Compiler 2025.01 Jan 18 2025
# Start time: 16:50:45 on Aug 11,2026
# vlog -sv "+incdir+mpsim/sim" "+define+COSIM_LIB" -suppress 2388 -suppress 14408 -suppress 7061 ip/kernel_system/kernel_system_fpgaclue_alpaka_sys/fpgaclue_alpaka_sys_140/sim/const_lambda_i_llvm_fpga_sfc_exit_s_c3_o0000da_669_1gr_data_fifo.sv -work fpgaclue_alpaka_sys_140 
# -- Compiling module const_lambda_i_llvm_fpga_sfc_exit_s_c3_o0000da_669_1gr_data_fifo
# 
# Top level modules:
# 	const_lambda_i_llvm_fpga_sfc_exit_s_c3_o0000da_669_1gr_data_fifo
# End time: 16:50:45 on Aug 11,2026, Elapsed time: 0:00:00
# Errors: 0, Warnings: 0
# Questa Intel FPGA Edition-64 vlog 2025.1 Compiler 2025.01 Jan 18 2025
# Start time: 16:50:45 on Aug 11,2026
# vlog -sv "+incdir+mpsim/sim" "+define+COSIM_LIB" -suppress 2388 -suppress 14408 -suppress 7061 ip/kernel_system/kernel_system_fpgaclue_alpaka_sys/fpgaclue_alpaka_sys_140/sim/const_lambda_i_sfc_logic_s_c3_in_for_bod0000const_lambda_543_0gr.sv -work fpgaclue_alpaka_sys_140 
# -- Compiling module const_lambda_i_sfc_logic_s_c3_in_for_bod0000const_lambda_543_0gr
# 
# Top level modules:
# 	const_lambda_i_sfc_logic_s_c3_in_for_bod0000const_lambda_543_0gr
# End time: 16:50:45 on Aug 11,2026, Elapsed time: 0:00:00
# Errors: 0, Warnings: 0
# Questa Intel FPGA Edition-64 vlog 2025.1 Compiler 2025.01 Jan 18 2025
# Start time: 16:50:45 on Aug 11,2026
# vlog -sv "+incdir+mpsim/sim" "+define+COSIM_LIB" -suppress 2388 -suppress 14408 -suppress 7061 ip/kernel_system/kernel_system_fpgaclue_alpaka_sys/fpgaclue_alpaka_sys_140/sim/const_lambda_B2_branch.sv -work fpgaclue_alpaka_sys_140 
# -- Compiling module const_lambda_B2_branch
# 
# Top level modules:
# 	const_lambda_B2_branch
# End time: 16:50:45 on Aug 11,2026, Elapsed time: 0:00:00
# Errors: 0, Warnings: 0
# Questa Intel FPGA Edition-64 vlog 2025.1 Compiler 2025.01 Jan 18 2025
# Start time: 16:50:45 on Aug 11,2026
# vlog -sv "+incdir+mpsim/sim" "+define+COSIM_LIB" -suppress 2388 -suppress 14408 -suppress 7061 ip/kernel_system/kernel_system_fpgaclue_alpaka_sys/fpgaclue_alpaka_sys_140/sim/const_lambda_B2_merge.sv -work fpgaclue_alpaka_sys_140 
# -- Compiling module const_lambda_B2_merge
# 
# Top level modules:
# 	const_lambda_B2_merge
# End time: 16:50:45 on Aug 11,2026, Elapsed time: 0:00:00
# Errors: 0, Warnings: 0
# Questa Intel FPGA Edition-64 vlog 2025.1 Compiler 2025.01 Jan 18 2025
# Start time: 16:50:45 on Aug 11,2026
# vlog -sv "+incdir+mpsim/sim" "+define+COSIM_LIB" -suppress 2388 -suppress 14408 -suppress 7061 ip/kernel_system/kernel_system_fpgaclue_alpaka_sys/fpgaclue_alpaka_sys_140/sim/const_lambda_bb_B2_sr_0.sv -work fpgaclue_alpaka_sys_140 
# -- Compiling module const_lambda_bb_B2_sr_0
# 
# Top level modules:
# 	const_lambda_bb_B2_sr_0
# End time: 16:50:45 on Aug 11,2026, Elapsed time: 0:00:00
# Errors: 0, Warnings: 0
# Questa Intel FPGA Edition-64 vlog 2025.1 Compiler 2025.01 Jan 18 2025
# Start time: 16:50:45 on Aug 11,2026
# vlog -sv "+incdir+mpsim/sim" "+define+COSIM_LIB" -suppress 2388 -suppress 14408 -suppress 7061 ip/kernel_system/kernel_system_fpgaclue_alpaka_sys/fpgaclue_alpaka_sys_140/sim/const_lambda_bb_B2_sr_1.sv -work fpgaclue_alpaka_sys_140 
# -- Compiling module const_lambda_bb_B2_sr_1
# 
# Top level modules:
# 	const_lambda_bb_B2_sr_1
# End time: 16:50:45 on Aug 11,2026, Elapsed time: 0:00:00
# Errors: 0, Warnings: 0
# Questa Intel FPGA Edition-64 vlog 2025.1 Compiler 2025.01 Jan 18 2025
# Start time: 16:50:45 on Aug 11,2026
# vlog -sv "+incdir+mpsim/sim" "+define+COSIM_LIB" -suppress 2388 -suppress 14408 -suppress 7061 ip/kernel_system/kernel_system_fpgaclue_alpaka_sys/fpgaclue_alpaka_sys_140/sim/const_lambda_bb_B3_sr_0.sv -work fpgaclue_alpaka_sys_140 
# -- Compiling module const_lambda_bb_B3_sr_0
# 
# Top level modules:
# 	const_lambda_bb_B3_sr_0
# End time: 16:50:45 on Aug 11,2026, Elapsed time: 0:00:00
# Errors: 0, Warnings: 0
# Questa Intel FPGA Edition-64 vlog 2025.1 Compiler 2025.01 Jan 18 2025
# Start time: 16:50:45 on Aug 11,2026
# vlog -sv "+incdir+mpsim/sim" "+define+COSIM_LIB" -suppress 2388 -suppress 14408 -suppress 7061 ip/kernel_system/kernel_system_fpgaclue_alpaka_sys/fpgaclue_alpaka_sys_140/sim/const_lambda_bb_B3_sr_1.sv -work fpgaclue_alpaka_sys_140 
# -- Compiling module const_lambda_bb_B3_sr_1
# 
# Top level modules:
# 	const_lambda_bb_B3_sr_1
# End time: 16:50:45 on Aug 11,2026, Elapsed time: 0:00:00
# Errors: 0, Warnings: 0
# Questa Intel FPGA Edition-64 vlog 2025.1 Compiler 2025.01 Jan 18 2025
# Start time: 16:50:45 on Aug 11,2026
# vlog -sv "+incdir+mpsim/sim" "+define+COSIM_LIB" -suppress 2388 -suppress 14408 -suppress 7061 ip/kernel_system/kernel_system_fpgaclue_alpaka_sys/fpgaclue_alpaka_sys_140/sim/const_lambda_bb_B4_sr_0.sv -work fpgaclue_alpaka_sys_140 
# -- Compiling module const_lambda_bb_B4_sr_0
# 
# Top level modules:
# 	const_lambda_bb_B4_sr_0
# End time: 16:50:45 on Aug 11,2026, Elapsed time: 0:00:00
# Errors: 0, Warnings: 0
# Questa Intel FPGA Edition-64 vlog 2025.1 Compiler 2025.01 Jan 18 2025
# Start time: 16:50:45 on Aug 11,2026
# vlog -sv "+incdir+mpsim/sim" "+define+COSIM_LIB" -suppress 2388 -suppress 14408 -suppress 7061 ip/kernel_system/kernel_system_fpgaclue_alpaka_sys/fpgaclue_alpaka_sys_140/sim/const_lambda_function_cra_agent.sv -work fpgaclue_alpaka_sys_140 
# -- Compiling module const_lambda_function_cra_agent
# 
# Top level modules:
# 	const_lambda_function_cra_agent
# End time: 16:50:45 on Aug 11,2026, Elapsed time: 0:00:00
# Errors: 0, Warnings: 0
# Questa Intel FPGA Edition-64 vlog 2025.1 Compiler 2025.01 Jan 18 2025
# Start time: 16:50:45 on Aug 11,2026
# vlog -sv "+incdir+mpsim/sim" "+define+COSIM_LIB" -suppress 2388 -suppress 14408 -suppress 7061 ip/kernel_system/kernel_system_fpgaclue_alpaka_sys/fpgaclue_alpaka_sys_140/sim/const_lambda_2_function_wrapper.sv -work fpgaclue_alpaka_sys_140 
# -- Compiling module const_lambda_2_function_wrapper
# 
# Top level modules:
# 	const_lambda_2_function_wrapper
# End time: 16:50:45 on Aug 11,2026, Elapsed time: 0:00:00
# Errors: 0, Warnings: 0
# Questa Intel FPGA Edition-64 vlog 2025.1 Compiler 2025.01 Jan 18 2025
# Start time: 16:50:45 on Aug 11,2026
# vlog -sv "+incdir+mpsim/sim" "+define+COSIM_LIB" -suppress 2388 -suppress 14408 -suppress 7061 ip/kernel_system/kernel_system_fpgaclue_alpaka_sys/fpgaclue_alpaka_sys_140/sim/const_lambda_2_function.sv -work fpgaclue_alpaka_sys_140 
# -- Compiling module const_lambda_2_function
# 
# Top level modules:
# 	const_lambda_2_function
# End time: 16:50:45 on Aug 11,2026, Elapsed time: 0:00:00
# Errors: 0, Warnings: 0
# Questa Intel FPGA Edition-64 vlog 2025.1 Compiler 2025.01 Jan 18 2025
# Start time: 16:50:45 on Aug 11,2026
# vlog -sv "+incdir+mpsim/sim" "+define+COSIM_LIB" -suppress 2388 -suppress 14408 -suppress 7061 ip/kernel_system/kernel_system_fpgaclue_alpaka_sys/fpgaclue_alpaka_sys_140/sim/const_lambda_2_bb_B4.sv -work fpgaclue_alpaka_sys_140 
# -- Compiling module const_lambda_2_bb_B4
# 
# Top level modules:
# 	const_lambda_2_bb_B4
# End time: 16:50:45 on Aug 11,2026, Elapsed time: 0:00:00
# Errors: 0, Warnings: 0
# Questa Intel FPGA Edition-64 vlog 2025.1 Compiler 2025.01 Jan 18 2025
# Start time: 16:50:45 on Aug 11,2026
# vlog -sv "+incdir+mpsim/sim" "+define+COSIM_LIB" -suppress 2388 -suppress 14408 -suppress 7061 ip/kernel_system/kernel_system_fpgaclue_alpaka_sys/fpgaclue_alpaka_sys_140/sim/const_lambda_2_bb_B4_stall_region.sv -work fpgaclue_alpaka_sys_140 
# -- Compiling module const_lambda_2_bb_B4_stall_region
# 
# Top level modules:
# 	const_lambda_2_bb_B4_stall_region
# End time: 16:50:46 on Aug 11,2026, Elapsed time: 0:00:01
# Errors: 0, Warnings: 0
# Questa Intel FPGA Edition-64 vlog 2025.1 Compiler 2025.01 Jan 18 2025
# Start time: 16:50:46 on Aug 11,2026
# vlog -sv "+incdir+mpsim/sim" "+define+COSIM_LIB" -suppress 2388 -suppress 14408 -suppress 7061 ip/kernel_system/kernel_system_fpgaclue_alpaka_sys/fpgaclue_alpaka_sys_140/sim/const_lambda_2_B4_branch.sv -work fpgaclue_alpaka_sys_140 
# -- Compiling module const_lambda_2_B4_branch
# 
# Top level modules:
# 	const_lambda_2_B4_branch
# End time: 16:50:46 on Aug 11,2026, Elapsed time: 0:00:00
# Errors: 0, Warnings: 0
# Questa Intel FPGA Edition-64 vlog 2025.1 Compiler 2025.01 Jan 18 2025
# Start time: 16:50:46 on Aug 11,2026
# vlog -sv "+incdir+mpsim/sim" "+define+COSIM_LIB" -suppress 2388 -suppress 14408 -suppress 7061 ip/kernel_system/kernel_system_fpgaclue_alpaka_sys/fpgaclue_alpaka_sys_140/sim/const_lambda_2_B4_merge.sv -work fpgaclue_alpaka_sys_140 
# -- Compiling module const_lambda_2_B4_merge
# 
# Top level modules:
# 	const_lambda_2_B4_merge
# End time: 16:50:46 on Aug 11,2026, Elapsed time: 0:00:00
# Errors: 0, Warnings: 0
# Questa Intel FPGA Edition-64 vlog 2025.1 Compiler 2025.01 Jan 18 2025
# Start time: 16:50:46 on Aug 11,2026
# vlog -sv "+incdir+mpsim/sim" "+define+COSIM_LIB" -suppress 2388 -suppress 14408 -suppress 7061 ip/kernel_system/kernel_system_fpgaclue_alpaka_sys/fpgaclue_alpaka_sys_140/sim/const_lambda_2_loop_limiter_0.sv -work fpgaclue_alpaka_sys_140 
# -- Compiling module const_lambda_2_loop_limiter_0
# 
# Top level modules:
# 	const_lambda_2_loop_limiter_0
# End time: 16:50:46 on Aug 11,2026, Elapsed time: 0:00:00
# Errors: 0, Warnings: 0
# Questa Intel FPGA Edition-64 vlog 2025.1 Compiler 2025.01 Jan 18 2025
# Start time: 16:50:46 on Aug 11,2026
# vlog -sv "+incdir+mpsim/sim" "+define+COSIM_LIB" -suppress 2388 -suppress 14408 -suppress 7061 ip/kernel_system/kernel_system_fpgaclue_alpaka_sys/fpgaclue_alpaka_sys_140/sim/const_lambda_2_loop_limiter_1.sv -work fpgaclue_alpaka_sys_140 
# -- Compiling module const_lambda_2_loop_limiter_1
# 
# Top level modules:
# 	const_lambda_2_loop_limiter_1
# End time: 16:50:46 on Aug 11,2026, Elapsed time: 0:00:00
# Errors: 0, Warnings: 0
# Questa Intel FPGA Edition-64 vlog 2025.1 Compiler 2025.01 Jan 18 2025
# Start time: 16:50:46 on Aug 11,2026
# vlog -sv "+incdir+mpsim/sim" "+define+COSIM_LIB" -suppress 2388 -suppress 14408 -suppress 7061 ip/kernel_system/kernel_system_fpgaclue_alpaka_sys/fpgaclue_alpaka_sys_140/sim/const_lambda_2_bb_B0.sv -work fpgaclue_alpaka_sys_140 
# -- Compiling module const_lambda_2_bb_B0
# 
# Top level modules:
# 	const_lambda_2_bb_B0
# End time: 16:50:46 on Aug 11,2026, Elapsed time: 0:00:00
# Errors: 0, Warnings: 0
# Questa Intel FPGA Edition-64 vlog 2025.1 Compiler 2025.01 Jan 18 2025
# Start time: 16:50:46 on Aug 11,2026
# vlog -sv "+incdir+mpsim/sim" "+define+COSIM_LIB" -suppress 2388 -suppress 14408 -suppress 7061 ip/kernel_system/kernel_system_fpgaclue_alpaka_sys/fpgaclue_alpaka_sys_140/sim/const_lambda_2_bb_B0_stall_region.sv -work fpgaclue_alpaka_sys_140 
# -- Compiling module const_lambda_2_bb_B0_stall_region
# 
# Top level modules:
# 	const_lambda_2_bb_B0_stall_region
# End time: 16:50:46 on Aug 11,2026, Elapsed time: 0:00:00
# Errors: 0, Warnings: 0
# Questa Intel FPGA Edition-64 vlog 2025.1 Compiler 2025.01 Jan 18 2025
# Start time: 16:50:46 on Aug 11,2026
# vlog -sv "+incdir+mpsim/sim" "+define+COSIM_LIB" -suppress 2388 -suppress 14408 -suppress 7061 ip/kernel_system/kernel_system_fpgaclue_alpaka_sys/fpgaclue_alpaka_sys_140/sim/const_lambda_2_B0_merge_reg.sv -work fpgaclue_alpaka_sys_140 
# -- Compiling module const_lambda_2_B0_merge_reg
# 
# Top level modules:
# 	const_lambda_2_B0_merge_reg
# End time: 16:50:46 on Aug 11,2026, Elapsed time: 0:00:00
# Errors: 0, Warnings: 0
# Questa Intel FPGA Edition-64 vlog 2025.1 Compiler 2025.01 Jan 18 2025
# Start time: 16:50:46 on Aug 11,2026
# vlog -sv "+incdir+mpsim/sim" "+define+COSIM_LIB" -suppress 2388 -suppress 14408 -suppress 7061 ip/kernel_system/kernel_system_fpgaclue_alpaka_sys/fpgaclue_alpaka_sys_140/sim/const_lambda_2_i_sfc_s_c0_in_entry_s_c0_0000st_lambda_2_4642_0gr.sv -work fpgaclue_alpaka_sys_140 
# -- Compiling module const_lambda_2_i_sfc_s_c0_in_entry_s_c0_0000st_lambda_2_4642_0gr
# 
# Top level modules:
# 	const_lambda_2_i_sfc_s_c0_in_entry_s_c0_0000st_lambda_2_4642_0gr
# End time: 16:50:46 on Aug 11,2026, Elapsed time: 0:00:00
# Errors: 0, Warnings: 0
# Questa Intel FPGA Edition-64 vlog 2025.1 Compiler 2025.01 Jan 18 2025
# Start time: 16:50:46 on Aug 11,2026
# vlog -sv "+incdir+mpsim/sim" "+define+COSIM_LIB" -suppress 2388 -suppress 14408 -suppress 7061 ip/kernel_system/kernel_system_fpgaclue_alpaka_sys/fpgaclue_alpaka_sys_140/sim/const_lambda_2_i_llvm_fpga_sfc_exit_s_c00000st_lambda_2_5048_0gr.sv -work fpgaclue_alpaka_sys_140 
# -- Compiling module const_lambda_2_i_llvm_fpga_sfc_exit_s_c00000st_lambda_2_5048_0gr
# 
# Top level modules:
# 	const_lambda_2_i_llvm_fpga_sfc_exit_s_c00000st_lambda_2_5048_0gr
# End time: 16:50:46 on Aug 11,2026, Elapsed time: 0:00:00
# Errors: 0, Warnings: 0
# Questa Intel FPGA Edition-64 vlog 2025.1 Compiler 2025.01 Jan 18 2025
# Start time: 16:50:46 on Aug 11,2026
# vlog -sv "+incdir+mpsim/sim" "+define+COSIM_LIB" -suppress 2388 -suppress 14408 -suppress 7061 ip/kernel_system/kernel_system_fpgaclue_alpaka_sys/fpgaclue_alpaka_sys_140/sim/const_lambda_2_i_llvm_fpga_sfc_exit_s_c0000057_1gr_full_detector.sv -work fpgaclue_alpaka_sys_140 
# -- Compiling module const_lambda_2_i_llvm_fpga_sfc_exit_s_c0000057_1gr_full_detector
# 
# Top level modules:
# 	const_lambda_2_i_llvm_fpga_sfc_exit_s_c0000057_1gr_full_detector
# End time: 16:50:46 on Aug 11,2026, Elapsed time: 0:00:00
# Errors: 0, Warnings: 0
# Questa Intel FPGA Edition-64 vlog 2025.1 Compiler 2025.01 Jan 18 2025
# Start time: 16:50:46 on Aug 11,2026
# vlog -sv "+incdir+mpsim/sim" "+define+COSIM_LIB" -suppress 2388 -suppress 14408 -suppress 7061 ip/kernel_system/kernel_system_fpgaclue_alpaka_sys/fpgaclue_alpaka_sys_140/sim/const_lambda_2_i_llvm_fpga_sfc_exit_s_c000002_5048_1gr_data_fifo.sv -work fpgaclue_alpaka_sys_140 
# -- Compiling module const_lambda_2_i_llvm_fpga_sfc_exit_s_c000002_5048_1gr_data_fifo
# 
# Top level modules:
# 	const_lambda_2_i_llvm_fpga_sfc_exit_s_c000002_5048_1gr_data_fifo
# End time: 16:50:46 on Aug 11,2026, Elapsed time: 0:00:00
# Errors: 0, Warnings: 0
# Questa Intel FPGA Edition-64 vlog 2025.1 Compiler 2025.01 Jan 18 2025
# Start time: 16:50:46 on Aug 11,2026
# vlog -sv "+incdir+mpsim/sim" "+define+COSIM_LIB" -suppress 2388 -suppress 14408 -suppress 7061 ip/kernel_system/kernel_system_fpgaclue_alpaka_sys/fpgaclue_alpaka_sys_140/sim/const_lambda_2_i_sfc_logic_s_c0_in_entry0000st_lambda_2_4657_0gr.sv -work fpgaclue_alpaka_sys_140 
# -- Compiling module const_lambda_2_i_sfc_logic_s_c0_in_entry0000st_lambda_2_4657_0gr
# 
# Top level modules:
# 	const_lambda_2_i_sfc_logic_s_c0_in_entry0000st_lambda_2_4657_0gr
# End time: 16:50:46 on Aug 11,2026, Elapsed time: 0:00:00
# Errors: 0, Warnings: 0
# Questa Intel FPGA Edition-64 vlog 2025.1 Compiler 2025.01 Jan 18 2025
# Start time: 16:50:46 on Aug 11,2026
# vlog -sv "+incdir+mpsim/sim" "+define+COSIM_LIB" -suppress 2388 -suppress 14408 -suppress 7061 ip/kernel_system/kernel_system_fpgaclue_alpaka_sys/fpgaclue_alpaka_sys_140/sim/const_lambda_2_i_llvm_fpga_sync_buffer_s0000nc_buffer21_4758_0gr.sv -work fpgaclue_alpaka_sys_140 
# -- Compiling module const_lambda_2_i_llvm_fpga_sync_buffer_s0000nc_buffer21_4758_0gr
# 
# Top level modules:
# 	const_lambda_2_i_llvm_fpga_sync_buffer_s0000nc_buffer21_4758_0gr
# End time: 16:50:46 on Aug 11,2026, Elapsed time: 0:00:00
# Errors: 0, Warnings: 0
# Questa Intel FPGA Edition-64 vlog 2025.1 Compiler 2025.01 Jan 18 2025
# Start time: 16:50:46 on Aug 11,2026
# vlog -sv "+incdir+mpsim/sim" "+define+COSIM_LIB" -suppress 2388 -suppress 14408 -suppress 7061 ip/kernel_system/kernel_system_fpgaclue_alpaka_sys/fpgaclue_alpaka_sys_140/sim/const_lambda_2_i_llvm_fpga_sync_buffer_s0000nc_buffer23_4711_0gr.sv -work fpgaclue_alpaka_sys_140 
# -- Compiling module const_lambda_2_i_llvm_fpga_sync_buffer_s0000nc_buffer23_4711_0gr
# 
# Top level modules:
# 	const_lambda_2_i_llvm_fpga_sync_buffer_s0000nc_buffer23_4711_0gr
# End time: 16:50:46 on Aug 11,2026, Elapsed time: 0:00:00
# Errors: 0, Warnings: 0
# Questa Intel FPGA Edition-64 vlog 2025.1 Compiler 2025.01 Jan 18 2025
# Start time: 16:50:47 on Aug 11,2026
# vlog -sv "+incdir+mpsim/sim" "+define+COSIM_LIB" -suppress 2388 -suppress 14408 -suppress 7061 ip/kernel_system/kernel_system_fpgaclue_alpaka_sys/fpgaclue_alpaka_sys_140/sim/const_lambda_2_i_llvm_fpga_sync_buffer_s0000nc_buffer24_4664_0gr.sv -work fpgaclue_alpaka_sys_140 
# -- Compiling module const_lambda_2_i_llvm_fpga_sync_buffer_s0000nc_buffer24_4664_0gr
# 
# Top level modules:
# 	const_lambda_2_i_llvm_fpga_sync_buffer_s0000nc_buffer24_4664_0gr
# End time: 16:50:47 on Aug 11,2026, Elapsed time: 0:00:00
# Errors: 0, Warnings: 0
# Questa Intel FPGA Edition-64 vlog 2025.1 Compiler 2025.01 Jan 18 2025
# Start time: 16:50:47 on Aug 11,2026
# vlog -sv "+incdir+mpsim/sim" "+define+COSIM_LIB" -suppress 2388 -suppress 14408 -suppress 7061 ip/kernel_system/kernel_system_fpgaclue_alpaka_sys/fpgaclue_alpaka_sys_140/sim/const_lambda_2_i_llvm_fpga_sync_buffer_s0000sync_buffer_4805_0gr.sv -work fpgaclue_alpaka_sys_140 
# -- Compiling module const_lambda_2_i_llvm_fpga_sync_buffer_s0000sync_buffer_4805_0gr
# 
# Top level modules:
# 	const_lambda_2_i_llvm_fpga_sync_buffer_s0000sync_buffer_4805_0gr
# End time: 16:50:47 on Aug 11,2026, Elapsed time: 0:00:00
# Errors: 0, Warnings: 0
# Questa Intel FPGA Edition-64 vlog 2025.1 Compiler 2025.01 Jan 18 2025
# Start time: 16:50:47 on Aug 11,2026
# vlog -sv "+incdir+mpsim/sim" "+define+COSIM_LIB" -suppress 2388 -suppress 14408 -suppress 7061 ip/kernel_system/kernel_system_fpgaclue_alpaka_sys/fpgaclue_alpaka_sys_140/sim/const_lambda_2_i_llvm_fpga_sync_buffer_s0000nc_buffer25_4916_0gr.sv -work fpgaclue_alpaka_sys_140 
# -- Compiling module const_lambda_2_i_llvm_fpga_sync_buffer_s0000nc_buffer25_4916_0gr
# 
# Top level modules:
# 	const_lambda_2_i_llvm_fpga_sync_buffer_s0000nc_buffer25_4916_0gr
# End time: 16:50:47 on Aug 11,2026, Elapsed time: 0:00:00
# Errors: 0, Warnings: 0
# Questa Intel FPGA Edition-64 vlog 2025.1 Compiler 2025.01 Jan 18 2025
# Start time: 16:50:47 on Aug 11,2026
# vlog -sv "+incdir+mpsim/sim" "+define+COSIM_LIB" -suppress 2388 -suppress 14408 -suppress 7061 ip/kernel_system/kernel_system_fpgaclue_alpaka_sys/fpgaclue_alpaka_sys_140/sim/const_lambda_2_i_llvm_fpga_sync_buffer_s0000nc_buffer26_4852_0gr.sv -work fpgaclue_alpaka_sys_140 
# -- Compiling module const_lambda_2_i_llvm_fpga_sync_buffer_s0000nc_buffer26_4852_0gr
# 
# Top level modules:
# 	const_lambda_2_i_llvm_fpga_sync_buffer_s0000nc_buffer26_4852_0gr
# End time: 16:50:47 on Aug 11,2026, Elapsed time: 0:00:00
# Errors: 0, Warnings: 0
# Questa Intel FPGA Edition-64 vlog 2025.1 Compiler 2025.01 Jan 18 2025
# Start time: 16:50:47 on Aug 11,2026
# vlog -sv "+incdir+mpsim/sim" "+define+COSIM_LIB" -suppress 2388 -suppress 14408 -suppress 7061 ip/kernel_system/kernel_system_fpgaclue_alpaka_sys/fpgaclue_alpaka_sys_140/sim/const_lambda_2_i_llvm_fpga_sync_buffer_s0000sync_buffer_4977_0gr.sv -work fpgaclue_alpaka_sys_140 
# -- Compiling module const_lambda_2_i_llvm_fpga_sync_buffer_s0000sync_buffer_4977_0gr
# 
# Top level modules:
# 	const_lambda_2_i_llvm_fpga_sync_buffer_s0000sync_buffer_4977_0gr
# End time: 16:50:47 on Aug 11,2026, Elapsed time: 0:00:00
# Errors: 0, Warnings: 0
# Questa Intel FPGA Edition-64 vlog 2025.1 Compiler 2025.01 Jan 18 2025
# Start time: 16:50:47 on Aug 11,2026
# vlog -sv "+incdir+mpsim/sim" "+define+COSIM_LIB" -suppress 2388 -suppress 14408 -suppress 7061 ip/kernel_system/kernel_system_fpgaclue_alpaka_sys/fpgaclue_alpaka_sys_140/sim/const_lambda_2_B0_branch.sv -work fpgaclue_alpaka_sys_140 
# -- Compiling module const_lambda_2_B0_branch
# 
# Top level modules:
# 	const_lambda_2_B0_branch
# End time: 16:50:47 on Aug 11,2026, Elapsed time: 0:00:00
# Errors: 0, Warnings: 0
# Questa Intel FPGA Edition-64 vlog 2025.1 Compiler 2025.01 Jan 18 2025
# Start time: 16:50:47 on Aug 11,2026
# vlog -sv "+incdir+mpsim/sim" "+define+COSIM_LIB" -suppress 2388 -suppress 14408 -suppress 7061 ip/kernel_system/kernel_system_fpgaclue_alpaka_sys/fpgaclue_alpaka_sys_140/sim/const_lambda_2_B0_merge.sv -work fpgaclue_alpaka_sys_140 
# -- Compiling module const_lambda_2_B0_merge
# 
# Top level modules:
# 	const_lambda_2_B0_merge
# End time: 16:50:47 on Aug 11,2026, Elapsed time: 0:00:00
# Errors: 0, Warnings: 0
# Questa Intel FPGA Edition-64 vlog 2025.1 Compiler 2025.01 Jan 18 2025
# Start time: 16:50:47 on Aug 11,2026
# vlog -sv "+incdir+mpsim/sim" "+define+COSIM_LIB" -suppress 2388 -suppress 14408 -suppress 7061 ip/kernel_system/kernel_system_fpgaclue_alpaka_sys/fpgaclue_alpaka_sys_140/sim/const_lambda_2_bb_B1.sv -work fpgaclue_alpaka_sys_140 
# -- Compiling module const_lambda_2_bb_B1
# 
# Top level modules:
# 	const_lambda_2_bb_B1
# End time: 16:50:47 on Aug 11,2026, Elapsed time: 0:00:00
# Errors: 0, Warnings: 0
# Questa Intel FPGA Edition-64 vlog 2025.1 Compiler 2025.01 Jan 18 2025
# Start time: 16:50:47 on Aug 11,2026
# vlog -sv "+incdir+mpsim/sim" "+define+COSIM_LIB" -suppress 2388 -suppress 14408 -suppress 7061 ip/kernel_system/kernel_system_fpgaclue_alpaka_sys/fpgaclue_alpaka_sys_140/sim/const_lambda_2_bb_B1_stall_region.sv -work fpgaclue_alpaka_sys_140 
# -- Compiling module const_lambda_2_bb_B1_stall_region
# 
# Top level modules:
# 	const_lambda_2_bb_B1_stall_region
# End time: 16:50:47 on Aug 11,2026, Elapsed time: 0:00:00
# Errors: 0, Warnings: 0
# Questa Intel FPGA Edition-64 vlog 2025.1 Compiler 2025.01 Jan 18 2025
# Start time: 16:50:47 on Aug 11,2026
# vlog -sv "+incdir+mpsim/sim" "+define+COSIM_LIB" -suppress 2388 -suppress 14408 -suppress 7061 ip/kernel_system/kernel_system_fpgaclue_alpaka_sys/fpgaclue_alpaka_sys_140/sim/const_lambda_2_i_llvm_fpga_mem_unnamed_2_const_lambda_2_5239_0gr.sv -work fpgaclue_alpaka_sys_140 
# -- Compiling module const_lambda_2_i_llvm_fpga_mem_unnamed_2_const_lambda_2_5239_0gr
# 
# Top level modules:
# 	const_lambda_2_i_llvm_fpga_mem_unnamed_2_const_lambda_2_5239_0gr
# End time: 16:50:47 on Aug 11,2026, Elapsed time: 0:00:00
# Errors: 0, Warnings: 0
# Questa Intel FPGA Edition-64 vlog 2025.1 Compiler 2025.01 Jan 18 2025
# Start time: 16:50:47 on Aug 11,2026
# vlog -sv "+incdir+mpsim/sim" "+define+COSIM_LIB" -suppress 2388 -suppress 14408 -suppress 7061 ip/kernel_system/kernel_system_fpgaclue_alpaka_sys/fpgaclue_alpaka_sys_140/sim/const_lambda_2_readdata_reg_unnamed_2_const_lambda_21.sv -work fpgaclue_alpaka_sys_140 
# -- Compiling module const_lambda_2_readdata_reg_unnamed_2_const_lambda_21
# 
# Top level modules:
# 	const_lambda_2_readdata_reg_unnamed_2_const_lambda_21
# End time: 16:50:47 on Aug 11,2026, Elapsed time: 0:00:00
# Errors: 0, Warnings: 0
# Questa Intel FPGA Edition-64 vlog 2025.1 Compiler 2025.01 Jan 18 2025
# Start time: 16:50:47 on Aug 11,2026
# vlog -sv "+incdir+mpsim/sim" "+define+COSIM_LIB" -suppress 2388 -suppress 14408 -suppress 7061 ip/kernel_system/kernel_system_fpgaclue_alpaka_sys/fpgaclue_alpaka_sys_140/sim/const_lambda_2_i_llvm_fpga_mem_unnamed_3_const_lambda_2_5262_0gr.sv -work fpgaclue_alpaka_sys_140 
# -- Compiling module const_lambda_2_i_llvm_fpga_mem_unnamed_3_const_lambda_2_5262_0gr
# 
# Top level modules:
# 	const_lambda_2_i_llvm_fpga_mem_unnamed_3_const_lambda_2_5262_0gr
# End time: 16:50:47 on Aug 11,2026, Elapsed time: 0:00:00
# Errors: 0, Warnings: 0
# Questa Intel FPGA Edition-64 vlog 2025.1 Compiler 2025.01 Jan 18 2025
# Start time: 16:50:47 on Aug 11,2026
# vlog -sv "+incdir+mpsim/sim" "+define+COSIM_LIB" -suppress 2388 -suppress 14408 -suppress 7061 ip/kernel_system/kernel_system_fpgaclue_alpaka_sys/fpgaclue_alpaka_sys_140/sim/const_lambda_2_readdata_reg_unnamed_3_const_lambda_22.sv -work fpgaclue_alpaka_sys_140 
# -- Compiling module const_lambda_2_readdata_reg_unnamed_3_const_lambda_22
# 
# Top level modules:
# 	const_lambda_2_readdata_reg_unnamed_3_const_lambda_22
# End time: 16:50:47 on Aug 11,2026, Elapsed time: 0:00:00
# Errors: 0, Warnings: 0
# Questa Intel FPGA Edition-64 vlog 2025.1 Compiler 2025.01 Jan 18 2025
# Start time: 16:50:47 on Aug 11,2026
# vlog -sv "+incdir+mpsim/sim" "+define+COSIM_LIB" -suppress 2388 -suppress 14408 -suppress 7061 ip/kernel_system/kernel_system_fpgaclue_alpaka_sys/fpgaclue_alpaka_sys_140/sim/const_lambda_2_i_llvm_fpga_mem_unnamed_4_const_lambda_2_5285_0gr.sv -work fpgaclue_alpaka_sys_140 
# -- Compiling module const_lambda_2_i_llvm_fpga_mem_unnamed_4_const_lambda_2_5285_0gr
# 
# Top level modules:
# 	const_lambda_2_i_llvm_fpga_mem_unnamed_4_const_lambda_2_5285_0gr
# End time: 16:50:47 on Aug 11,2026, Elapsed time: 0:00:00
# Errors: 0, Warnings: 0
# Questa Intel FPGA Edition-64 vlog 2025.1 Compiler 2025.01 Jan 18 2025
# Start time: 16:50:47 on Aug 11,2026
# vlog -sv "+incdir+mpsim/sim" "+define+COSIM_LIB" -suppress 2388 -suppress 14408 -suppress 7061 ip/kernel_system/kernel_system_fpgaclue_alpaka_sys/fpgaclue_alpaka_sys_140/sim/const_lambda_2_readdata_reg_unnamed_4_const_lambda_23.sv -work fpgaclue_alpaka_sys_140 
# -- Compiling module const_lambda_2_readdata_reg_unnamed_4_const_lambda_23
# 
# Top level modules:
# 	const_lambda_2_readdata_reg_unnamed_4_const_lambda_23
# End time: 16:50:48 on Aug 11,2026, Elapsed time: 0:00:01
# Errors: 0, Warnings: 0
# Questa Intel FPGA Edition-64 vlog 2025.1 Compiler 2025.01 Jan 18 2025
# Start time: 16:50:48 on Aug 11,2026
# vlog -sv "+incdir+mpsim/sim" "+define+COSIM_LIB" -suppress 2388 -suppress 14408 -suppress 7061 ip/kernel_system/kernel_system_fpgaclue_alpaka_sys/fpgaclue_alpaka_sys_140/sim/const_lambda_2_i_llvm_fpga_mem_unnamed_5_const_lambda_2_5216_0gr.sv -work fpgaclue_alpaka_sys_140 
# -- Compiling module const_lambda_2_i_llvm_fpga_mem_unnamed_5_const_lambda_2_5216_0gr
# 
# Top level modules:
# 	const_lambda_2_i_llvm_fpga_mem_unnamed_5_const_lambda_2_5216_0gr
# End time: 16:50:48 on Aug 11,2026, Elapsed time: 0:00:00
# Errors: 0, Warnings: 0
# Questa Intel FPGA Edition-64 vlog 2025.1 Compiler 2025.01 Jan 18 2025
# Start time: 16:50:48 on Aug 11,2026
# vlog -sv "+incdir+mpsim/sim" "+define+COSIM_LIB" -suppress 2388 -suppress 14408 -suppress 7061 ip/kernel_system/kernel_system_fpgaclue_alpaka_sys/fpgaclue_alpaka_sys_140/sim/const_lambda_2_readdata_reg_unnamed_5_const_lambda_20.sv -work fpgaclue_alpaka_sys_140 
# -- Compiling module const_lambda_2_readdata_reg_unnamed_5_const_lambda_20
# 
# Top level modules:
# 	const_lambda_2_readdata_reg_unnamed_5_const_lambda_20
# End time: 16:50:48 on Aug 11,2026, Elapsed time: 0:00:00
# Errors: 0, Warnings: 0
# Questa Intel FPGA Edition-64 vlog 2025.1 Compiler 2025.01 Jan 18 2025
# Start time: 16:50:48 on Aug 11,2026
# vlog -sv "+incdir+mpsim/sim" "+define+COSIM_LIB" -suppress 2388 -suppress 14408 -suppress 7061 ip/kernel_system/kernel_system_fpgaclue_alpaka_sys/fpgaclue_alpaka_sys_140/sim/const_lambda_2_B1_merge_reg.sv -work fpgaclue_alpaka_sys_140 
# -- Compiling module const_lambda_2_B1_merge_reg
# 
# Top level modules:
# 	const_lambda_2_B1_merge_reg
# End time: 16:50:48 on Aug 11,2026, Elapsed time: 0:00:00
# Errors: 0, Warnings: 0
# Questa Intel FPGA Edition-64 vlog 2025.1 Compiler 2025.01 Jan 18 2025
# Start time: 16:50:48 on Aug 11,2026
# vlog -sv "+incdir+mpsim/sim" "+define+COSIM_LIB" -suppress 2388 -suppress 14408 -suppress 7061 ip/kernel_system/kernel_system_fpgaclue_alpaka_sys/fpgaclue_alpaka_sys_140/sim/const_lambda_2_i_sfc_s_c0_in_for_body_i_0000st_lambda_2_5088_1gr.sv -work fpgaclue_alpaka_sys_140 
# -- Compiling module const_lambda_2_i_sfc_s_c0_in_for_body_i_0000st_lambda_2_5088_1gr
# 
# Top level modules:
# 	const_lambda_2_i_sfc_s_c0_in_for_body_i_0000st_lambda_2_5088_1gr
# End time: 16:50:48 on Aug 11,2026, Elapsed time: 0:00:00
# Errors: 0, Warnings: 0
# Questa Intel FPGA Edition-64 vlog 2025.1 Compiler 2025.01 Jan 18 2025
# Start time: 16:50:48 on Aug 11,2026
# vlog -sv "+incdir+mpsim/sim" "+define+COSIM_LIB" -suppress 2388 -suppress 14408 -suppress 7061 ip/kernel_system/kernel_system_fpgaclue_alpaka_sys/fpgaclue_alpaka_sys_140/sim/const_lambda_2_i_llvm_fpga_sfc_exit_s_c00000st_lambda_2_5207_0gr.sv -work fpgaclue_alpaka_sys_140 
# -- Compiling module const_lambda_2_i_llvm_fpga_sfc_exit_s_c00000st_lambda_2_5207_0gr
# 
# Top level modules:
# 	const_lambda_2_i_llvm_fpga_sfc_exit_s_c00000st_lambda_2_5207_0gr
# End time: 16:50:48 on Aug 11,2026, Elapsed time: 0:00:00
# Errors: 0, Warnings: 0
# Questa Intel FPGA Edition-64 vlog 2025.1 Compiler 2025.01 Jan 18 2025
# Start time: 16:50:48 on Aug 11,2026
# vlog -sv "+incdir+mpsim/sim" "+define+COSIM_LIB" -suppress 2388 -suppress 14408 -suppress 7061 ip/kernel_system/kernel_system_fpgaclue_alpaka_sys/fpgaclue_alpaka_sys_140/sim/const_lambda_2_i_llvm_fpga_sfc_exit_s_c0000006_1gr_full_detector.sv -work fpgaclue_alpaka_sys_140 
# -- Compiling module const_lambda_2_i_llvm_fpga_sfc_exit_s_c0000006_1gr_full_detector
# 
# Top level modules:
# 	const_lambda_2_i_llvm_fpga_sfc_exit_s_c0000006_1gr_full_detector
# End time: 16:50:48 on Aug 11,2026, Elapsed time: 0:00:00
# Errors: 0, Warnings: 0
# Questa Intel FPGA Edition-64 vlog 2025.1 Compiler 2025.01 Jan 18 2025
# Start time: 16:50:48 on Aug 11,2026
# vlog -sv "+incdir+mpsim/sim" "+define+COSIM_LIB" -suppress 2388 -suppress 14408 -suppress 7061 ip/kernel_system/kernel_system_fpgaclue_alpaka_sys/fpgaclue_alpaka_sys_140/sim/const_lambda_2_i_llvm_fpga_sfc_exit_s_c000002_5207_1gr_data_fifo.sv -work fpgaclue_alpaka_sys_140 
# -- Compiling module const_lambda_2_i_llvm_fpga_sfc_exit_s_c000002_5207_1gr_data_fifo
# 
# Top level modules:
# 	const_lambda_2_i_llvm_fpga_sfc_exit_s_c000002_5207_1gr_data_fifo
# End time: 16:50:48 on Aug 11,2026, Elapsed time: 0:00:00
# Errors: 0, Warnings: 0
# Questa Intel FPGA Edition-64 vlog 2025.1 Compiler 2025.01 Jan 18 2025
# Start time: 16:50:48 on Aug 11,2026
# vlog -sv "+incdir+mpsim/sim" "+define+COSIM_LIB" -suppress 2388 -suppress 14408 -suppress 7061 ip/kernel_system/kernel_system_fpgaclue_alpaka_sys/fpgaclue_alpaka_sys_140/sim/const_lambda_2_i_sfc_logic_s_c0_in_for_b0000st_lambda_2_5106_0gr.sv -work fpgaclue_alpaka_sys_140 
# -- Compiling module const_lambda_2_i_sfc_logic_s_c0_in_for_b0000st_lambda_2_5106_0gr
# 
# Top level modules:
# 	const_lambda_2_i_sfc_logic_s_c0_in_for_b0000st_lambda_2_5106_0gr
# End time: 16:50:48 on Aug 11,2026, Elapsed time: 0:00:00
# Errors: 0, Warnings: 0
# Questa Intel FPGA Edition-64 vlog 2025.1 Compiler 2025.01 Jan 18 2025
# Start time: 16:50:48 on Aug 11,2026
# vlog -sv "+incdir+mpsim/sim" "+define+COSIM_LIB" -suppress 2388 -suppress 14408 -suppress 7061 ip/kernel_system/kernel_system_fpgaclue_alpaka_sys/fpgaclue_alpaka_sys_140/sim/const_lambda_2_i_llvm_fpga_sync_buffer_s0000nc_buffer22_5116_0gr.sv -work fpgaclue_alpaka_sys_140 
# -- Compiling module const_lambda_2_i_llvm_fpga_sync_buffer_s0000nc_buffer22_5116_0gr
# 
# Top level modules:
# 	const_lambda_2_i_llvm_fpga_sync_buffer_s0000nc_buffer22_5116_0gr
# End time: 16:50:48 on Aug 11,2026, Elapsed time: 0:00:00
# Errors: 0, Warnings: 0
# Questa Intel FPGA Edition-64 vlog 2025.1 Compiler 2025.01 Jan 18 2025
# Start time: 16:50:48 on Aug 11,2026
# vlog -sv "+incdir+mpsim/sim" "+define+COSIM_LIB" -suppress 2388 -suppress 14408 -suppress 7061 ip/kernel_system/kernel_system_fpgaclue_alpaka_sys/fpgaclue_alpaka_sys_140/sim/const_lambda_2_i_sfc_s_c1_in_for_body_i_0000nst_lambda_2_5088_11.sv -work fpgaclue_alpaka_sys_140 
# -- Compiling module const_lambda_2_i_sfc_s_c1_in_for_body_i_0000nst_lambda_2_5088_11
# 
# Top level modules:
# 	const_lambda_2_i_sfc_s_c1_in_for_body_i_0000nst_lambda_2_5088_11
# End time: 16:50:48 on Aug 11,2026, Elapsed time: 0:00:00
# Errors: 0, Warnings: 0
# Questa Intel FPGA Edition-64 vlog 2025.1 Compiler 2025.01 Jan 18 2025
# Start time: 16:50:48 on Aug 11,2026
# vlog -sv "+incdir+mpsim/sim" "+define+COSIM_LIB" -suppress 2388 -suppress 14408 -suppress 7061 ip/kernel_system/kernel_system_fpgaclue_alpaka_sys/fpgaclue_alpaka_sys_140/sim/const_lambda_2_i_llvm_fpga_sfc_exit_s_c10000st_lambda_2_5415_0gr.sv -work fpgaclue_alpaka_sys_140 
# -- Compiling module const_lambda_2_i_llvm_fpga_sfc_exit_s_c10000st_lambda_2_5415_0gr
# 
# Top level modules:
# 	const_lambda_2_i_llvm_fpga_sfc_exit_s_c10000st_lambda_2_5415_0gr
# End time: 16:50:48 on Aug 11,2026, Elapsed time: 0:00:00
# Errors: 0, Warnings: 0
# Questa Intel FPGA Edition-64 vlog 2025.1 Compiler 2025.01 Jan 18 2025
# Start time: 16:50:48 on Aug 11,2026
# vlog -sv "+incdir+mpsim/sim" "+define+COSIM_LIB" -suppress 2388 -suppress 14408 -suppress 7061 ip/kernel_system/kernel_system_fpgaclue_alpaka_sys/fpgaclue_alpaka_sys_140/sim/const_lambda_2_i_llvm_fpga_sfc_exit_s_c1000032_1gr_full_detector.sv -work fpgaclue_alpaka_sys_140 
# -- Compiling module const_lambda_2_i_llvm_fpga_sfc_exit_s_c1000032_1gr_full_detector
# 
# Top level modules:
# 	const_lambda_2_i_llvm_fpga_sfc_exit_s_c1000032_1gr_full_detector
# End time: 16:50:48 on Aug 11,2026, Elapsed time: 0:00:00
# Errors: 0, Warnings: 0
# Questa Intel FPGA Edition-64 vlog 2025.1 Compiler 2025.01 Jan 18 2025
# Start time: 16:50:48 on Aug 11,2026
# vlog -sv "+incdir+mpsim/sim" "+define+COSIM_LIB" -suppress 2388 -suppress 14408 -suppress 7061 ip/kernel_system/kernel_system_fpgaclue_alpaka_sys/fpgaclue_alpaka_sys_140/sim/const_lambda_2_i_llvm_fpga_sfc_exit_s_c100002_5415_1gr_data_fifo.sv -work fpgaclue_alpaka_sys_140 
# -- Compiling module const_lambda_2_i_llvm_fpga_sfc_exit_s_c100002_5415_1gr_data_fifo
# 
# Top level modules:
# 	const_lambda_2_i_llvm_fpga_sfc_exit_s_c100002_5415_1gr_data_fifo
# End time: 16:50:48 on Aug 11,2026, Elapsed time: 0:00:00
# Errors: 0, Warnings: 0
# Questa Intel FPGA Edition-64 vlog 2025.1 Compiler 2025.01 Jan 18 2025
# Start time: 16:50:48 on Aug 11,2026
# vlog -sv "+incdir+mpsim/sim" "+define+COSIM_LIB" -suppress 2388 -suppress 14408 -suppress 7061 ip/kernel_system/kernel_system_fpgaclue_alpaka_sys/fpgaclue_alpaka_sys_140/sim/const_lambda_2_i_sfc_logic_s_c1_in_for_b0000st_lambda_2_5332_0gr.sv -work fpgaclue_alpaka_sys_140 
# -- Compiling module const_lambda_2_i_sfc_logic_s_c1_in_for_b0000st_lambda_2_5332_0gr
# 
# Top level modules:
# 	const_lambda_2_i_sfc_logic_s_c1_in_for_b0000st_lambda_2_5332_0gr
# End time: 16:50:49 on Aug 11,2026, Elapsed time: 0:00:01
# Errors: 0, Warnings: 0
# Questa Intel FPGA Edition-64 vlog 2025.1 Compiler 2025.01 Jan 18 2025
# Start time: 16:50:49 on Aug 11,2026
# vlog -sv "+incdir+mpsim/sim" "+define+COSIM_LIB" -suppress 2388 -suppress 14408 -suppress 7061 ip/kernel_system/kernel_system_fpgaclue_alpaka_sys/fpgaclue_alpaka_sys_140/sim/const_lambda_2_i_sfc_s_c2_in_for_body_i_0000st_lambda_2_5088_8gr.sv -work fpgaclue_alpaka_sys_140 
# -- Compiling module const_lambda_2_i_sfc_s_c2_in_for_body_i_0000st_lambda_2_5088_8gr
# 
# Top level modules:
# 	const_lambda_2_i_sfc_s_c2_in_for_body_i_0000st_lambda_2_5088_8gr
# End time: 16:50:49 on Aug 11,2026, Elapsed time: 0:00:00
# Errors: 0, Warnings: 0
# Questa Intel FPGA Edition-64 vlog 2025.1 Compiler 2025.01 Jan 18 2025
# Start time: 16:50:49 on Aug 11,2026
# vlog -sv "+incdir+mpsim/sim" "+define+COSIM_LIB" -suppress 2388 -suppress 14408 -suppress 7061 ip/kernel_system/kernel_system_fpgaclue_alpaka_sys/fpgaclue_alpaka_sys_140/sim/const_lambda_2_i_llvm_fpga_sfc_exit_s_c20000st_lambda_2_5322_0gr.sv -work fpgaclue_alpaka_sys_140 
# -- Compiling module const_lambda_2_i_llvm_fpga_sfc_exit_s_c20000st_lambda_2_5322_0gr
# 
# Top level modules:
# 	const_lambda_2_i_llvm_fpga_sfc_exit_s_c20000st_lambda_2_5322_0gr
# End time: 16:50:49 on Aug 11,2026, Elapsed time: 0:00:00
# Errors: 0, Warnings: 0
# Questa Intel FPGA Edition-64 vlog 2025.1 Compiler 2025.01 Jan 18 2025
# Start time: 16:50:49 on Aug 11,2026
# vlog -sv "+incdir+mpsim/sim" "+define+COSIM_LIB" -suppress 2388 -suppress 14408 -suppress 7061 ip/kernel_system/kernel_system_fpgaclue_alpaka_sys/fpgaclue_alpaka_sys_140/sim/const_lambda_2_i_llvm_fpga_sfc_exit_s_c2000010_1gr_full_detector.sv -work fpgaclue_alpaka_sys_140 
# -- Compiling module const_lambda_2_i_llvm_fpga_sfc_exit_s_c2000010_1gr_full_detector
# 
# Top level modules:
# 	const_lambda_2_i_llvm_fpga_sfc_exit_s_c2000010_1gr_full_detector
# End time: 16:50:49 on Aug 11,2026, Elapsed time: 0:00:00
# Errors: 0, Warnings: 0
# Questa Intel FPGA Edition-64 vlog 2025.1 Compiler 2025.01 Jan 18 2025
# Start time: 16:50:49 on Aug 11,2026
# vlog -sv "+incdir+mpsim/sim" "+define+COSIM_LIB" -suppress 2388 -suppress 14408 -suppress 7061 ip/kernel_system/kernel_system_fpgaclue_alpaka_sys/fpgaclue_alpaka_sys_140/sim/const_lambda_2_i_llvm_fpga_sfc_exit_s_c200002_5322_1gr_data_fifo.sv -work fpgaclue_alpaka_sys_140 
# -- Compiling module const_lambda_2_i_llvm_fpga_sfc_exit_s_c200002_5322_1gr_data_fifo
# 
# Top level modules:
# 	const_lambda_2_i_llvm_fpga_sfc_exit_s_c200002_5322_1gr_data_fifo
# End time: 16:50:49 on Aug 11,2026, Elapsed time: 0:00:00
# Errors: 0, Warnings: 0
# Questa Intel FPGA Edition-64 vlog 2025.1 Compiler 2025.01 Jan 18 2025
# Start time: 16:50:49 on Aug 11,2026
# vlog -sv "+incdir+mpsim/sim" "+define+COSIM_LIB" -suppress 2388 -suppress 14408 -suppress 7061 ip/kernel_system/kernel_system_fpgaclue_alpaka_sys/fpgaclue_alpaka_sys_140/sim/const_lambda_2_i_sfc_logic_s_c2_in_for_b0000st_lambda_2_5310_0gr.sv -work fpgaclue_alpaka_sys_140 
# -- Compiling module const_lambda_2_i_sfc_logic_s_c2_in_for_b0000st_lambda_2_5310_0gr
# 
# Top level modules:
# 	const_lambda_2_i_sfc_logic_s_c2_in_for_b0000st_lambda_2_5310_0gr
# End time: 16:50:49 on Aug 11,2026, Elapsed time: 0:00:00
# Errors: 0, Warnings: 0
# Questa Intel FPGA Edition-64 vlog 2025.1 Compiler 2025.01 Jan 18 2025
# Start time: 16:50:49 on Aug 11,2026
# vlog -sv "+incdir+mpsim/sim" "+define+COSIM_LIB" -suppress 2388 -suppress 14408 -suppress 7061 ip/kernel_system/kernel_system_fpgaclue_alpaka_sys/fpgaclue_alpaka_sys_140/sim/const_lambda_2_B1_branch.sv -work fpgaclue_alpaka_sys_140 
# -- Compiling module const_lambda_2_B1_branch
# 
# Top level modules:
# 	const_lambda_2_B1_branch
# End time: 16:50:49 on Aug 11,2026, Elapsed time: 0:00:00
# Errors: 0, Warnings: 0
# Questa Intel FPGA Edition-64 vlog 2025.1 Compiler 2025.01 Jan 18 2025
# Start time: 16:50:49 on Aug 11,2026
# vlog -sv "+incdir+mpsim/sim" "+define+COSIM_LIB" -suppress 2388 -suppress 14408 -suppress 7061 ip/kernel_system/kernel_system_fpgaclue_alpaka_sys/fpgaclue_alpaka_sys_140/sim/const_lambda_2_B1_merge.sv -work fpgaclue_alpaka_sys_140 
# -- Compiling module const_lambda_2_B1_merge
# 
# Top level modules:
# 	const_lambda_2_B1_merge
# End time: 16:50:49 on Aug 11,2026, Elapsed time: 0:00:00
# Errors: 0, Warnings: 0
# Questa Intel FPGA Edition-64 vlog 2025.1 Compiler 2025.01 Jan 18 2025
# Start time: 16:50:49 on Aug 11,2026
# vlog -sv "+incdir+mpsim/sim" "+define+COSIM_LIB" -suppress 2388 -suppress 14408 -suppress 7061 ip/kernel_system/kernel_system_fpgaclue_alpaka_sys/fpgaclue_alpaka_sys_140/sim/const_lambda_2_bb_B1_sr_0.sv -work fpgaclue_alpaka_sys_140 
# -- Compiling module const_lambda_2_bb_B1_sr_0
# 
# Top level modules:
# 	const_lambda_2_bb_B1_sr_0
# End time: 16:50:49 on Aug 11,2026, Elapsed time: 0:00:00
# Errors: 0, Warnings: 0
# Questa Intel FPGA Edition-64 vlog 2025.1 Compiler 2025.01 Jan 18 2025
# Start time: 16:50:49 on Aug 11,2026
# vlog -sv "+incdir+mpsim/sim" "+define+COSIM_LIB" -suppress 2388 -suppress 14408 -suppress 7061 ip/kernel_system/kernel_system_fpgaclue_alpaka_sys/fpgaclue_alpaka_sys_140/sim/const_lambda_2_bb_B1_sr_1.sv -work fpgaclue_alpaka_sys_140 
# -- Compiling module const_lambda_2_bb_B1_sr_1
# 
# Top level modules:
# 	const_lambda_2_bb_B1_sr_1
# End time: 16:50:49 on Aug 11,2026, Elapsed time: 0:00:00
# Errors: 0, Warnings: 0
# Questa Intel FPGA Edition-64 vlog 2025.1 Compiler 2025.01 Jan 18 2025
# Start time: 16:50:49 on Aug 11,2026
# vlog -sv "+incdir+mpsim/sim" "+define+COSIM_LIB" -suppress 2388 -suppress 14408 -suppress 7061 ip/kernel_system/kernel_system_fpgaclue_alpaka_sys/fpgaclue_alpaka_sys_140/sim/const_lambda_2_bb_B2.sv -work fpgaclue_alpaka_sys_140 
# -- Compiling module const_lambda_2_bb_B2
# 
# Top level modules:
# 	const_lambda_2_bb_B2
# End time: 16:50:49 on Aug 11,2026, Elapsed time: 0:00:00
# Errors: 0, Warnings: 0
# Questa Intel FPGA Edition-64 vlog 2025.1 Compiler 2025.01 Jan 18 2025
# Start time: 16:50:49 on Aug 11,2026
# vlog -sv "+incdir+mpsim/sim" "+define+COSIM_LIB" -suppress 2388 -suppress 14408 -suppress 7061 ip/kernel_system/kernel_system_fpgaclue_alpaka_sys/fpgaclue_alpaka_sys_140/sim/const_lambda_2_bb_B2_stall_region.sv -work fpgaclue_alpaka_sys_140 
# -- Compiling module const_lambda_2_bb_B2_stall_region
# 
# Top level modules:
# 	const_lambda_2_bb_B2_stall_region
# End time: 16:50:49 on Aug 11,2026, Elapsed time: 0:00:00
# Errors: 0, Warnings: 0
# Questa Intel FPGA Edition-64 vlog 2025.1 Compiler 2025.01 Jan 18 2025
# Start time: 16:50:49 on Aug 11,2026
# vlog -sv "+incdir+mpsim/sim" "+define+COSIM_LIB" -suppress 2388 -suppress 14408 -suppress 7061 ip/kernel_system/kernel_system_fpgaclue_alpaka_sys/fpgaclue_alpaka_sys_140/sim/const_lambda_2_i_llvm_fpga_mem_unnamed_10000st_lambda_2_5619_0gr.sv -work fpgaclue_alpaka_sys_140 
# -- Compiling module const_lambda_2_i_llvm_fpga_mem_unnamed_10000st_lambda_2_5619_0gr
# 
# Top level modules:
# 	const_lambda_2_i_llvm_fpga_mem_unnamed_10000st_lambda_2_5619_0gr
# End time: 16:50:49 on Aug 11,2026, Elapsed time: 0:00:00
# Errors: 0, Warnings: 0
# Questa Intel FPGA Edition-64 vlog 2025.1 Compiler 2025.01 Jan 18 2025
# Start time: 16:50:49 on Aug 11,2026
# vlog -sv "+incdir+mpsim/sim" "+define+COSIM_LIB" -suppress 2388 -suppress 14408 -suppress 7061 ip/kernel_system/kernel_system_fpgaclue_alpaka_sys/fpgaclue_alpaka_sys_140/sim/const_lambda_2_readdata_reg_unnamed_17_const_lambda_24.sv -work fpgaclue_alpaka_sys_140 
# -- Compiling module const_lambda_2_readdata_reg_unnamed_17_const_lambda_24
# 
# Top level modules:
# 	const_lambda_2_readdata_reg_unnamed_17_const_lambda_24
# End time: 16:50:49 on Aug 11,2026, Elapsed time: 0:00:00
# Errors: 0, Warnings: 0
# Questa Intel FPGA Edition-64 vlog 2025.1 Compiler 2025.01 Jan 18 2025
# Start time: 16:50:49 on Aug 11,2026
# vlog -sv "+incdir+mpsim/sim" "+define+COSIM_LIB" -suppress 2388 -suppress 14408 -suppress 7061 ip/kernel_system/kernel_system_fpgaclue_alpaka_sys/fpgaclue_alpaka_sys_140/sim/const_lambda_2_i_llvm_fpga_mem_unnamed_10000st_lambda_2_5682_0gr.sv -work fpgaclue_alpaka_sys_140 
# -- Compiling module const_lambda_2_i_llvm_fpga_mem_unnamed_10000st_lambda_2_5682_0gr
# 
# Top level modules:
# 	const_lambda_2_i_llvm_fpga_mem_unnamed_10000st_lambda_2_5682_0gr
# End time: 16:50:49 on Aug 11,2026, Elapsed time: 0:00:00
# Errors: 0, Warnings: 0
# Questa Intel FPGA Edition-64 vlog 2025.1 Compiler 2025.01 Jan 18 2025
# Start time: 16:50:50 on Aug 11,2026
# vlog -sv "+incdir+mpsim/sim" "+define+COSIM_LIB" -suppress 2388 -suppress 14408 -suppress 7061 ip/kernel_system/kernel_system_fpgaclue_alpaka_sys/fpgaclue_alpaka_sys_140/sim/const_lambda_2_readdata_reg_unnamed_18_const_lambda_25.sv -work fpgaclue_alpaka_sys_140 
# -- Compiling module const_lambda_2_readdata_reg_unnamed_18_const_lambda_25
# 
# Top level modules:
# 	const_lambda_2_readdata_reg_unnamed_18_const_lambda_25
# End time: 16:50:50 on Aug 11,2026, Elapsed time: 0:00:00
# Errors: 0, Warnings: 0
# Questa Intel FPGA Edition-64 vlog 2025.1 Compiler 2025.01 Jan 18 2025
# Start time: 16:50:50 on Aug 11,2026
# vlog -sv "+incdir+mpsim/sim" "+define+COSIM_LIB" -suppress 2388 -suppress 14408 -suppress 7061 ip/kernel_system/kernel_system_fpgaclue_alpaka_sys/fpgaclue_alpaka_sys_140/sim/const_lambda_2_i_llvm_fpga_mem_unnamed_10000st_lambda_2_5780_0gr.sv -work fpgaclue_alpaka_sys_140 
# -- Compiling module const_lambda_2_i_llvm_fpga_mem_unnamed_10000st_lambda_2_5780_0gr
# 
# Top level modules:
# 	const_lambda_2_i_llvm_fpga_mem_unnamed_10000st_lambda_2_5780_0gr
# End time: 16:50:50 on Aug 11,2026, Elapsed time: 0:00:00
# Errors: 0, Warnings: 0
# Questa Intel FPGA Edition-64 vlog 2025.1 Compiler 2025.01 Jan 18 2025
# Start time: 16:50:50 on Aug 11,2026
# vlog -sv "+incdir+mpsim/sim" "+define+COSIM_LIB" -suppress 2388 -suppress 14408 -suppress 7061 ip/kernel_system/kernel_system_fpgaclue_alpaka_sys/fpgaclue_alpaka_sys_140/sim/const_lambda_2_readdata_reg_unnamed_19_const_lambda_26.sv -work fpgaclue_alpaka_sys_140 
# -- Compiling module const_lambda_2_readdata_reg_unnamed_19_const_lambda_26
# 
# Top level modules:
# 	const_lambda_2_readdata_reg_unnamed_19_const_lambda_26
# End time: 16:50:50 on Aug 11,2026, Elapsed time: 0:00:00
# Errors: 0, Warnings: 0
# Questa Intel FPGA Edition-64 vlog 2025.1 Compiler 2025.01 Jan 18 2025
# Start time: 16:50:50 on Aug 11,2026
# vlog -sv "+incdir+mpsim/sim" "+define+COSIM_LIB" -suppress 2388 -suppress 14408 -suppress 7061 ip/kernel_system/kernel_system_fpgaclue_alpaka_sys/fpgaclue_alpaka_sys_140/sim/const_lambda_2_i_llvm_fpga_mem_unnamed_20000st_lambda_2_5803_0gr.sv -work fpgaclue_alpaka_sys_140 
# -- Compiling module const_lambda_2_i_llvm_fpga_mem_unnamed_20000st_lambda_2_5803_0gr
# 
# Top level modules:
# 	const_lambda_2_i_llvm_fpga_mem_unnamed_20000st_lambda_2_5803_0gr
# End time: 16:50:50 on Aug 11,2026, Elapsed time: 0:00:00
# Errors: 0, Warnings: 0
# Questa Intel FPGA Edition-64 vlog 2025.1 Compiler 2025.01 Jan 18 2025
# Start time: 16:50:50 on Aug 11,2026
# vlog -sv "+incdir+mpsim/sim" "+define+COSIM_LIB" -suppress 2388 -suppress 14408 -suppress 7061 ip/kernel_system/kernel_system_fpgaclue_alpaka_sys/fpgaclue_alpaka_sys_140/sim/const_lambda_2_readdata_reg_unnamed_20_const_lambda_27.sv -work fpgaclue_alpaka_sys_140 
# -- Compiling module const_lambda_2_readdata_reg_unnamed_20_const_lambda_27
# 
# Top level modules:
# 	const_lambda_2_readdata_reg_unnamed_20_const_lambda_27
# End time: 16:50:50 on Aug 11,2026, Elapsed time: 0:00:00
# Errors: 0, Warnings: 0
# Questa Intel FPGA Edition-64 vlog 2025.1 Compiler 2025.01 Jan 18 2025
# Start time: 16:50:50 on Aug 11,2026
# vlog -sv "+incdir+mpsim/sim" "+define+COSIM_LIB" -suppress 2388 -suppress 14408 -suppress 7061 ip/kernel_system/kernel_system_fpgaclue_alpaka_sys/fpgaclue_alpaka_sys_140/sim/const_lambda_2_i_llvm_fpga_mem_unnamed_20000st_lambda_2_5826_0gr.sv -work fpgaclue_alpaka_sys_140 
# -- Compiling module const_lambda_2_i_llvm_fpga_mem_unnamed_20000st_lambda_2_5826_0gr
# 
# Top level modules:
# 	const_lambda_2_i_llvm_fpga_mem_unnamed_20000st_lambda_2_5826_0gr
# End time: 16:50:50 on Aug 11,2026, Elapsed time: 0:00:00
# Errors: 0, Warnings: 0
# Questa Intel FPGA Edition-64 vlog 2025.1 Compiler 2025.01 Jan 18 2025
# Start time: 16:50:50 on Aug 11,2026
# vlog -sv "+incdir+mpsim/sim" "+define+COSIM_LIB" -suppress 2388 -suppress 14408 -suppress 7061 ip/kernel_system/kernel_system_fpgaclue_alpaka_sys/fpgaclue_alpaka_sys_140/sim/const_lambda_2_readdata_reg_unnamed_21_const_lambda_28.sv -work fpgaclue_alpaka_sys_140 
# -- Compiling module const_lambda_2_readdata_reg_unnamed_21_const_lambda_28
# 
# Top level modules:
# 	const_lambda_2_readdata_reg_unnamed_21_const_lambda_28
# End time: 16:50:50 on Aug 11,2026, Elapsed time: 0:00:00
# Errors: 0, Warnings: 0
# Questa Intel FPGA Edition-64 vlog 2025.1 Compiler 2025.01 Jan 18 2025
# Start time: 16:50:50 on Aug 11,2026
# vlog -sv "+incdir+mpsim/sim" "+define+COSIM_LIB" -suppress 2388 -suppress 14408 -suppress 7061 ip/kernel_system/kernel_system_fpgaclue_alpaka_sys/fpgaclue_alpaka_sys_140/sim/const_lambda_2_B2_merge_reg.sv -work fpgaclue_alpaka_sys_140 
# -- Compiling module const_lambda_2_B2_merge_reg
# 
# Top level modules:
# 	const_lambda_2_B2_merge_reg
# End time: 16:50:50 on Aug 11,2026, Elapsed time: 0:00:00
# Errors: 0, Warnings: 0
# Questa Intel FPGA Edition-64 vlog 2025.1 Compiler 2025.01 Jan 18 2025
# Start time: 16:50:50 on Aug 11,2026
# vlog -sv "+incdir+mpsim/sim" "+define+COSIM_LIB" -suppress 2388 -suppress 14408 -suppress 7061 ip/kernel_system/kernel_system_fpgaclue_alpaka_sys/fpgaclue_alpaka_sys_140/sim/const_lambda_2_i_sfc_s_c0_in_for_cond30_0000st_lambda_2_5514_1gr.sv -work fpgaclue_alpaka_sys_140 
# -- Compiling module const_lambda_2_i_sfc_s_c0_in_for_cond30_0000st_lambda_2_5514_1gr
# 
# Top level modules:
# 	const_lambda_2_i_sfc_s_c0_in_for_cond30_0000st_lambda_2_5514_1gr
# End time: 16:50:50 on Aug 11,2026, Elapsed time: 0:00:00
# Errors: 0, Warnings: 0
# Questa Intel FPGA Edition-64 vlog 2025.1 Compiler 2025.01 Jan 18 2025
# Start time: 16:50:50 on Aug 11,2026
# vlog -sv "+incdir+mpsim/sim" "+define+COSIM_LIB" -suppress 2388 -suppress 14408 -suppress 7061 ip/kernel_system/kernel_system_fpgaclue_alpaka_sys/fpgaclue_alpaka_sys_140/sim/const_lambda_2_i_llvm_fpga_sfc_exit_s_c00000st_lambda_2_5611_0gr.sv -work fpgaclue_alpaka_sys_140 
# -- Compiling module const_lambda_2_i_llvm_fpga_sfc_exit_s_c00000st_lambda_2_5611_0gr
# 
# Top level modules:
# 	const_lambda_2_i_llvm_fpga_sfc_exit_s_c00000st_lambda_2_5611_0gr
# End time: 16:50:50 on Aug 11,2026, Elapsed time: 0:00:00
# Errors: 0, Warnings: 0
# Questa Intel FPGA Edition-64 vlog 2025.1 Compiler 2025.01 Jan 18 2025
# Start time: 16:50:50 on Aug 11,2026
# vlog -sv "+incdir+mpsim/sim" "+define+COSIM_LIB" -suppress 2388 -suppress 14408 -suppress 7061 ip/kernel_system/kernel_system_fpgaclue_alpaka_sys/fpgaclue_alpaka_sys_140/sim/const_lambda_2_i_llvm_fpga_sfc_exit_s_c0000032_1gr_full_detector.sv -work fpgaclue_alpaka_sys_140 
# -- Compiling module const_lambda_2_i_llvm_fpga_sfc_exit_s_c0000032_1gr_full_detector
# 
# Top level modules:
# 	const_lambda_2_i_llvm_fpga_sfc_exit_s_c0000032_1gr_full_detector
# End time: 16:50:50 on Aug 11,2026, Elapsed time: 0:00:00
# Errors: 0, Warnings: 0
# Questa Intel FPGA Edition-64 vlog 2025.1 Compiler 2025.01 Jan 18 2025
# Start time: 16:50:50 on Aug 11,2026
# vlog -sv "+incdir+mpsim/sim" "+define+COSIM_LIB" -suppress 2388 -suppress 14408 -suppress 7061 ip/kernel_system/kernel_system_fpgaclue_alpaka_sys/fpgaclue_alpaka_sys_140/sim/const_lambda_2_i_llvm_fpga_sfc_exit_s_c000002_5611_1gr_data_fifo.sv -work fpgaclue_alpaka_sys_140 
# -- Compiling module const_lambda_2_i_llvm_fpga_sfc_exit_s_c000002_5611_1gr_data_fifo
# 
# Top level modules:
# 	const_lambda_2_i_llvm_fpga_sfc_exit_s_c000002_5611_1gr_data_fifo
# End time: 16:50:50 on Aug 11,2026, Elapsed time: 0:00:00
# Errors: 0, Warnings: 0
# Questa Intel FPGA Edition-64 vlog 2025.1 Compiler 2025.01 Jan 18 2025
# Start time: 16:50:50 on Aug 11,2026
# vlog -sv "+incdir+mpsim/sim" "+define+COSIM_LIB" -suppress 2388 -suppress 14408 -suppress 7061 ip/kernel_system/kernel_system_fpgaclue_alpaka_sys/fpgaclue_alpaka_sys_140/sim/const_lambda_2_i_sfc_logic_s_c0_in_for_c0000st_lambda_2_5532_0gr.sv -work fpgaclue_alpaka_sys_140 
# -- Compiling module const_lambda_2_i_sfc_logic_s_c0_in_for_c0000st_lambda_2_5532_0gr
# 
# Top level modules:
# 	const_lambda_2_i_sfc_logic_s_c0_in_for_c0000st_lambda_2_5532_0gr
# End time: 16:50:50 on Aug 11,2026, Elapsed time: 0:00:00
# Errors: 0, Warnings: 0
# Questa Intel FPGA Edition-64 vlog 2025.1 Compiler 2025.01 Jan 18 2025
# Start time: 16:50:50 on Aug 11,2026
# vlog -sv "+incdir+mpsim/sim" "+define+COSIM_LIB" -suppress 2388 -suppress 14408 -suppress 7061 ip/kernel_system/kernel_system_fpgaclue_alpaka_sys/fpgaclue_alpaka_sys_140/sim/const_lambda_2_i_sfc_s_c1_in_for_cond30_0000st_lambda_2_5514_5gr.sv -work fpgaclue_alpaka_sys_140 
# -- Compiling module const_lambda_2_i_sfc_s_c1_in_for_cond30_0000st_lambda_2_5514_5gr
# 
# Top level modules:
# 	const_lambda_2_i_sfc_s_c1_in_for_cond30_0000st_lambda_2_5514_5gr
# End time: 16:50:50 on Aug 11,2026, Elapsed time: 0:00:00
# Errors: 0, Warnings: 0
# Questa Intel FPGA Edition-64 vlog 2025.1 Compiler 2025.01 Jan 18 2025
# Start time: 16:50:50 on Aug 11,2026
# vlog -sv "+incdir+mpsim/sim" "+define+COSIM_LIB" -suppress 2388 -suppress 14408 -suppress 7061 ip/kernel_system/kernel_system_fpgaclue_alpaka_sys/fpgaclue_alpaka_sys_140/sim/const_lambda_2_i_llvm_fpga_sfc_exit_s_c10000st_lambda_2_5674_0gr.sv -work fpgaclue_alpaka_sys_140 
# -- Compiling module const_lambda_2_i_llvm_fpga_sfc_exit_s_c10000st_lambda_2_5674_0gr
# 
# Top level modules:
# 	const_lambda_2_i_llvm_fpga_sfc_exit_s_c10000st_lambda_2_5674_0gr
# End time: 16:50:51 on Aug 11,2026, Elapsed time: 0:00:01
# Errors: 0, Warnings: 0
# Questa Intel FPGA Edition-64 vlog 2025.1 Compiler 2025.01 Jan 18 2025
# Start time: 16:50:51 on Aug 11,2026
# vlog -sv "+incdir+mpsim/sim" "+define+COSIM_LIB" -suppress 2388 -suppress 14408 -suppress 7061 ip/kernel_system/kernel_system_fpgaclue_alpaka_sys/fpgaclue_alpaka_sys_140/sim/const_lambda_2_i_llvm_fpga_sfc_exit_s_c1000044_1gr_full_detector.sv -work fpgaclue_alpaka_sys_140 
# -- Compiling module const_lambda_2_i_llvm_fpga_sfc_exit_s_c1000044_1gr_full_detector
# 
# Top level modules:
# 	const_lambda_2_i_llvm_fpga_sfc_exit_s_c1000044_1gr_full_detector
# End time: 16:50:51 on Aug 11,2026, Elapsed time: 0:00:00
# Errors: 0, Warnings: 0
# Questa Intel FPGA Edition-64 vlog 2025.1 Compiler 2025.01 Jan 18 2025
# Start time: 16:50:51 on Aug 11,2026
# vlog -sv "+incdir+mpsim/sim" "+define+COSIM_LIB" -suppress 2388 -suppress 14408 -suppress 7061 ip/kernel_system/kernel_system_fpgaclue_alpaka_sys/fpgaclue_alpaka_sys_140/sim/const_lambda_2_i_llvm_fpga_sfc_exit_s_c100002_5674_1gr_data_fifo.sv -work fpgaclue_alpaka_sys_140 
# -- Compiling module const_lambda_2_i_llvm_fpga_sfc_exit_s_c100002_5674_1gr_data_fifo
# 
# Top level modules:
# 	const_lambda_2_i_llvm_fpga_sfc_exit_s_c100002_5674_1gr_data_fifo
# End time: 16:50:51 on Aug 11,2026, Elapsed time: 0:00:00
# Errors: 0, Warnings: 0
# Questa Intel FPGA Edition-64 vlog 2025.1 Compiler 2025.01 Jan 18 2025
# Start time: 16:50:51 on Aug 11,2026
# vlog -sv "+incdir+mpsim/sim" "+define+COSIM_LIB" -suppress 2388 -suppress 14408 -suppress 7061 ip/kernel_system/kernel_system_fpgaclue_alpaka_sys/fpgaclue_alpaka_sys_140/sim/const_lambda_2_i_sfc_logic_s_c1_in_for_c0000st_lambda_2_5644_0gr.sv -work fpgaclue_alpaka_sys_140 
# -- Compiling module const_lambda_2_i_sfc_logic_s_c1_in_for_c0000st_lambda_2_5644_0gr
# 
# Top level modules:
# 	const_lambda_2_i_sfc_logic_s_c1_in_for_c0000st_lambda_2_5644_0gr
# End time: 16:50:51 on Aug 11,2026, Elapsed time: 0:00:00
# Errors: 0, Warnings: 0
# Questa Intel FPGA Edition-64 vlog 2025.1 Compiler 2025.01 Jan 18 2025
# Start time: 16:50:51 on Aug 11,2026
# vlog -sv "+incdir+mpsim/sim" "+define+COSIM_LIB" -suppress 2388 -suppress 14408 -suppress 7061 ip/kernel_system/kernel_system_fpgaclue_alpaka_sys/fpgaclue_alpaka_sys_140/sim/const_lambda_2_i_sfc_s_c2_in_for_cond30_0000nst_lambda_2_5514_18.sv -work fpgaclue_alpaka_sys_140 
# -- Compiling module const_lambda_2_i_sfc_s_c2_in_for_cond30_0000nst_lambda_2_5514_18
# 
# Top level modules:
# 	const_lambda_2_i_sfc_s_c2_in_for_cond30_0000nst_lambda_2_5514_18
# End time: 16:50:51 on Aug 11,2026, Elapsed time: 0:00:00
# Errors: 0, Warnings: 0
# Questa Intel FPGA Edition-64 vlog 2025.1 Compiler 2025.01 Jan 18 2025
# Start time: 16:50:51 on Aug 11,2026
# vlog -sv "+incdir+mpsim/sim" "+define+COSIM_LIB" -suppress 2388 -suppress 14408 -suppress 7061 ip/kernel_system/kernel_system_fpgaclue_alpaka_sys/fpgaclue_alpaka_sys_140/sim/const_lambda_2_i_llvm_fpga_sfc_exit_s_c20000st_lambda_2_5905_0gr.sv -work fpgaclue_alpaka_sys_140 
# -- Compiling module const_lambda_2_i_llvm_fpga_sfc_exit_s_c20000st_lambda_2_5905_0gr
# 
# Top level modules:
# 	const_lambda_2_i_llvm_fpga_sfc_exit_s_c20000st_lambda_2_5905_0gr
# End time: 16:50:51 on Aug 11,2026, Elapsed time: 0:00:00
# Errors: 0, Warnings: 0
# Questa Intel FPGA Edition-64 vlog 2025.1 Compiler 2025.01 Jan 18 2025
# Start time: 16:50:51 on Aug 11,2026
# vlog -sv "+incdir+mpsim/sim" "+define+COSIM_LIB" -suppress 2388 -suppress 14408 -suppress 7061 ip/kernel_system/kernel_system_fpgaclue_alpaka_sys/fpgaclue_alpaka_sys_140/sim/const_lambda_2_i_llvm_fpga_sfc_exit_s_c2000051_1gr_full_detector.sv -work fpgaclue_alpaka_sys_140 
# -- Compiling module const_lambda_2_i_llvm_fpga_sfc_exit_s_c2000051_1gr_full_detector
# 
# Top level modules:
# 	const_lambda_2_i_llvm_fpga_sfc_exit_s_c2000051_1gr_full_detector
# End time: 16:50:51 on Aug 11,2026, Elapsed time: 0:00:00
# Errors: 0, Warnings: 0
# Questa Intel FPGA Edition-64 vlog 2025.1 Compiler 2025.01 Jan 18 2025
# Start time: 16:50:51 on Aug 11,2026
# vlog -sv "+incdir+mpsim/sim" "+define+COSIM_LIB" -suppress 2388 -suppress 14408 -suppress 7061 ip/kernel_system/kernel_system_fpgaclue_alpaka_sys/fpgaclue_alpaka_sys_140/sim/const_lambda_2_i_llvm_fpga_sfc_exit_s_c200002_5905_1gr_data_fifo.sv -work fpgaclue_alpaka_sys_140 
# -- Compiling module const_lambda_2_i_llvm_fpga_sfc_exit_s_c200002_5905_1gr_data_fifo
# 
# Top level modules:
# 	const_lambda_2_i_llvm_fpga_sfc_exit_s_c200002_5905_1gr_data_fifo
# End time: 16:50:51 on Aug 11,2026, Elapsed time: 0:00:00
# Errors: 0, Warnings: 0
# Questa Intel FPGA Edition-64 vlog 2025.1 Compiler 2025.01 Jan 18 2025
# Start time: 16:50:51 on Aug 11,2026
# vlog -sv "+incdir+mpsim/sim" "+define+COSIM_LIB" -suppress 2388 -suppress 14408 -suppress 7061 ip/kernel_system/kernel_system_fpgaclue_alpaka_sys/fpgaclue_alpaka_sys_140/sim/const_lambda_2_i_sfc_logic_s_c2_in_for_c0000st_lambda_2_5851_0gr.sv -work fpgaclue_alpaka_sys_140 
# -- Compiling module const_lambda_2_i_sfc_logic_s_c2_in_for_c0000st_lambda_2_5851_0gr
# 
# Top level modules:
# 	const_lambda_2_i_sfc_logic_s_c2_in_for_c0000st_lambda_2_5851_0gr
# End time: 16:50:51 on Aug 11,2026, Elapsed time: 0:00:00
# Errors: 0, Warnings: 0
# Questa Intel FPGA Edition-64 vlog 2025.1 Compiler 2025.01 Jan 18 2025
# Start time: 16:50:51 on Aug 11,2026
# vlog -sv "+incdir+mpsim/sim" "+define+COSIM_LIB" -suppress 2388 -suppress 14408 -suppress 7061 ip/kernel_system/kernel_system_fpgaclue_alpaka_sys/fpgaclue_alpaka_sys_140/sim/const_lambda_2_i_sfc_s_c3_in_for_cond30_0000nst_lambda_2_5514_12.sv -work fpgaclue_alpaka_sys_140 
# -- Compiling module const_lambda_2_i_sfc_s_c3_in_for_cond30_0000nst_lambda_2_5514_12
# 
# Top level modules:
# 	const_lambda_2_i_sfc_s_c3_in_for_cond30_0000nst_lambda_2_5514_12
# End time: 16:50:51 on Aug 11,2026, Elapsed time: 0:00:00
# Errors: 0, Warnings: 0
# Questa Intel FPGA Edition-64 vlog 2025.1 Compiler 2025.01 Jan 18 2025
# Start time: 16:50:51 on Aug 11,2026
# vlog -sv "+incdir+mpsim/sim" "+define+COSIM_LIB" -suppress 2388 -suppress 14408 -suppress 7061 ip/kernel_system/kernel_system_fpgaclue_alpaka_sys/fpgaclue_alpaka_sys_140/sim/const_lambda_2_i_llvm_fpga_sfc_exit_s_c30000st_lambda_2_5772_0gr.sv -work fpgaclue_alpaka_sys_140 
# -- Compiling module const_lambda_2_i_llvm_fpga_sfc_exit_s_c30000st_lambda_2_5772_0gr
# 
# Top level modules:
# 	const_lambda_2_i_llvm_fpga_sfc_exit_s_c30000st_lambda_2_5772_0gr
# End time: 16:50:51 on Aug 11,2026, Elapsed time: 0:00:00
# Errors: 0, Warnings: 0
# Questa Intel FPGA Edition-64 vlog 2025.1 Compiler 2025.01 Jan 18 2025
# Start time: 16:50:51 on Aug 11,2026
# vlog -sv "+incdir+mpsim/sim" "+define+COSIM_LIB" -suppress 2388 -suppress 14408 -suppress 7061 ip/kernel_system/kernel_system_fpgaclue_alpaka_sys/fpgaclue_alpaka_sys_140/sim/const_lambda_2_i_llvm_fpga_sfc_exit_s_c3000059_1gr_full_detector.sv -work fpgaclue_alpaka_sys_140 
# -- Compiling module const_lambda_2_i_llvm_fpga_sfc_exit_s_c3000059_1gr_full_detector
# 
# Top level modules:
# 	const_lambda_2_i_llvm_fpga_sfc_exit_s_c3000059_1gr_full_detector
# End time: 16:50:51 on Aug 11,2026, Elapsed time: 0:00:00
# Errors: 0, Warnings: 0
# Questa Intel FPGA Edition-64 vlog 2025.1 Compiler 2025.01 Jan 18 2025
# Start time: 16:50:51 on Aug 11,2026
# vlog -sv "+incdir+mpsim/sim" "+define+COSIM_LIB" -suppress 2388 -suppress 14408 -suppress 7061 ip/kernel_system/kernel_system_fpgaclue_alpaka_sys/fpgaclue_alpaka_sys_140/sim/const_lambda_2_i_llvm_fpga_sfc_exit_s_c300002_5772_1gr_data_fifo.sv -work fpgaclue_alpaka_sys_140 
# -- Compiling module const_lambda_2_i_llvm_fpga_sfc_exit_s_c300002_5772_1gr_data_fifo
# 
# Top level modules:
# 	const_lambda_2_i_llvm_fpga_sfc_exit_s_c300002_5772_1gr_data_fifo
# End time: 16:50:51 on Aug 11,2026, Elapsed time: 0:00:00
# Errors: 0, Warnings: 0
# Questa Intel FPGA Edition-64 vlog 2025.1 Compiler 2025.01 Jan 18 2025
# Start time: 16:50:51 on Aug 11,2026
# vlog -sv "+incdir+mpsim/sim" "+define+COSIM_LIB" -suppress 2388 -suppress 14408 -suppress 7061 ip/kernel_system/kernel_system_fpgaclue_alpaka_sys/fpgaclue_alpaka_sys_140/sim/const_lambda_2_i_sfc_logic_s_c3_in_for_c0000st_lambda_2_5759_0gr.sv -work fpgaclue_alpaka_sys_140 
# -- Compiling module const_lambda_2_i_sfc_logic_s_c3_in_for_c0000st_lambda_2_5759_0gr
# 
# Top level modules:
# 	const_lambda_2_i_sfc_logic_s_c3_in_for_c0000st_lambda_2_5759_0gr
# End time: 16:50:51 on Aug 11,2026, Elapsed time: 0:00:00
# Errors: 0, Warnings: 0
# Questa Intel FPGA Edition-64 vlog 2025.1 Compiler 2025.01 Jan 18 2025
# Start time: 16:50:51 on Aug 11,2026
# vlog -sv "+incdir+mpsim/sim" "+define+COSIM_LIB" -suppress 2388 -suppress 14408 -suppress 7061 ip/kernel_system/kernel_system_fpgaclue_alpaka_sys/fpgaclue_alpaka_sys_140/sim/const_lambda_2_i_sfc_s_c4_in_for_cond30_0000st_lambda_2_5514_9gr.sv -work fpgaclue_alpaka_sys_140 
# -- Compiling module const_lambda_2_i_sfc_s_c4_in_for_cond30_0000st_lambda_2_5514_9gr
# 
# Top level modules:
# 	const_lambda_2_i_sfc_s_c4_in_for_cond30_0000st_lambda_2_5514_9gr
# End time: 16:50:51 on Aug 11,2026, Elapsed time: 0:00:00
# Errors: 0, Warnings: 0
# Questa Intel FPGA Edition-64 vlog 2025.1 Compiler 2025.01 Jan 18 2025
# Start time: 16:50:52 on Aug 11,2026
# vlog -sv "+incdir+mpsim/sim" "+define+COSIM_LIB" -suppress 2388 -suppress 14408 -suppress 7061 ip/kernel_system/kernel_system_fpgaclue_alpaka_sys/fpgaclue_alpaka_sys_140/sim/const_lambda_2_i_llvm_fpga_sfc_exit_s_c40000st_lambda_2_5749_0gr.sv -work fpgaclue_alpaka_sys_140 
# -- Compiling module const_lambda_2_i_llvm_fpga_sfc_exit_s_c40000st_lambda_2_5749_0gr
# 
# Top level modules:
# 	const_lambda_2_i_llvm_fpga_sfc_exit_s_c40000st_lambda_2_5749_0gr
# End time: 16:50:52 on Aug 11,2026, Elapsed time: 0:00:00
# Errors: 0, Warnings: 0
# Questa Intel FPGA Edition-64 vlog 2025.1 Compiler 2025.01 Jan 18 2025
# Start time: 16:50:52 on Aug 11,2026
# vlog -sv "+incdir+mpsim/sim" "+define+COSIM_LIB" -suppress 2388 -suppress 14408 -suppress 7061 ip/kernel_system/kernel_system_fpgaclue_alpaka_sys/fpgaclue_alpaka_sys_140/sim/const_lambda_2_i_llvm_fpga_sfc_exit_s_c4000007_1gr_full_detector.sv -work fpgaclue_alpaka_sys_140 
# -- Compiling module const_lambda_2_i_llvm_fpga_sfc_exit_s_c4000007_1gr_full_detector
# 
# Top level modules:
# 	const_lambda_2_i_llvm_fpga_sfc_exit_s_c4000007_1gr_full_detector
# End time: 16:50:52 on Aug 11,2026, Elapsed time: 0:00:00
# Errors: 0, Warnings: 0
# Questa Intel FPGA Edition-64 vlog 2025.1 Compiler 2025.01 Jan 18 2025
# Start time: 16:50:52 on Aug 11,2026
# vlog -sv "+incdir+mpsim/sim" "+define+COSIM_LIB" -suppress 2388 -suppress 14408 -suppress 7061 ip/kernel_system/kernel_system_fpgaclue_alpaka_sys/fpgaclue_alpaka_sys_140/sim/const_lambda_2_i_llvm_fpga_sfc_exit_s_c400002_5749_1gr_data_fifo.sv -work fpgaclue_alpaka_sys_140 
# -- Compiling module const_lambda_2_i_llvm_fpga_sfc_exit_s_c400002_5749_1gr_data_fifo
# 
# Top level modules:
# 	const_lambda_2_i_llvm_fpga_sfc_exit_s_c400002_5749_1gr_data_fifo
# End time: 16:50:52 on Aug 11,2026, Elapsed time: 0:00:00
# Errors: 0, Warnings: 0
# Questa Intel FPGA Edition-64 vlog 2025.1 Compiler 2025.01 Jan 18 2025
# Start time: 16:50:52 on Aug 11,2026
# vlog -sv "+incdir+mpsim/sim" "+define+COSIM_LIB" -suppress 2388 -suppress 14408 -suppress 7061 ip/kernel_system/kernel_system_fpgaclue_alpaka_sys/fpgaclue_alpaka_sys_140/sim/const_lambda_2_i_sfc_logic_s_c4_in_for_c0000st_lambda_2_5707_0gr.sv -work fpgaclue_alpaka_sys_140 
# -- Compiling module const_lambda_2_i_sfc_logic_s_c4_in_for_c0000st_lambda_2_5707_0gr
# 
# Top level modules:
# 	const_lambda_2_i_sfc_logic_s_c4_in_for_c0000st_lambda_2_5707_0gr
# End time: 16:50:52 on Aug 11,2026, Elapsed time: 0:00:00
# Errors: 0, Warnings: 0
# Questa Intel FPGA Edition-64 vlog 2025.1 Compiler 2025.01 Jan 18 2025
# Start time: 16:50:52 on Aug 11,2026
# vlog -sv "+incdir+mpsim/sim" "+define+COSIM_LIB" -suppress 2388 -suppress 14408 -suppress 7061 ip/kernel_system/kernel_system_fpgaclue_alpaka_sys/fpgaclue_alpaka_sys_140/sim/const_lambda_2_B2_branch.sv -work fpgaclue_alpaka_sys_140 
# -- Compiling module const_lambda_2_B2_branch
# 
# Top level modules:
# 	const_lambda_2_B2_branch
# End time: 16:50:52 on Aug 11,2026, Elapsed time: 0:00:00
# Errors: 0, Warnings: 0
# Questa Intel FPGA Edition-64 vlog 2025.1 Compiler 2025.01 Jan 18 2025
# Start time: 16:50:52 on Aug 11,2026
# vlog -sv "+incdir+mpsim/sim" "+define+COSIM_LIB" -suppress 2388 -suppress 14408 -suppress 7061 ip/kernel_system/kernel_system_fpgaclue_alpaka_sys/fpgaclue_alpaka_sys_140/sim/const_lambda_2_B2_merge.sv -work fpgaclue_alpaka_sys_140 
# -- Compiling module const_lambda_2_B2_merge
# 
# Top level modules:
# 	const_lambda_2_B2_merge
# End time: 16:50:52 on Aug 11,2026, Elapsed time: 0:00:00
# Errors: 0, Warnings: 0
# Questa Intel FPGA Edition-64 vlog 2025.1 Compiler 2025.01 Jan 18 2025
# Start time: 16:50:52 on Aug 11,2026
# vlog -sv "+incdir+mpsim/sim" "+define+COSIM_LIB" -suppress 2388 -suppress 14408 -suppress 7061 ip/kernel_system/kernel_system_fpgaclue_alpaka_sys/fpgaclue_alpaka_sys_140/sim/const_lambda_2_bb_B2_sr_0.sv -work fpgaclue_alpaka_sys_140 
# -- Compiling module const_lambda_2_bb_B2_sr_0
# 
# Top level modules:
# 	const_lambda_2_bb_B2_sr_0
# End time: 16:50:52 on Aug 11,2026, Elapsed time: 0:00:00
# Errors: 0, Warnings: 0
# Questa Intel FPGA Edition-64 vlog 2025.1 Compiler 2025.01 Jan 18 2025
# Start time: 16:50:52 on Aug 11,2026
# vlog -sv "+incdir+mpsim/sim" "+define+COSIM_LIB" -suppress 2388 -suppress 14408 -suppress 7061 ip/kernel_system/kernel_system_fpgaclue_alpaka_sys/fpgaclue_alpaka_sys_140/sim/const_lambda_2_bb_B2_sr_1.sv -work fpgaclue_alpaka_sys_140 
# -- Compiling module const_lambda_2_bb_B2_sr_1
# 
# Top level modules:
# 	const_lambda_2_bb_B2_sr_1
# End time: 16:50:52 on Aug 11,2026, Elapsed time: 0:00:00
# Errors: 0, Warnings: 0
# Questa Intel FPGA Edition-64 vlog 2025.1 Compiler 2025.01 Jan 18 2025
# Start time: 16:50:52 on Aug 11,2026
# vlog -sv "+incdir+mpsim/sim" "+define+COSIM_LIB" -suppress 2388 -suppress 14408 -suppress 7061 ip/kernel_system/kernel_system_fpgaclue_alpaka_sys/fpgaclue_alpaka_sys_140/sim/const_lambda_2_bb_B3.sv -work fpgaclue_alpaka_sys_140 
# -- Compiling module const_lambda_2_bb_B3
# 
# Top level modules:
# 	const_lambda_2_bb_B3
# End time: 16:50:52 on Aug 11,2026, Elapsed time: 0:00:00
# Errors: 0, Warnings: 0
# Questa Intel FPGA Edition-64 vlog 2025.1 Compiler 2025.01 Jan 18 2025
# Start time: 16:50:52 on Aug 11,2026
# vlog -sv "+incdir+mpsim/sim" "+define+COSIM_LIB" -suppress 2388 -suppress 14408 -suppress 7061 ip/kernel_system/kernel_system_fpgaclue_alpaka_sys/fpgaclue_alpaka_sys_140/sim/const_lambda_2_bb_B3_stall_region.sv -work fpgaclue_alpaka_sys_140 
# -- Compiling module const_lambda_2_bb_B3_stall_region
# 
# Top level modules:
# 	const_lambda_2_bb_B3_stall_region
# End time: 16:50:52 on Aug 11,2026, Elapsed time: 0:00:00
# Errors: 0, Warnings: 0
# Questa Intel FPGA Edition-64 vlog 2025.1 Compiler 2025.01 Jan 18 2025
# Start time: 16:50:52 on Aug 11,2026
# vlog -sv "+incdir+mpsim/sim" "+define+COSIM_LIB" -suppress 2388 -suppress 14408 -suppress 7061 ip/kernel_system/kernel_system_fpgaclue_alpaka_sys/fpgaclue_alpaka_sys_140/sim/const_lambda_2_i_llvm_fpga_mem_memdep_6190_0gr.sv -work fpgaclue_alpaka_sys_140 
# -- Compiling module const_lambda_2_i_llvm_fpga_mem_memdep_6190_0gr
# 
# Top level modules:
# 	const_lambda_2_i_llvm_fpga_mem_memdep_6190_0gr
# End time: 16:50:52 on Aug 11,2026, Elapsed time: 0:00:00
# Errors: 0, Warnings: 0
# Questa Intel FPGA Edition-64 vlog 2025.1 Compiler 2025.01 Jan 18 2025
# Start time: 16:50:52 on Aug 11,2026
# vlog -sv "+incdir+mpsim/sim" "+define+COSIM_LIB" -suppress 2388 -suppress 14408 -suppress 7061 ip/kernel_system/kernel_system_fpgaclue_alpaka_sys/fpgaclue_alpaka_sys_140/sim/const_lambda_2_i_llvm_fpga_mem_unnamed_20000st_lambda_2_6203_0gr.sv -work fpgaclue_alpaka_sys_140 
# -- Compiling module const_lambda_2_i_llvm_fpga_mem_unnamed_20000st_lambda_2_6203_0gr
# 
# Top level modules:
# 	const_lambda_2_i_llvm_fpga_mem_unnamed_20000st_lambda_2_6203_0gr
# End time: 16:50:52 on Aug 11,2026, Elapsed time: 0:00:00
# Errors: 0, Warnings: 0
# Questa Intel FPGA Edition-64 vlog 2025.1 Compiler 2025.01 Jan 18 2025
# Start time: 16:50:52 on Aug 11,2026
# vlog -sv "+incdir+mpsim/sim" "+define+COSIM_LIB" -suppress 2388 -suppress 14408 -suppress 7061 ip/kernel_system/kernel_system_fpgaclue_alpaka_sys/fpgaclue_alpaka_sys_140/sim/const_lambda_2_i_sfc_s_c0_in_for_cond_cl0000st_lambda_2_5949_6gr.sv -work fpgaclue_alpaka_sys_140 
# -- Compiling module const_lambda_2_i_sfc_s_c0_in_for_cond_cl0000st_lambda_2_5949_6gr
# 
# Top level modules:
# 	const_lambda_2_i_sfc_s_c0_in_for_cond_cl0000st_lambda_2_5949_6gr
# End time: 16:50:52 on Aug 11,2026, Elapsed time: 0:00:00
# Errors: 0, Warnings: 0
# Questa Intel FPGA Edition-64 vlog 2025.1 Compiler 2025.01 Jan 18 2025
# Start time: 16:50:52 on Aug 11,2026
# vlog -sv "+incdir+mpsim/sim" "+define+COSIM_LIB" -suppress 2388 -suppress 14408 -suppress 7061 ip/kernel_system/kernel_system_fpgaclue_alpaka_sys/fpgaclue_alpaka_sys_140/sim/const_lambda_2_i_llvm_fpga_sfc_exit_s_c00000st_lambda_2_6112_0gr.sv -work fpgaclue_alpaka_sys_140 
# -- Compiling module const_lambda_2_i_llvm_fpga_sfc_exit_s_c00000st_lambda_2_6112_0gr
# 
# Top level modules:
# 	const_lambda_2_i_llvm_fpga_sfc_exit_s_c00000st_lambda_2_6112_0gr
# End time: 16:50:52 on Aug 11,2026, Elapsed time: 0:00:00
# Errors: 0, Warnings: 0
# Questa Intel FPGA Edition-64 vlog 2025.1 Compiler 2025.01 Jan 18 2025
# Start time: 16:50:52 on Aug 11,2026
# vlog -sv "+incdir+mpsim/sim" "+define+COSIM_LIB" -suppress 2388 -suppress 14408 -suppress 7061 ip/kernel_system/kernel_system_fpgaclue_alpaka_sys/fpgaclue_alpaka_sys_140/sim/const_lambda_2_i_llvm_fpga_sfc_exit_s_c0000085_1gr_full_detector.sv -work fpgaclue_alpaka_sys_140 
# -- Compiling module const_lambda_2_i_llvm_fpga_sfc_exit_s_c0000085_1gr_full_detector
# 
# Top level modules:
# 	const_lambda_2_i_llvm_fpga_sfc_exit_s_c0000085_1gr_full_detector
# End time: 16:50:53 on Aug 11,2026, Elapsed time: 0:00:01
# Errors: 0, Warnings: 0
# Questa Intel FPGA Edition-64 vlog 2025.1 Compiler 2025.01 Jan 18 2025
# Start time: 16:50:53 on Aug 11,2026
# vlog -sv "+incdir+mpsim/sim" "+define+COSIM_LIB" -suppress 2388 -suppress 14408 -suppress 7061 ip/kernel_system/kernel_system_fpgaclue_alpaka_sys/fpgaclue_alpaka_sys_140/sim/const_lambda_2_i_llvm_fpga_sfc_exit_s_c000002_6112_1gr_data_fifo.sv -work fpgaclue_alpaka_sys_140 
# -- Compiling module const_lambda_2_i_llvm_fpga_sfc_exit_s_c000002_6112_1gr_data_fifo
# 
# Top level modules:
# 	const_lambda_2_i_llvm_fpga_sfc_exit_s_c000002_6112_1gr_data_fifo
# End time: 16:50:53 on Aug 11,2026, Elapsed time: 0:00:00
# Errors: 0, Warnings: 0
# Questa Intel FPGA Edition-64 vlog 2025.1 Compiler 2025.01 Jan 18 2025
# Start time: 16:50:53 on Aug 11,2026
# vlog -sv "+incdir+mpsim/sim" "+define+COSIM_LIB" -suppress 2388 -suppress 14408 -suppress 7061 ip/kernel_system/kernel_system_fpgaclue_alpaka_sys/fpgaclue_alpaka_sys_140/sim/const_lambda_2_i_sfc_logic_s_c0_in_for_c0000st_lambda_2_5985_0gr.sv -work fpgaclue_alpaka_sys_140 
# -- Compiling module const_lambda_2_i_sfc_logic_s_c0_in_for_c0000st_lambda_2_5985_0gr
# 
# Top level modules:
# 	const_lambda_2_i_sfc_logic_s_c0_in_for_c0000st_lambda_2_5985_0gr
# End time: 16:50:53 on Aug 11,2026, Elapsed time: 0:00:00
# Errors: 0, Warnings: 0
# Questa Intel FPGA Edition-64 vlog 2025.1 Compiler 2025.01 Jan 18 2025
# Start time: 16:50:53 on Aug 11,2026
# vlog -sv "+incdir+mpsim/sim" "+define+COSIM_LIB" -suppress 2388 -suppress 14408 -suppress 7061 ip/kernel_system/kernel_system_fpgaclue_alpaka_sys/fpgaclue_alpaka_sys_140/sim/const_lambda_2_i_llvm_fpga_sync_buffer_s0000nc_buffer19_6052_0gr.sv -work fpgaclue_alpaka_sys_140 
# -- Compiling module const_lambda_2_i_llvm_fpga_sync_buffer_s0000nc_buffer19_6052_0gr
# 
# Top level modules:
# 	const_lambda_2_i_llvm_fpga_sync_buffer_s0000nc_buffer19_6052_0gr
# End time: 16:50:53 on Aug 11,2026, Elapsed time: 0:00:00
# Errors: 0, Warnings: 0
# Questa Intel FPGA Edition-64 vlog 2025.1 Compiler 2025.01 Jan 18 2025
# Start time: 16:50:53 on Aug 11,2026
# vlog -sv "+incdir+mpsim/sim" "+define+COSIM_LIB" -suppress 2388 -suppress 14408 -suppress 7061 ip/kernel_system/kernel_system_fpgaclue_alpaka_sys/fpgaclue_alpaka_sys_140/sim/const_lambda_2_i_llvm_fpga_sync_buffer_s0000nc_buffer20_5993_0gr.sv -work fpgaclue_alpaka_sys_140 
# -- Compiling module const_lambda_2_i_llvm_fpga_sync_buffer_s0000nc_buffer20_5993_0gr
# 
# Top level modules:
# 	const_lambda_2_i_llvm_fpga_sync_buffer_s0000nc_buffer20_5993_0gr
# End time: 16:50:53 on Aug 11,2026, Elapsed time: 0:00:00
# Errors: 0, Warnings: 0
# Questa Intel FPGA Edition-64 vlog 2025.1 Compiler 2025.01 Jan 18 2025
# Start time: 16:50:53 on Aug 11,2026
# vlog -sv "+incdir+mpsim/sim" "+define+COSIM_LIB" -suppress 2388 -suppress 14408 -suppress 7061 ip/kernel_system/kernel_system_fpgaclue_alpaka_sys/fpgaclue_alpaka_sys_140/sim/const_lambda_2_i_sfc_s_c1_in_for_cond_cl0000nst_lambda_2_5949_17.sv -work fpgaclue_alpaka_sys_140 
# -- Compiling module const_lambda_2_i_sfc_s_c1_in_for_cond_cl0000nst_lambda_2_5949_17
# 
# Top level modules:
# 	const_lambda_2_i_sfc_s_c1_in_for_cond_cl0000nst_lambda_2_5949_17
# End time: 16:50:53 on Aug 11,2026, Elapsed time: 0:00:00
# Errors: 0, Warnings: 0
# Questa Intel FPGA Edition-64 vlog 2025.1 Compiler 2025.01 Jan 18 2025
# Start time: 16:50:53 on Aug 11,2026
# vlog -sv "+incdir+mpsim/sim" "+define+COSIM_LIB" -suppress 2388 -suppress 14408 -suppress 7061 ip/kernel_system/kernel_system_fpgaclue_alpaka_sys/fpgaclue_alpaka_sys_140/sim/const_lambda_2_i_llvm_fpga_sfc_exit_s_c10000st_lambda_2_6182_0gr.sv -work fpgaclue_alpaka_sys_140 
# -- Compiling module const_lambda_2_i_llvm_fpga_sfc_exit_s_c10000st_lambda_2_6182_0gr
# 
# Top level modules:
# 	const_lambda_2_i_llvm_fpga_sfc_exit_s_c10000st_lambda_2_6182_0gr
# End time: 16:50:53 on Aug 11,2026, Elapsed time: 0:00:00
# Errors: 0, Warnings: 0
# Questa Intel FPGA Edition-64 vlog 2025.1 Compiler 2025.01 Jan 18 2025
# Start time: 16:50:53 on Aug 11,2026
# vlog -sv "+incdir+mpsim/sim" "+define+COSIM_LIB" -suppress 2388 -suppress 14408 -suppress 7061 ip/kernel_system/kernel_system_fpgaclue_alpaka_sys/fpgaclue_alpaka_sys_140/sim/const_lambda_2_i_llvm_fpga_sfc_exit_s_c1000071_1gr_full_detector.sv -work fpgaclue_alpaka_sys_140 
# -- Compiling module const_lambda_2_i_llvm_fpga_sfc_exit_s_c1000071_1gr_full_detector
# 
# Top level modules:
# 	const_lambda_2_i_llvm_fpga_sfc_exit_s_c1000071_1gr_full_detector
# End time: 16:50:53 on Aug 11,2026, Elapsed time: 0:00:00
# Errors: 0, Warnings: 0
# Questa Intel FPGA Edition-64 vlog 2025.1 Compiler 2025.01 Jan 18 2025
# Start time: 16:50:53 on Aug 11,2026
# vlog -sv "+incdir+mpsim/sim" "+define+COSIM_LIB" -suppress 2388 -suppress 14408 -suppress 7061 ip/kernel_system/kernel_system_fpgaclue_alpaka_sys/fpgaclue_alpaka_sys_140/sim/const_lambda_2_i_llvm_fpga_sfc_exit_s_c100002_6182_1gr_data_fifo.sv -work fpgaclue_alpaka_sys_140 
# -- Compiling module const_lambda_2_i_llvm_fpga_sfc_exit_s_c100002_6182_1gr_data_fifo
# 
# Top level modules:
# 	const_lambda_2_i_llvm_fpga_sfc_exit_s_c100002_6182_1gr_data_fifo
# End time: 16:50:53 on Aug 11,2026, Elapsed time: 0:00:00
# Errors: 0, Warnings: 0
# Questa Intel FPGA Edition-64 vlog 2025.1 Compiler 2025.01 Jan 18 2025
# Start time: 16:50:53 on Aug 11,2026
# vlog -sv "+incdir+mpsim/sim" "+define+COSIM_LIB" -suppress 2388 -suppress 14408 -suppress 7061 ip/kernel_system/kernel_system_fpgaclue_alpaka_sys/fpgaclue_alpaka_sys_140/sim/const_lambda_2_i_sfc_logic_s_c1_in_for_c0000st_lambda_2_6171_0gr.sv -work fpgaclue_alpaka_sys_140 
# -- Compiling module const_lambda_2_i_sfc_logic_s_c1_in_for_c0000st_lambda_2_6171_0gr
# 
# Top level modules:
# 	const_lambda_2_i_sfc_logic_s_c1_in_for_c0000st_lambda_2_6171_0gr
# End time: 16:50:53 on Aug 11,2026, Elapsed time: 0:00:00
# Errors: 0, Warnings: 0
# Questa Intel FPGA Edition-64 vlog 2025.1 Compiler 2025.01 Jan 18 2025
# Start time: 16:50:53 on Aug 11,2026
# vlog -sv "+incdir+mpsim/sim" "+define+COSIM_LIB" -suppress 2388 -suppress 14408 -suppress 7061 ip/kernel_system/kernel_system_fpgaclue_alpaka_sys/fpgaclue_alpaka_sys_140/sim/const_lambda_2_i_sfc_s_c2_in_for_cond_cl0000st_lambda_2_5949_3gr.sv -work fpgaclue_alpaka_sys_140 
# -- Compiling module const_lambda_2_i_sfc_s_c2_in_for_cond_cl0000st_lambda_2_5949_3gr
# 
# Top level modules:
# 	const_lambda_2_i_sfc_s_c2_in_for_cond_cl0000st_lambda_2_5949_3gr
# End time: 16:50:53 on Aug 11,2026, Elapsed time: 0:00:00
# Errors: 0, Warnings: 0
# Questa Intel FPGA Edition-64 vlog 2025.1 Compiler 2025.01 Jan 18 2025
# Start time: 16:50:53 on Aug 11,2026
# vlog -sv "+incdir+mpsim/sim" "+define+COSIM_LIB" -suppress 2388 -suppress 14408 -suppress 7061 ip/kernel_system/kernel_system_fpgaclue_alpaka_sys/fpgaclue_alpaka_sys_140/sim/const_lambda_2_i_llvm_fpga_sfc_exit_s_c20000st_lambda_2_5975_0gr.sv -work fpgaclue_alpaka_sys_140 
# -- Compiling module const_lambda_2_i_llvm_fpga_sfc_exit_s_c20000st_lambda_2_5975_0gr
# 
# Top level modules:
# 	const_lambda_2_i_llvm_fpga_sfc_exit_s_c20000st_lambda_2_5975_0gr
# End time: 16:50:53 on Aug 11,2026, Elapsed time: 0:00:00
# Errors: 0, Warnings: 0
# Questa Intel FPGA Edition-64 vlog 2025.1 Compiler 2025.01 Jan 18 2025
# Start time: 16:50:53 on Aug 11,2026
# vlog -sv "+incdir+mpsim/sim" "+define+COSIM_LIB" -suppress 2388 -suppress 14408 -suppress 7061 ip/kernel_system/kernel_system_fpgaclue_alpaka_sys/fpgaclue_alpaka_sys_140/sim/const_lambda_2_i_llvm_fpga_sfc_exit_s_c2000060_1gr_full_detector.sv -work fpgaclue_alpaka_sys_140 
# -- Compiling module const_lambda_2_i_llvm_fpga_sfc_exit_s_c2000060_1gr_full_detector
# 
# Top level modules:
# 	const_lambda_2_i_llvm_fpga_sfc_exit_s_c2000060_1gr_full_detector
# End time: 16:50:53 on Aug 11,2026, Elapsed time: 0:00:00
# Errors: 0, Warnings: 0
# Questa Intel FPGA Edition-64 vlog 2025.1 Compiler 2025.01 Jan 18 2025
# Start time: 16:50:53 on Aug 11,2026
# vlog -sv "+incdir+mpsim/sim" "+define+COSIM_LIB" -suppress 2388 -suppress 14408 -suppress 7061 ip/kernel_system/kernel_system_fpgaclue_alpaka_sys/fpgaclue_alpaka_sys_140/sim/const_lambda_2_i_llvm_fpga_sfc_exit_s_c200002_5975_1gr_data_fifo.sv -work fpgaclue_alpaka_sys_140 
# -- Compiling module const_lambda_2_i_llvm_fpga_sfc_exit_s_c200002_5975_1gr_data_fifo
# 
# Top level modules:
# 	const_lambda_2_i_llvm_fpga_sfc_exit_s_c200002_5975_1gr_data_fifo
# End time: 16:50:53 on Aug 11,2026, Elapsed time: 0:00:00
# Errors: 0, Warnings: 0
# Questa Intel FPGA Edition-64 vlog 2025.1 Compiler 2025.01 Jan 18 2025
# Start time: 16:50:53 on Aug 11,2026
# vlog -sv "+incdir+mpsim/sim" "+define+COSIM_LIB" -suppress 2388 -suppress 14408 -suppress 7061 ip/kernel_system/kernel_system_fpgaclue_alpaka_sys/fpgaclue_alpaka_sys_140/sim/const_lambda_2_i_sfc_logic_s_c2_in_for_c0000st_lambda_2_5960_0gr.sv -work fpgaclue_alpaka_sys_140 
# -- Compiling module const_lambda_2_i_sfc_logic_s_c2_in_for_c0000st_lambda_2_5960_0gr
# 
# Top level modules:
# 	const_lambda_2_i_sfc_logic_s_c2_in_for_c0000st_lambda_2_5960_0gr
# End time: 16:50:54 on Aug 11,2026, Elapsed time: 0:00:01
# Errors: 0, Warnings: 0
# Questa Intel FPGA Edition-64 vlog 2025.1 Compiler 2025.01 Jan 18 2025
# Start time: 16:50:54 on Aug 11,2026
# vlog -sv "+incdir+mpsim/sim" "+define+COSIM_LIB" -suppress 2388 -suppress 14408 -suppress 7061 ip/kernel_system/kernel_system_fpgaclue_alpaka_sys/fpgaclue_alpaka_sys_140/sim/const_lambda_2_i_sfc_s_c3_in_for_cond_cl0000nst_lambda_2_5949_14.sv -work fpgaclue_alpaka_sys_140 
# -- Compiling module const_lambda_2_i_sfc_s_c3_in_for_cond_cl0000nst_lambda_2_5949_14
# 
# Top level modules:
# 	const_lambda_2_i_sfc_s_c3_in_for_cond_cl0000nst_lambda_2_5949_14
# End time: 16:50:54 on Aug 11,2026, Elapsed time: 0:00:00
# Errors: 0, Warnings: 0
# Questa Intel FPGA Edition-64 vlog 2025.1 Compiler 2025.01 Jan 18 2025
# Start time: 16:50:54 on Aug 11,2026
# vlog -sv "+incdir+mpsim/sim" "+define+COSIM_LIB" -suppress 2388 -suppress 14408 -suppress 7061 ip/kernel_system/kernel_system_fpgaclue_alpaka_sys/fpgaclue_alpaka_sys_140/sim/const_lambda_2_i_llvm_fpga_sfc_exit_s_c30000st_lambda_2_6161_0gr.sv -work fpgaclue_alpaka_sys_140 
# -- Compiling module const_lambda_2_i_llvm_fpga_sfc_exit_s_c30000st_lambda_2_6161_0gr
# 
# Top level modules:
# 	const_lambda_2_i_llvm_fpga_sfc_exit_s_c30000st_lambda_2_6161_0gr
# End time: 16:50:54 on Aug 11,2026, Elapsed time: 0:00:00
# Errors: 0, Warnings: 0
# Questa Intel FPGA Edition-64 vlog 2025.1 Compiler 2025.01 Jan 18 2025
# Start time: 16:50:54 on Aug 11,2026
# vlog -sv "+incdir+mpsim/sim" "+define+COSIM_LIB" -suppress 2388 -suppress 14408 -suppress 7061 ip/kernel_system/kernel_system_fpgaclue_alpaka_sys/fpgaclue_alpaka_sys_140/sim/const_lambda_2_i_llvm_fpga_sfc_exit_s_c3000050_1gr_full_detector.sv -work fpgaclue_alpaka_sys_140 
# -- Compiling module const_lambda_2_i_llvm_fpga_sfc_exit_s_c3000050_1gr_full_detector
# 
# Top level modules:
# 	const_lambda_2_i_llvm_fpga_sfc_exit_s_c3000050_1gr_full_detector
# End time: 16:50:54 on Aug 11,2026, Elapsed time: 0:00:00
# Errors: 0, Warnings: 0
# Questa Intel FPGA Edition-64 vlog 2025.1 Compiler 2025.01 Jan 18 2025
# Start time: 16:50:54 on Aug 11,2026
# vlog -sv "+incdir+mpsim/sim" "+define+COSIM_LIB" -suppress 2388 -suppress 14408 -suppress 7061 ip/kernel_system/kernel_system_fpgaclue_alpaka_sys/fpgaclue_alpaka_sys_140/sim/const_lambda_2_i_llvm_fpga_sfc_exit_s_c300002_6161_1gr_data_fifo.sv -work fpgaclue_alpaka_sys_140 
# -- Compiling module const_lambda_2_i_llvm_fpga_sfc_exit_s_c300002_6161_1gr_data_fifo
# 
# Top level modules:
# 	const_lambda_2_i_llvm_fpga_sfc_exit_s_c300002_6161_1gr_data_fifo
# End time: 16:50:54 on Aug 11,2026, Elapsed time: 0:00:00
# Errors: 0, Warnings: 0
# Questa Intel FPGA Edition-64 vlog 2025.1 Compiler 2025.01 Jan 18 2025
# Start time: 16:50:54 on Aug 11,2026
# vlog -sv "+incdir+mpsim/sim" "+define+COSIM_LIB" -suppress 2388 -suppress 14408 -suppress 7061 ip/kernel_system/kernel_system_fpgaclue_alpaka_sys/fpgaclue_alpaka_sys_140/sim/const_lambda_2_i_sfc_logic_s_c3_in_for_c0000st_lambda_2_6150_0gr.sv -work fpgaclue_alpaka_sys_140 
# -- Compiling module const_lambda_2_i_sfc_logic_s_c3_in_for_c0000st_lambda_2_6150_0gr
# 
# Top level modules:
# 	const_lambda_2_i_sfc_logic_s_c3_in_for_c0000st_lambda_2_6150_0gr
# End time: 16:50:54 on Aug 11,2026, Elapsed time: 0:00:00
# Errors: 0, Warnings: 0
# Questa Intel FPGA Edition-64 vlog 2025.1 Compiler 2025.01 Jan 18 2025
# Start time: 16:50:54 on Aug 11,2026
# vlog -sv "+incdir+mpsim/sim" "+define+COSIM_LIB" -suppress 2388 -suppress 14408 -suppress 7061 ip/kernel_system/kernel_system_fpgaclue_alpaka_sys/fpgaclue_alpaka_sys_140/sim/const_lambda_2_i_sfc_s_c4_in_for_cond_cl0000nst_lambda_2_5949_10.sv -work fpgaclue_alpaka_sys_140 
# -- Compiling module const_lambda_2_i_sfc_s_c4_in_for_cond_cl0000nst_lambda_2_5949_10
# 
# Top level modules:
# 	const_lambda_2_i_sfc_s_c4_in_for_cond_cl0000nst_lambda_2_5949_10
# End time: 16:50:54 on Aug 11,2026, Elapsed time: 0:00:00
# Errors: 0, Warnings: 0
# Questa Intel FPGA Edition-64 vlog 2025.1 Compiler 2025.01 Jan 18 2025
# Start time: 16:50:54 on Aug 11,2026
# vlog -sv "+incdir+mpsim/sim" "+define+COSIM_LIB" -suppress 2388 -suppress 14408 -suppress 7061 ip/kernel_system/kernel_system_fpgaclue_alpaka_sys/fpgaclue_alpaka_sys_140/sim/const_lambda_2_i_llvm_fpga_sfc_exit_s_c40000st_lambda_2_6138_0gr.sv -work fpgaclue_alpaka_sys_140 
# -- Compiling module const_lambda_2_i_llvm_fpga_sfc_exit_s_c40000st_lambda_2_6138_0gr
# 
# Top level modules:
# 	const_lambda_2_i_llvm_fpga_sfc_exit_s_c40000st_lambda_2_6138_0gr
# End time: 16:50:54 on Aug 11,2026, Elapsed time: 0:00:00
# Errors: 0, Warnings: 0
# Questa Intel FPGA Edition-64 vlog 2025.1 Compiler 2025.01 Jan 18 2025
# Start time: 16:50:54 on Aug 11,2026
# vlog -sv "+incdir+mpsim/sim" "+define+COSIM_LIB" -suppress 2388 -suppress 14408 -suppress 7061 ip/kernel_system/kernel_system_fpgaclue_alpaka_sys/fpgaclue_alpaka_sys_140/sim/const_lambda_2_i_llvm_fpga_sfc_exit_s_c4000026_1gr_full_detector.sv -work fpgaclue_alpaka_sys_140 
# -- Compiling module const_lambda_2_i_llvm_fpga_sfc_exit_s_c4000026_1gr_full_detector
# 
# Top level modules:
# 	const_lambda_2_i_llvm_fpga_sfc_exit_s_c4000026_1gr_full_detector
# End time: 16:50:54 on Aug 11,2026, Elapsed time: 0:00:00
# Errors: 0, Warnings: 0
# Questa Intel FPGA Edition-64 vlog 2025.1 Compiler 2025.01 Jan 18 2025
# Start time: 16:50:54 on Aug 11,2026
# vlog -sv "+incdir+mpsim/sim" "+define+COSIM_LIB" -suppress 2388 -suppress 14408 -suppress 7061 ip/kernel_system/kernel_system_fpgaclue_alpaka_sys/fpgaclue_alpaka_sys_140/sim/const_lambda_2_i_llvm_fpga_sfc_exit_s_c400002_6138_1gr_data_fifo.sv -work fpgaclue_alpaka_sys_140 
# -- Compiling module const_lambda_2_i_llvm_fpga_sfc_exit_s_c400002_6138_1gr_data_fifo
# 
# Top level modules:
# 	const_lambda_2_i_llvm_fpga_sfc_exit_s_c400002_6138_1gr_data_fifo
# End time: 16:50:54 on Aug 11,2026, Elapsed time: 0:00:00
# Errors: 0, Warnings: 0
# Questa Intel FPGA Edition-64 vlog 2025.1 Compiler 2025.01 Jan 18 2025
# Start time: 16:50:54 on Aug 11,2026
# vlog -sv "+incdir+mpsim/sim" "+define+COSIM_LIB" -suppress 2388 -suppress 14408 -suppress 7061 ip/kernel_system/kernel_system_fpgaclue_alpaka_sys/fpgaclue_alpaka_sys_140/sim/const_lambda_2_i_sfc_logic_s_c4_in_for_c0000st_lambda_2_6126_0gr.sv -work fpgaclue_alpaka_sys_140 
# -- Compiling module const_lambda_2_i_sfc_logic_s_c4_in_for_c0000st_lambda_2_6126_0gr
# 
# Top level modules:
# 	const_lambda_2_i_sfc_logic_s_c4_in_for_c0000st_lambda_2_6126_0gr
# End time: 16:50:54 on Aug 11,2026, Elapsed time: 0:00:00
# Errors: 0, Warnings: 0
# Questa Intel FPGA Edition-64 vlog 2025.1 Compiler 2025.01 Jan 18 2025
# Start time: 16:50:54 on Aug 11,2026
# vlog -sv "+incdir+mpsim/sim" "+define+COSIM_LIB" -suppress 2388 -suppress 14408 -suppress 7061 ip/kernel_system/kernel_system_fpgaclue_alpaka_sys/fpgaclue_alpaka_sys_140/sim/const_lambda_2_B3_branch.sv -work fpgaclue_alpaka_sys_140 
# -- Compiling module const_lambda_2_B3_branch
# 
# Top level modules:
# 	const_lambda_2_B3_branch
# End time: 16:50:54 on Aug 11,2026, Elapsed time: 0:00:00
# Errors: 0, Warnings: 0
# Questa Intel FPGA Edition-64 vlog 2025.1 Compiler 2025.01 Jan 18 2025
# Start time: 16:50:54 on Aug 11,2026
# vlog -sv "+incdir+mpsim/sim" "+define+COSIM_LIB" -suppress 2388 -suppress 14408 -suppress 7061 ip/kernel_system/kernel_system_fpgaclue_alpaka_sys/fpgaclue_alpaka_sys_140/sim/const_lambda_2_B3_merge.sv -work fpgaclue_alpaka_sys_140 
# -- Compiling module const_lambda_2_B3_merge
# 
# Top level modules:
# 	const_lambda_2_B3_merge
# End time: 16:50:54 on Aug 11,2026, Elapsed time: 0:00:00
# Errors: 0, Warnings: 0
# Questa Intel FPGA Edition-64 vlog 2025.1 Compiler 2025.01 Jan 18 2025
# Start time: 16:50:54 on Aug 11,2026
# vlog -sv "+incdir+mpsim/sim" "+define+COSIM_LIB" -suppress 2388 -suppress 14408 -suppress 7061 ip/kernel_system/kernel_system_fpgaclue_alpaka_sys/fpgaclue_alpaka_sys_140/sim/const_lambda_2_bb_B3_sr_0.sv -work fpgaclue_alpaka_sys_140 
# -- Compiling module const_lambda_2_bb_B3_sr_0
# 
# Top level modules:
# 	const_lambda_2_bb_B3_sr_0
# End time: 16:50:54 on Aug 11,2026, Elapsed time: 0:00:00
# Errors: 0, Warnings: 0
# Questa Intel FPGA Edition-64 vlog 2025.1 Compiler 2025.01 Jan 18 2025
# Start time: 16:50:54 on Aug 11,2026
# vlog -sv "+incdir+mpsim/sim" "+define+COSIM_LIB" -suppress 2388 -suppress 14408 -suppress 7061 ip/kernel_system/kernel_system_fpgaclue_alpaka_sys/fpgaclue_alpaka_sys_140/sim/const_lambda_2_bb_B4_sr_0.sv -work fpgaclue_alpaka_sys_140 
# -- Compiling module const_lambda_2_bb_B4_sr_0
# 
# Top level modules:
# 	const_lambda_2_bb_B4_sr_0
# End time: 16:50:54 on Aug 11,2026, Elapsed time: 0:00:00
# Errors: 0, Warnings: 0
# Questa Intel FPGA Edition-64 vlog 2025.1 Compiler 2025.01 Jan 18 2025
# Start time: 16:50:54 on Aug 11,2026
# vlog -sv "+incdir+mpsim/sim" "+define+COSIM_LIB" -suppress 2388 -suppress 14408 -suppress 7061 ip/kernel_system/kernel_system_fpgaclue_alpaka_sys/fpgaclue_alpaka_sys_140/sim/const_lambda_2_function_cra_agent.sv -work fpgaclue_alpaka_sys_140 
# -- Compiling module const_lambda_2_function_cra_agent
# 
# Top level modules:
# 	const_lambda_2_function_cra_agent
# End time: 16:50:55 on Aug 11,2026, Elapsed time: 0:00:01
# Errors: 0, Warnings: 0
# Questa Intel FPGA Edition-64 vlog 2025.1 Compiler 2025.01 Jan 18 2025
# Start time: 16:50:55 on Aug 11,2026
# vlog -sv "+incdir+mpsim/sim" "+define+COSIM_LIB" -suppress 2388 -suppress 14408 -suppress 7061 ip/kernel_system/kernel_system_fpgaclue_alpaka_sys/fpgaclue_alpaka_sys_140/sim/lsu_ic_top.sv -work fpgaclue_alpaka_sys_140 
# -- Compiling module lsu_ic_top
# -- Compiling module debug_io_cnt
# -- Compiling module address_permuter
# 
# Top level modules:
# 	lsu_ic_top
# 	debug_io_cnt
# End time: 16:50:55 on Aug 11,2026, Elapsed time: 0:00:00
# Errors: 0, Warnings: 0
# Questa Intel FPGA Edition-64 vlog 2025.1 Compiler 2025.01 Jan 18 2025
# Start time: 16:50:55 on Aug 11,2026
# vlog -sv "+incdir+mpsim/sim" "+define+COSIM_LIB" -suppress 2388 -suppress 14408 -suppress 7061 ip/kernel_system/kernel_system_fpgaclue_alpaka_sys/fpgaclue_alpaka_sys_140/sim/lsu_ic_hybrid.sv -work fpgaclue_alpaka_sys_140 
# -- Compiling module lsu_ic_hybrid
# 
# Top level modules:
# 	lsu_ic_hybrid
# End time: 16:50:55 on Aug 11,2026, Elapsed time: 0:00:00
# Errors: 0, Warnings: 0
# Questa Intel FPGA Edition-64 vlog 2025.1 Compiler 2025.01 Jan 18 2025
# Start time: 16:50:55 on Aug 11,2026
# vlog -sv "+incdir+mpsim/sim" "+define+COSIM_LIB" -suppress 2388 -suppress 14408 -suppress 7061 ip/kernel_system/kernel_system_fpgaclue_alpaka_sys/fpgaclue_alpaka_sys_140/sim/lsu_ic_token.sv -work fpgaclue_alpaka_sys_140 
# -- Compiling module lsu_ic_token
# 
# Top level modules:
# 	lsu_ic_token
# End time: 16:50:55 on Aug 11,2026, Elapsed time: 0:00:00
# Errors: 0, Warnings: 0
# Questa Intel FPGA Edition-64 vlog 2025.1 Compiler 2025.01 Jan 18 2025
# Start time: 16:50:55 on Aug 11,2026
# vlog -sv "+incdir+mpsim/sim" "+define+COSIM_LIB" -suppress 2388 -suppress 14408 -suppress 7061 ip/kernel_system/kernel_system_fpgaclue_alpaka_sys/fpgaclue_alpaka_sys_140/sim/lsu_ic_unbalance.sv -work fpgaclue_alpaka_sys_140 
# -- Compiling module lsu_ic_unbalance
# 
# Top level modules:
# 	lsu_ic_unbalance
# End time: 16:50:55 on Aug 11,2026, Elapsed time: 0:00:00
# Errors: 0, Warnings: 0
# Questa Intel FPGA Edition-64 vlog 2025.1 Compiler 2025.01 Jan 18 2025
# Start time: 16:50:55 on Aug 11,2026
# vlog -sv "+incdir+mpsim/sim" "+define+COSIM_LIB" -suppress 2388 -suppress 14408 -suppress 7061 ip/kernel_system/kernel_system_fpgaclue_alpaka_sys/fpgaclue_alpaka_sys_140/sim/lsu_n_fast.sv -work fpgaclue_alpaka_sys_140 
# -- Compiling module lsu_n_fast
# 
# Top level modules:
# 	lsu_n_fast
# End time: 16:50:55 on Aug 11,2026, Elapsed time: 0:00:00
# Errors: 0, Warnings: 0
# Questa Intel FPGA Edition-64 vlog 2025.1 Compiler 2025.01 Jan 18 2025
# Start time: 16:50:55 on Aug 11,2026
# vlog -sv "+incdir+mpsim/sim" "+define+COSIM_LIB" -suppress 2388 -suppress 14408 -suppress 7061 ip/kernel_system/kernel_system_fpgaclue_alpaka_sys/fpgaclue_alpaka_sys_140/sim/lsu_n_token.sv -work fpgaclue_alpaka_sys_140 
# -- Compiling module lsu_n_token
# 
# Top level modules:
# 	lsu_n_token
# End time: 16:50:55 on Aug 11,2026, Elapsed time: 0:00:00
# Errors: 0, Warnings: 0
# Questa Intel FPGA Edition-64 vlog 2025.1 Compiler 2025.01 Jan 18 2025
# Start time: 16:50:55 on Aug 11,2026
# vlog -sv "+incdir+mpsim/sim" "+define+COSIM_LIB" -suppress 2388 -suppress 14408 -suppress 7061 ip/kernel_system/kernel_system_fpgaclue_alpaka_sys/fpgaclue_alpaka_sys_140/sim/lsu_rd_back.sv -work fpgaclue_alpaka_sys_140 
# -- Compiling module lsu_rd_back
# 
# Top level modules:
# 	lsu_rd_back
# End time: 16:50:55 on Aug 11,2026, Elapsed time: 0:00:00
# Errors: 0, Warnings: 0
# Questa Intel FPGA Edition-64 vlog 2025.1 Compiler 2025.01 Jan 18 2025
# Start time: 16:50:55 on Aug 11,2026
# vlog -sv "+incdir+mpsim/sim" "+define+COSIM_LIB" -suppress 2388 -suppress 14408 -suppress 7061 ip/kernel_system/kernel_system_fpgaclue_alpaka_sys/fpgaclue_alpaka_sys_140/sim/lsu_rd_back_n.sv -work fpgaclue_alpaka_sys_140 
# -- Compiling module lsu_rd_back_n
# 
# Top level modules:
# 	lsu_rd_back_n
# End time: 16:50:55 on Aug 11,2026, Elapsed time: 0:00:00
# Errors: 0, Warnings: 0
# Questa Intel FPGA Edition-64 vlog 2025.1 Compiler 2025.01 Jan 18 2025
# Start time: 16:50:55 on Aug 11,2026
# vlog -sv "+incdir+mpsim/sim" "+define+COSIM_LIB" -suppress 2388 -suppress 14408 -suppress 7061 ip/kernel_system/kernel_system_fpgaclue_alpaka_sys/fpgaclue_alpaka_sys_140/sim/lsu_swdimm_token_ring.sv -work fpgaclue_alpaka_sys_140 
# -- Compiling module lsu_swdimm_token_ring
# 
# Top level modules:
# 	lsu_swdimm_token_ring
# End time: 16:50:55 on Aug 11,2026, Elapsed time: 0:00:00
# Errors: 0, Warnings: 0
# Questa Intel FPGA Edition-64 vlog 2025.1 Compiler 2025.01 Jan 18 2025
# Start time: 16:50:55 on Aug 11,2026
# vlog -sv "+incdir+mpsim/sim" "+define+COSIM_LIB" -suppress 2388 -suppress 14408 -suppress 7061 ip/kernel_system/kernel_system_fpgaclue_alpaka_sys/fpgaclue_alpaka_sys_140/sim/lsu_token_ring.sv -work fpgaclue_alpaka_sys_140 
# -- Compiling module lsu_token_ring
# 
# Top level modules:
# 	lsu_token_ring
# End time: 16:50:55 on Aug 11,2026, Elapsed time: 0:00:00
# Errors: 0, Warnings: 0
# Questa Intel FPGA Edition-64 vlog 2025.1 Compiler 2025.01 Jan 18 2025
# Start time: 16:50:55 on Aug 11,2026
# vlog -sv "+incdir+mpsim/sim" "+define+COSIM_LIB" -suppress 2388 -suppress 14408 -suppress 7061 ip/kernel_system/kernel_system_fpgaclue_alpaka_sys/fpgaclue_alpaka_sys_140/sim/acl_skid_buffer.sv -work fpgaclue_alpaka_sys_140 
# -- Compiling module acl_skid_buffer
# 
# Top level modules:
# 	acl_skid_buffer
# End time: 16:50:55 on Aug 11,2026, Elapsed time: 0:00:00
# Errors: 0, Warnings: 0
# Questa Intel FPGA Edition-64 vlog 2025.1 Compiler 2025.01 Jan 18 2025
# Start time: 16:50:55 on Aug 11,2026
# vlog -sv "+incdir+mpsim/sim" "+define+COSIM_LIB" -suppress 2388 -suppress 14408 -suppress 7061 ip/kernel_system/kernel_system_fpgaclue_alpaka_sys/fpgaclue_alpaka_sys_140/sim/cra_ring_node.sv -work fpgaclue_alpaka_sys_140 
# -- Compiling module cra_ring_node
# 
# Top level modules:
# 	cra_ring_node
# End time: 16:50:55 on Aug 11,2026, Elapsed time: 0:00:00
# Errors: 0, Warnings: 0
# Questa Intel FPGA Edition-64 vlog 2025.1 Compiler 2025.01 Jan 18 2025
# Start time: 16:50:55 on Aug 11,2026
# vlog -sv "+incdir+mpsim/sim" "+define+COSIM_LIB" -suppress 2388 -suppress 14408 -suppress 7061 ip/kernel_system/kernel_system_fpgaclue_alpaka_sys/fpgaclue_alpaka_sys_140/sim/cra_ring_root.sv -work fpgaclue_alpaka_sys_140 
# -- Compiling module cra_ring_root
# 
# Top level modules:
# 	cra_ring_root
# End time: 16:50:56 on Aug 11,2026, Elapsed time: 0:00:01
# Errors: 0, Warnings: 0
# Questa Intel FPGA Edition-64 vlog 2025.1 Compiler 2025.01 Jan 18 2025
# Start time: 16:50:56 on Aug 11,2026
# vlog -sv "+incdir+mpsim/sim" "+define+COSIM_LIB" -suppress 2388 -suppress 14408 -suppress 7061 ip/kernel_system/kernel_system_fpgaclue_alpaka_sys/fpgaclue_alpaka_sys_140/sim/cra_ring_rom.sv -work fpgaclue_alpaka_sys_140 
# -- Compiling module cra_ring_rom
# 
# Top level modules:
# 	cra_ring_rom
# End time: 16:50:56 on Aug 11,2026, Elapsed time: 0:00:00
# Errors: 0, Warnings: 0
# Questa Intel FPGA Edition-64 vlog 2025.1 Compiler 2025.01 Jan 18 2025
# Start time: 16:50:56 on Aug 11,2026
# vlog -sv "+incdir+mpsim/sim" "+define+COSIM_LIB" -suppress 2388 -suppress 14408 -suppress 7061 ip/kernel_system/kernel_system_fpgaclue_alpaka_sys/fpgaclue_alpaka_sys_140/sim/acl_rom_module.sv -work fpgaclue_alpaka_sys_140 
# -- Compiling module acl_rom_module
# 
# Top level modules:
# 	acl_rom_module
# End time: 16:50:56 on Aug 11,2026, Elapsed time: 0:00:00
# Errors: 0, Warnings: 0
# Questa Intel FPGA Edition-64 vlog 2025.1 Compiler 2025.01 Jan 18 2025
# Start time: 16:50:56 on Aug 11,2026
# vlog "+incdir+mpsim/sim" "+define+COSIM_LIB" -suppress 2388 -suppress 14408 -suppress 7061 ip/kernel_system/kernel_system_fpgaclue_alpaka_sys/sim/kernel_system_fpgaclue_alpaka_sys.v -work kernel_system_fpgaclue_alpaka_sys 
# -- Compiling module kernel_system_fpgaclue_alpaka_sys
# 
# Top level modules:
# 	kernel_system_fpgaclue_alpaka_sys
# End time: 16:50:56 on Aug 11,2026, Elapsed time: 0:00:00
# Errors: 0, Warnings: 0
# Questa Intel FPGA Edition-64 vlog 2025.1 Compiler 2025.01 Jan 18 2025
# Start time: 16:50:56 on Aug 11,2026
# vlog -sv "+incdir+mpsim/sim" "+define+COSIM_LIB" -suppress 2388 -suppress 14408 -suppress 7061 kernel_system/altera_merlin_master_translator_193/sim/kernel_system_altera_merlin_master_translator_193_lgcew2q.sv -work altera_merlin_master_translator_193 
# -- Compiling module kernel_system_altera_merlin_master_translator_193_lgcew2q
# ** Warning: kernel_system/altera_merlin_master_translator_193/sim/kernel_system_altera_merlin_master_translator_193_lgcew2q.sv(695): (vlog-13528) Extra Parentheses after time system function.
# ** Warning: kernel_system/altera_merlin_master_translator_193/sim/kernel_system_altera_merlin_master_translator_193_lgcew2q.sv(751): (vlog-13528) Extra Parentheses after time system function.
# 
# Top level modules:
# 	kernel_system_altera_merlin_master_translator_193_lgcew2q
# End time: 16:50:56 on Aug 11,2026, Elapsed time: 0:00:00
# Errors: 0, Warnings: 2
# Questa Intel FPGA Edition-64 vlog 2025.1 Compiler 2025.01 Jan 18 2025
# Start time: 16:50:56 on Aug 11,2026
# vlog -sv "+incdir+mpsim/sim" "+define+COSIM_LIB" -suppress 2388 -suppress 14408 -suppress 7061 kernel_system/altera_merlin_slave_translator_191/sim/kernel_system_altera_merlin_slave_translator_191_xg7rzxi.sv -work altera_merlin_slave_translator_191 
# -- Compiling module kernel_system_altera_merlin_slave_translator_191_xg7rzxi
# 
# Top level modules:
# 	kernel_system_altera_merlin_slave_translator_191_xg7rzxi
# End time: 16:50:56 on Aug 11,2026, Elapsed time: 0:00:00
# Errors: 0, Warnings: 0
# Questa Intel FPGA Edition-64 vlog 2025.1 Compiler 2025.01 Jan 18 2025
# Start time: 16:50:56 on Aug 11,2026
# vlog "+incdir+mpsim/sim" "+define+COSIM_LIB" -suppress 2388 -suppress 14408 -suppress 7061 kernel_system/altera_mm_interconnect_1920/sim/kernel_system_altera_mm_interconnect_1920_rgwaroy.v -work altera_mm_interconnect_1920 
# -- Compiling module kernel_system_altera_mm_interconnect_1920_rgwaroy
# 
# Top level modules:
# 	kernel_system_altera_mm_interconnect_1920_rgwaroy
# End time: 16:50:56 on Aug 11,2026, Elapsed time: 0:00:00
# Errors: 0, Warnings: 0
# Questa Intel FPGA Edition-64 vlog 2025.1 Compiler 2025.01 Jan 18 2025
# Start time: 16:50:56 on Aug 11,2026
# vlog -sv "+incdir+mpsim/sim" "+define+COSIM_LIB" -suppress 2388 -suppress 14408 -suppress 7061 kernel_system/altera_irq_mapper_2001/sim/kernel_system_altera_irq_mapper_2001_wgtbcyy.sv -work altera_irq_mapper_2001 
# -- Compiling module kernel_system_altera_irq_mapper_2001_wgtbcyy
# 
# Top level modules:
# 	kernel_system_altera_irq_mapper_2001_wgtbcyy
# End time: 16:50:56 on Aug 11,2026, Elapsed time: 0:00:00
# Errors: 0, Warnings: 0
# Questa Intel FPGA Edition-64 vlog 2025.1 Compiler 2025.01 Jan 18 2025
# Start time: 16:50:56 on Aug 11,2026
# vlog "+incdir+mpsim/sim" "+define+COSIM_LIB" -suppress 2388 -suppress 14408 -suppress 7061 kernel_system/sim/kernel_system.v -work kernel_system 
# -- Compiling module kernel_system
# 
# Top level modules:
# 	kernel_system
# End time: 16:50:56 on Aug 11,2026, Elapsed time: 0:00:00
# Errors: 0, Warnings: 0
# Questa Intel FPGA Edition-64 vlog 2025.1 Compiler 2025.01 Jan 18 2025
# Start time: 16:50:56 on Aug 11,2026
# vlog -sv "+incdir+mpsim/sim" "+define+COSIM_LIB" -suppress 2388 -suppress 14408 -suppress 7061 ip/mpsim/dpic_const_lambda/aoc_sim_component_dpi_controller_10/sim/aoc_sim_stream_sink_dpi_bfm.sv -work aoc_sim_component_dpi_controller_10 
# -- Compiling module aoc_sim_stream_sink_dpi_bfm
# 
# Top level modules:
# 	aoc_sim_stream_sink_dpi_bfm
# End time: 16:50:56 on Aug 11,2026, Elapsed time: 0:00:00
# Errors: 0, Warnings: 0
# Questa Intel FPGA Edition-64 vlog 2025.1 Compiler 2025.01 Jan 18 2025
# Start time: 16:50:56 on Aug 11,2026
# vlog -sv "+incdir+mpsim/sim" "+define+COSIM_LIB" -suppress 2388 -suppress 14408 -suppress 7061 ip/mpsim/dpic_const_lambda/aoc_sim_component_dpi_controller_10/sim/aoc_sim_stream_source_dpi_bfm.sv -work aoc_sim_component_dpi_controller_10 
# -- Compiling module aoc_sim_stream_source_dpi_bfm
# 
# Top level modules:
# 	aoc_sim_stream_source_dpi_bfm
# End time: 16:50:56 on Aug 11,2026, Elapsed time: 0:00:00
# Errors: 0, Warnings: 0
# Questa Intel FPGA Edition-64 vlog 2025.1 Compiler 2025.01 Jan 18 2025
# Start time: 16:50:56 on Aug 11,2026
# vlog -sv "+incdir+mpsim/sim" "+define+COSIM_LIB" -suppress 2388 -suppress 14408 -suppress 7061 ip/mpsim/dpic_const_lambda/aoc_sim_component_dpi_controller_10/sim/aoc_sim_component_dpi_controller.sv -work aoc_sim_component_dpi_controller_10 
# -- Compiling module aoc_sim_component_dpi_controller
# 
# Top level modules:
# 	aoc_sim_component_dpi_controller
# End time: 16:50:56 on Aug 11,2026, Elapsed time: 0:00:00
# Errors: 0, Warnings: 0
# Questa Intel FPGA Edition-64 vlog 2025.1 Compiler 2025.01 Jan 18 2025
# Start time: 16:50:56 on Aug 11,2026
# vlog "+incdir+mpsim/sim" "+define+COSIM_LIB" -suppress 2388 -suppress 14408 -suppress 7061 ip/mpsim/dpic_const_lambda/sim/dpic_const_lambda.v -work dpic_const_lambda 
# -- Compiling module dpic_const_lambda
# 
# Top level modules:
# 	dpic_const_lambda
# End time: 16:50:56 on Aug 11,2026, Elapsed time: 0:00:00
# Errors: 0, Warnings: 0
# Questa Intel FPGA Edition-64 vlog 2025.1 Compiler 2025.01 Jan 18 2025
# Start time: 16:50:56 on Aug 11,2026
# vlog -sv "+incdir+mpsim/sim" "+define+COSIM_LIB" -suppress 2388 -suppress 14408 -suppress 7061 ip/mpsim/const_lambda_1_en_cfan/avalon_conduit_fanout_10/sim/const_lambda_1_en_cfan_avalon_conduit_fanout_10_xkdeykq.sv -work avalon_conduit_fanout_10 
# -- Compiling module const_lambda_1_en_cfan_avalon_conduit_fanout_10_xkdeykq
# 
# Top level modules:
# 	const_lambda_1_en_cfan_avalon_conduit_fanout_10_xkdeykq
# End time: 16:50:56 on Aug 11,2026, Elapsed time: 0:00:00
# Errors: 0, Warnings: 0
# Questa Intel FPGA Edition-64 vlog 2025.1 Compiler 2025.01 Jan 18 2025
# Start time: 16:50:56 on Aug 11,2026
# vlog "+incdir+mpsim/sim" "+define+COSIM_LIB" -suppress 2388 -suppress 14408 -suppress 7061 ip/mpsim/const_lambda_1_en_cfan/sim/const_lambda_1_en_cfan.v -work const_lambda_1_en_cfan 
# -- Compiling module const_lambda_1_en_cfan
# 
# Top level modules:
# 	const_lambda_1_en_cfan
# End time: 16:50:56 on Aug 11,2026, Elapsed time: 0:00:00
# Errors: 0, Warnings: 0
# Questa Intel FPGA Edition-64 vlog 2025.1 Compiler 2025.01 Jan 18 2025
# Start time: 16:50:56 on Aug 11,2026
# vlog -sv "+incdir+mpsim/sim" "+define+COSIM_LIB" -suppress 2388 -suppress 14408 -suppress 7061 ip/mpsim/mpsim_avmm_agent_cra_inst/aoc_sim_mm_master_dpi_bfm_10/sim/altera_avalon_mm_master_bfm.sv -L altera_common_sv_packages -work aoc_sim_mm_master_dpi_bfm_10 
# -- Compiling module altera_avalon_mm_master_bfm
# -- Importing package altera_common_sv_packages.verbosity_pkg
# -- Importing package altera_common_sv_packages.avalon_mm_pkg
# -- Importing package altera_common_sv_packages.avalon_utilities_pkg
# 
# Top level modules:
# 	altera_avalon_mm_master_bfm
# End time: 16:50:56 on Aug 11,2026, Elapsed time: 0:00:00
# Errors: 0, Warnings: 0
# Questa Intel FPGA Edition-64 vlog 2025.1 Compiler 2025.01 Jan 18 2025
# Start time: 16:50:56 on Aug 11,2026
# vlog -sv "+incdir+mpsim/sim" "+define+COSIM_LIB" -suppress 2388 -suppress 14408 -suppress 7061 ip/mpsim/mpsim_avmm_agent_cra_inst/aoc_sim_mm_master_dpi_bfm_10/sim/aoc_sim_mm_master_dpi_bfm.sv -L altera_common_sv_packages -work aoc_sim_mm_master_dpi_bfm_10 
# -- Compiling module aoc_sim_mm_master_dpi_bfm
# -- Importing package altera_common_sv_packages.verbosity_pkg
# -- Importing package altera_common_sv_packages.avalon_mm_pkg
# ** Warning: ip/mpsim/mpsim_avmm_agent_cra_inst/aoc_sim_mm_master_dpi_bfm_10/sim/aoc_sim_mm_master_dpi_bfm.sv(493): (vlog-2240) Treating stand-alone use of function '__ihc_aoc_mm_agent_read' as an implicit VOID cast.
# ** Warning: ip/mpsim/mpsim_avmm_agent_cra_inst/aoc_sim_mm_master_dpi_bfm_10/sim/aoc_sim_mm_master_dpi_bfm.sv(534): (vlog-2240) Treating stand-alone use of function '__ihc_aoc_mm_agent_read' as an implicit VOID cast.
# 
# Top level modules:
# 	aoc_sim_mm_master_dpi_bfm
# End time: 16:50:57 on Aug 11,2026, Elapsed time: 0:00:01
# Errors: 0, Warnings: 2
# Questa Intel FPGA Edition-64 vlog 2025.1 Compiler 2025.01 Jan 18 2025
# Start time: 16:50:57 on Aug 11,2026
# vlog "+incdir+mpsim/sim" "+define+COSIM_LIB" -suppress 2388 -suppress 14408 -suppress 7061 ip/mpsim/mpsim_avmm_agent_cra_inst/sim/mpsim_avmm_agent_cra_inst.v -work mpsim_avmm_agent_cra_inst 
# -- Compiling module mpsim_avmm_agent_cra_inst
# 
# Top level modules:
# 	mpsim_avmm_agent_cra_inst
# End time: 16:50:57 on Aug 11,2026, Elapsed time: 0:00:00
# Errors: 0, Warnings: 0
# Questa Intel FPGA Edition-64 vlog 2025.1 Compiler 2025.01 Jan 18 2025
# Start time: 16:50:57 on Aug 11,2026
# vlog -sv "+incdir+mpsim/sim" "+define+COSIM_LIB" -suppress 2388 -suppress 14408 -suppress 7061 ip/mpsim/mpsim_clk_rst/hls_sim_clock_reset_10/sim/hls_sim_clock_reset.sv -work hls_sim_clock_reset_10 
# -- Compiling module hls_sim_clock_reset
# 
# Top level modules:
# 	hls_sim_clock_reset
# End time: 16:50:57 on Aug 11,2026, Elapsed time: 0:00:00
# Errors: 0, Warnings: 0
# Questa Intel FPGA Edition-64 vlog 2025.1 Compiler 2025.01 Jan 18 2025
# Start time: 16:50:57 on Aug 11,2026
# vlog "+incdir+mpsim/sim" "+define+COSIM_LIB" -suppress 2388 -suppress 14408 -suppress 7061 ip/mpsim/mpsim_clk_rst/sim/mpsim_clk_rst.v -work mpsim_clk_rst 
# -- Compiling module mpsim_clk_rst
# 
# Top level modules:
# 	mpsim_clk_rst
# End time: 16:50:57 on Aug 11,2026, Elapsed time: 0:00:00
# Errors: 0, Warnings: 0
# Questa Intel FPGA Edition-64 vlog 2025.1 Compiler 2025.01 Jan 18 2025
# Start time: 16:50:57 on Aug 11,2026
# vlog "+incdir+mpsim/sim" "+define+COSIM_LIB" -suppress 2388 -suppress 14408 -suppress 7061 ip/mpsim/mpsim_ki/altera_avalon_mm_bridge_2010/sim/mpsim_ki_altera_avalon_mm_bridge_2010_tex5a4i.v -work altera_avalon_mm_bridge_2010 
# -- Compiling module mpsim_ki_altera_avalon_mm_bridge_2010_tex5a4i
# 
# Top level modules:
# 	mpsim_ki_altera_avalon_mm_bridge_2010_tex5a4i
# End time: 16:50:57 on Aug 11,2026, Elapsed time: 0:00:00
# Errors: 0, Warnings: 0
# Questa Intel FPGA Edition-64 vlog 2025.1 Compiler 2025.01 Jan 18 2025
# Start time: 16:50:57 on Aug 11,2026
# vlog "+incdir+mpsim/sim" "+define+COSIM_LIB" -suppress 2388 -suppress 14408 -suppress 7061 ip/mpsim/mpsim_ki/altera_avalon_mm_bridge_2010/sim/altera_merlin_waitrequest_adapter.v -work altera_avalon_mm_bridge_2010 
# -- Compiling module altera_merlin_waitrequest_adapter
# 
# Top level modules:
# 	altera_merlin_waitrequest_adapter
# End time: 16:50:57 on Aug 11,2026, Elapsed time: 0:00:00
# Errors: 0, Warnings: 0
# Questa Intel FPGA Edition-64 vlog 2025.1 Compiler 2025.01 Jan 18 2025
# Start time: 16:50:57 on Aug 11,2026
# vlog "+incdir+mpsim/sim" "+define+COSIM_LIB" -suppress 2388 -suppress 14408 -suppress 7061 ip/mpsim/mpsim_ki/altera_avalon_mm_bridge_2010/sim/altera_avalon_sc_fifo.v -work altera_avalon_mm_bridge_2010 
# -- Compiling module altera_avalon_sc_fifo
# 
# Top level modules:
# 	altera_avalon_sc_fifo
# End time: 16:50:57 on Aug 11,2026, Elapsed time: 0:00:00
# Errors: 0, Warnings: 0
# Questa Intel FPGA Edition-64 vlog 2025.1 Compiler 2025.01 Jan 18 2025
# Start time: 16:50:57 on Aug 11,2026
# vlog -sv "+incdir+mpsim/sim" "+define+COSIM_LIB" -suppress 2388 -suppress 14408 -suppress 7061 ip/mpsim/mpsim_ki/altera_address_span_extender_1920/sim/mpsim_ki_altera_address_span_extender_1920_vz4724i.sv -work altera_address_span_extender_1920 
# -- Compiling module mpsim_ki_altera_address_span_extender_1920_vz4724i
# 
# Top level modules:
# 	mpsim_ki_altera_address_span_extender_1920_vz4724i
# End time: 16:50:57 on Aug 11,2026, Elapsed time: 0:00:00
# Errors: 0, Warnings: 0
# Questa Intel FPGA Edition-64 vlog 2025.1 Compiler 2025.01 Jan 18 2025
# Start time: 16:50:57 on Aug 11,2026
# vlog "+incdir+mpsim/sim" "+define+COSIM_LIB" -suppress 2388 -suppress 14408 -suppress 7061 ip/mpsim/mpsim_ki/sw_reset_100/sim/sw_reset.v -work sw_reset_100 
# -- Compiling module sw_reset
# 
# Top level modules:
# 	sw_reset
# End time: 16:50:57 on Aug 11,2026, Elapsed time: 0:00:00
# Errors: 0, Warnings: 0
# Questa Intel FPGA Edition-64 vlog 2025.1 Compiler 2025.01 Jan 18 2025
# Start time: 16:50:57 on Aug 11,2026
# vlog "+incdir+mpsim/sim" "+define+COSIM_LIB" -suppress 2388 -suppress 14408 -suppress 7061 ip/mpsim/mpsim_ki/global_routing_reset_100/sim/global_routing_sim_model.v -work global_routing_reset_100 
# -- Compiling module global_routing
# 
# Top level modules:
# 	global_routing
# End time: 16:50:57 on Aug 11,2026, Elapsed time: 0:00:00
# Errors: 0, Warnings: 0
# Questa Intel FPGA Edition-64 vlog 2025.1 Compiler 2025.01 Jan 18 2025
# Start time: 16:50:57 on Aug 11,2026
# vlog "+incdir+mpsim/sim" "+define+COSIM_LIB" -suppress 2388 -suppress 14408 -suppress 7061 ip/mpsim/mpsim_ki/mem_org_mode_100/sim/mem_org_mode.v -work mem_org_mode_100 
# -- Compiling module mem_org_mode
# 
# Top level modules:
# 	mem_org_mode
# End time: 16:50:57 on Aug 11,2026, Elapsed time: 0:00:00
# Errors: 0, Warnings: 0
# Questa Intel FPGA Edition-64 vlog 2025.1 Compiler 2025.01 Jan 18 2025
# Start time: 16:50:57 on Aug 11,2026
# vlog "+incdir+mpsim/sim" "+define+COSIM_LIB" -suppress 2388 -suppress 14408 -suppress 7061 ip/mpsim/mpsim_ki/altera_irq_bridge_2000/sim/mpsim_ki_altera_irq_bridge_2000_mzhkeuq.v -work altera_irq_bridge_2000 
# -- Compiling module mpsim_ki_altera_irq_bridge_2000_mzhkeuq
# 
# Top level modules:
# 	mpsim_ki_altera_irq_bridge_2000_mzhkeuq
# End time: 16:50:57 on Aug 11,2026, Elapsed time: 0:00:00
# Errors: 0, Warnings: 0
# Questa Intel FPGA Edition-64 vlog 2025.1 Compiler 2025.01 Jan 18 2025
# Start time: 16:50:57 on Aug 11,2026
# vlog "+incdir+mpsim/sim" "+define+COSIM_LIB" -suppress 2388 -suppress 14408 -suppress 7061 ip/mpsim/mpsim_ki/version_id_100/sim/version_id.v -work version_id_100 
# -- Compiling module version_id
# 
# Top level modules:
# 	version_id
# End time: 16:50:57 on Aug 11,2026, Elapsed time: 0:00:00
# Errors: 0, Warnings: 0
# Questa Intel FPGA Edition-64 vlog 2025.1 Compiler 2025.01 Jan 18 2025
# Start time: 16:50:57 on Aug 11,2026
# vlog "+incdir+mpsim/sim" "+define+COSIM_LIB" -suppress 2388 -suppress 14408 -suppress 7061 ip/mpsim/mpsim_ki/altera_reset_controller_1924/sim/altera_reset_controller.v -work altera_reset_controller_1924 
# -- Compiling module altera_reset_controller
# 
# Top level modules:
# 	altera_reset_controller
# End time: 16:50:57 on Aug 11,2026, Elapsed time: 0:00:00
# Errors: 0, Warnings: 0
# Questa Intel FPGA Edition-64 vlog 2025.1 Compiler 2025.01 Jan 18 2025
# Start time: 16:50:57 on Aug 11,2026
# vlog "+incdir+mpsim/sim" "+define+COSIM_LIB" -suppress 2388 -suppress 14408 -suppress 7061 ip/mpsim/mpsim_ki/altera_reset_controller_1924/sim/altera_reset_synchronizer.v -work altera_reset_controller_1924 
# -- Compiling module altera_reset_synchronizer
# 
# Top level modules:
# 	altera_reset_synchronizer
# End time: 16:50:57 on Aug 11,2026, Elapsed time: 0:00:00
# Errors: 0, Warnings: 0
# Questa Intel FPGA Edition-64 vlog 2025.1 Compiler 2025.01 Jan 18 2025
# Start time: 16:50:57 on Aug 11,2026
# vlog -sv "+incdir+mpsim/sim" "+define+COSIM_LIB" -suppress 2388 -suppress 14408 -suppress 7061 ip/mpsim/mpsim_ki/altera_merlin_master_translator_193/sim/mpsim_ki_altera_merlin_master_translator_193_lgcew2q.sv -work altera_merlin_master_translator_193 
# -- Compiling module mpsim_ki_altera_merlin_master_translator_193_lgcew2q
# ** Warning: ip/mpsim/mpsim_ki/altera_merlin_master_translator_193/sim/mpsim_ki_altera_merlin_master_translator_193_lgcew2q.sv(695): (vlog-13528) Extra Parentheses after time system function.
# ** Warning: ip/mpsim/mpsim_ki/altera_merlin_master_translator_193/sim/mpsim_ki_altera_merlin_master_translator_193_lgcew2q.sv(751): (vlog-13528) Extra Parentheses after time system function.
# 
# Top level modules:
# 	mpsim_ki_altera_merlin_master_translator_193_lgcew2q
# End time: 16:50:57 on Aug 11,2026, Elapsed time: 0:00:00
# Errors: 0, Warnings: 2
# Questa Intel FPGA Edition-64 vlog 2025.1 Compiler 2025.01 Jan 18 2025
# Start time: 16:50:57 on Aug 11,2026
# vlog -sv "+incdir+mpsim/sim" "+define+COSIM_LIB" -suppress 2388 -suppress 14408 -suppress 7061 ip/mpsim/mpsim_ki/altera_merlin_slave_translator_191/sim/mpsim_ki_altera_merlin_slave_translator_191_xg7rzxi.sv -work altera_merlin_slave_translator_191 
# -- Compiling module mpsim_ki_altera_merlin_slave_translator_191_xg7rzxi
# 
# Top level modules:
# 	mpsim_ki_altera_merlin_slave_translator_191_xg7rzxi
# End time: 16:50:58 on Aug 11,2026, Elapsed time: 0:00:01
# Errors: 0, Warnings: 0
# Questa Intel FPGA Edition-64 vlog 2025.1 Compiler 2025.01 Jan 18 2025
# Start time: 16:50:58 on Aug 11,2026
# vlog -sv "+incdir+mpsim/sim" "+define+COSIM_LIB" -suppress 2388 -suppress 14408 -suppress 7061 ip/mpsim/mpsim_ki/altera_merlin_master_agent_1940/sim/mpsim_ki_altera_merlin_master_agent_1940_6ued26y.sv -work altera_merlin_master_agent_1940 
# -- Compiling module mpsim_ki_altera_merlin_master_agent_1940_6ued26y
# 
# Top level modules:
# 	mpsim_ki_altera_merlin_master_agent_1940_6ued26y
# End time: 16:50:58 on Aug 11,2026, Elapsed time: 0:00:00
# Errors: 0, Warnings: 0
# Questa Intel FPGA Edition-64 vlog 2025.1 Compiler 2025.01 Jan 18 2025
# Start time: 16:50:58 on Aug 11,2026
# vlog -sv "+incdir+mpsim/sim" "+define+COSIM_LIB" -suppress 2388 -suppress 14408 -suppress 7061 ip/mpsim/mpsim_ki/altera_merlin_slave_agent_1930/sim/mpsim_ki_altera_merlin_slave_agent_1930_jxauz3i.sv -work altera_merlin_slave_agent_1930 
# -- Compiling module mpsim_ki_altera_merlin_slave_agent_1930_jxauz3i
# 
# Top level modules:
# 	mpsim_ki_altera_merlin_slave_agent_1930_jxauz3i
# End time: 16:50:58 on Aug 11,2026, Elapsed time: 0:00:00
# Errors: 0, Warnings: 0
# Questa Intel FPGA Edition-64 vlog 2025.1 Compiler 2025.01 Jan 18 2025
# Start time: 16:50:58 on Aug 11,2026
# vlog -sv "+incdir+mpsim/sim" "+define+COSIM_LIB" -suppress 2388 -suppress 14408 -suppress 7061 ip/mpsim/mpsim_ki/altera_merlin_slave_agent_1930/sim/altera_merlin_burst_uncompressor.sv -work altera_merlin_slave_agent_1930 
# -- Compiling module altera_merlin_burst_uncompressor
# 
# Top level modules:
# 	altera_merlin_burst_uncompressor
# End time: 16:50:58 on Aug 11,2026, Elapsed time: 0:00:00
# Errors: 0, Warnings: 0
# Questa Intel FPGA Edition-64 vlog 2025.1 Compiler 2025.01 Jan 18 2025
# Start time: 16:50:58 on Aug 11,2026
# vlog "+incdir+mpsim/sim" "+define+COSIM_LIB" -suppress 2388 -suppress 14408 -suppress 7061 ip/mpsim/mpsim_ki/altera_avalon_sc_fifo_1932/sim/mpsim_ki_altera_avalon_sc_fifo_1932_onpcouq.v -work altera_avalon_sc_fifo_1932 
# -- Compiling module mpsim_ki_altera_avalon_sc_fifo_1932_onpcouq
# 
# Top level modules:
# 	mpsim_ki_altera_avalon_sc_fifo_1932_onpcouq
# End time: 16:50:58 on Aug 11,2026, Elapsed time: 0:00:00
# Errors: 0, Warnings: 0
# Questa Intel FPGA Edition-64 vlog 2025.1 Compiler 2025.01 Jan 18 2025
# Start time: 16:50:58 on Aug 11,2026
# vlog -sv "+incdir+mpsim/sim" "+define+COSIM_LIB" -suppress 2388 -suppress 14408 -suppress 7061 ip/mpsim/mpsim_ki/altera_merlin_router_1921/sim/mpsim_ki_altera_merlin_router_1921_r63f3ii.sv -work altera_merlin_router_1921 
# -- Compiling module mpsim_ki_altera_merlin_router_1921_r63f3ii_default_decode
# -- Compiling module mpsim_ki_altera_merlin_router_1921_r63f3ii
# 
# Top level modules:
# 	mpsim_ki_altera_merlin_router_1921_r63f3ii
# End time: 16:50:58 on Aug 11,2026, Elapsed time: 0:00:00
# Errors: 0, Warnings: 0
# Questa Intel FPGA Edition-64 vlog 2025.1 Compiler 2025.01 Jan 18 2025
# Start time: 16:50:58 on Aug 11,2026
# vlog -sv "+incdir+mpsim/sim" "+define+COSIM_LIB" -suppress 2388 -suppress 14408 -suppress 7061 ip/mpsim/mpsim_ki/altera_merlin_router_1921/sim/mpsim_ki_altera_merlin_router_1921_5o23cja.sv -work altera_merlin_router_1921 
# -- Compiling module mpsim_ki_altera_merlin_router_1921_5o23cja_default_decode
# -- Compiling module mpsim_ki_altera_merlin_router_1921_5o23cja
# 
# Top level modules:
# 	mpsim_ki_altera_merlin_router_1921_5o23cja
# End time: 16:50:58 on Aug 11,2026, Elapsed time: 0:00:00
# Errors: 0, Warnings: 0
# Questa Intel FPGA Edition-64 vlog 2025.1 Compiler 2025.01 Jan 18 2025
# Start time: 16:50:58 on Aug 11,2026
# vlog -sv "+incdir+mpsim/sim" "+define+COSIM_LIB" -suppress 2388 -suppress 14408 -suppress 7061 ip/mpsim/mpsim_ki/altera_merlin_demultiplexer_1921/sim/mpsim_ki_altera_merlin_demultiplexer_1921_2ykinqq.sv -work altera_merlin_demultiplexer_1921 
# -- Compiling module mpsim_ki_altera_merlin_demultiplexer_1921_2ykinqq
# 
# Top level modules:
# 	mpsim_ki_altera_merlin_demultiplexer_1921_2ykinqq
# End time: 16:50:58 on Aug 11,2026, Elapsed time: 0:00:00
# Errors: 0, Warnings: 0
# Questa Intel FPGA Edition-64 vlog 2025.1 Compiler 2025.01 Jan 18 2025
# Start time: 16:50:58 on Aug 11,2026
# vlog -sv "+incdir+mpsim/sim" "+define+COSIM_LIB" -suppress 2388 -suppress 14408 -suppress 7061 ip/mpsim/mpsim_ki/altera_merlin_multiplexer_1922/sim/mpsim_ki_altera_merlin_multiplexer_1922_3p4gbgy.sv -work altera_merlin_multiplexer_1922 
# -- Compiling module mpsim_ki_altera_merlin_multiplexer_1922_3p4gbgy
# 
# Top level modules:
# 	mpsim_ki_altera_merlin_multiplexer_1922_3p4gbgy
# End time: 16:50:58 on Aug 11,2026, Elapsed time: 0:00:00
# Errors: 0, Warnings: 0
# Questa Intel FPGA Edition-64 vlog 2025.1 Compiler 2025.01 Jan 18 2025
# Start time: 16:50:58 on Aug 11,2026
# vlog -sv "+incdir+mpsim/sim" "+define+COSIM_LIB" -suppress 2388 -suppress 14408 -suppress 7061 ip/mpsim/mpsim_ki/altera_merlin_multiplexer_1922/sim/altera_merlin_arbitrator.sv -work altera_merlin_multiplexer_1922 
# -- Compiling module altera_merlin_arbitrator
# -- Compiling module altera_merlin_arb_adder
# 
# Top level modules:
# 	altera_merlin_arbitrator
# End time: 16:50:58 on Aug 11,2026, Elapsed time: 0:00:00
# Errors: 0, Warnings: 0
# Questa Intel FPGA Edition-64 vlog 2025.1 Compiler 2025.01 Jan 18 2025
# Start time: 16:50:58 on Aug 11,2026
# vlog -sv "+incdir+mpsim/sim" "+define+COSIM_LIB" -suppress 2388 -suppress 14408 -suppress 7061 ip/mpsim/mpsim_ki/altera_merlin_multiplexer_1922/sim/mpsim_ki_altera_merlin_multiplexer_1922_iunjqty.sv -work altera_merlin_multiplexer_1922 
# -- Compiling module mpsim_ki_altera_merlin_multiplexer_1922_iunjqty
# 
# Top level modules:
# 	mpsim_ki_altera_merlin_multiplexer_1922_iunjqty
# End time: 16:50:58 on Aug 11,2026, Elapsed time: 0:00:00
# Errors: 0, Warnings: 0
# Questa Intel FPGA Edition-64 vlog 2025.1 Compiler 2025.01 Jan 18 2025
# Start time: 16:50:58 on Aug 11,2026
# vlog -sv "+incdir+mpsim/sim" "+define+COSIM_LIB" -suppress 2388 -suppress 14408 -suppress 7061 ip/mpsim/mpsim_ki/altera_merlin_multiplexer_1922/sim/altera_merlin_arbitrator.sv -work altera_merlin_multiplexer_1922 
# -- Compiling module altera_merlin_arbitrator
# -- Compiling module altera_merlin_arb_adder
# 
# Top level modules:
# 	altera_merlin_arbitrator
# End time: 16:50:58 on Aug 11,2026, Elapsed time: 0:00:00
# Errors: 0, Warnings: 0
# Questa Intel FPGA Edition-64 vlog 2025.1 Compiler 2025.01 Jan 18 2025
# Start time: 16:50:58 on Aug 11,2026
# vlog "+incdir+mpsim/sim" "+define+COSIM_LIB" -suppress 2388 -suppress 14408 -suppress 7061 ip/mpsim/mpsim_ki/hs_clk_xer_1941/sim/mpsim_ki_hs_clk_xer_1941_ac5fhdy.v -work hs_clk_xer_1941 
# -- Compiling module mpsim_ki_hs_clk_xer_1941_ac5fhdy
# 
# Top level modules:
# 	mpsim_ki_hs_clk_xer_1941_ac5fhdy
# End time: 16:50:58 on Aug 11,2026, Elapsed time: 0:00:00
# Errors: 0, Warnings: 0
# Questa Intel FPGA Edition-64 vlog 2025.1 Compiler 2025.01 Jan 18 2025
# Start time: 16:50:58 on Aug 11,2026
# vlog -sv "+incdir+mpsim/sim" "+define+COSIM_LIB" -suppress 2388 -suppress 14408 -suppress 7061 ip/mpsim/mpsim_ki/hs_clk_xer_1941/sim/altera_reset_synchronizer.v -work hs_clk_xer_1941 
# -- Compiling module altera_reset_synchronizer
# 
# Top level modules:
# 	altera_reset_synchronizer
# End time: 16:50:58 on Aug 11,2026, Elapsed time: 0:00:00
# Errors: 0, Warnings: 0
# Questa Intel FPGA Edition-64 vlog 2025.1 Compiler 2025.01 Jan 18 2025
# Start time: 16:50:58 on Aug 11,2026
# vlog -sv "+incdir+mpsim/sim" "+define+COSIM_LIB" -suppress 2388 -suppress 14408 -suppress 7061 ip/mpsim/mpsim_ki/hs_clk_xer_1941/sim/altera_avalon_st_clock_crosser.v -work hs_clk_xer_1941 
# -- Compiling module altera_avalon_st_clock_crosser
# 
# Top level modules:
# 	altera_avalon_st_clock_crosser
# End time: 16:50:58 on Aug 11,2026, Elapsed time: 0:00:00
# Errors: 0, Warnings: 0
# Questa Intel FPGA Edition-64 vlog 2025.1 Compiler 2025.01 Jan 18 2025
# Start time: 16:50:58 on Aug 11,2026
# vlog -sv "+incdir+mpsim/sim" "+define+COSIM_LIB" -suppress 2388 -suppress 14408 -suppress 7061 ip/mpsim/mpsim_ki/hs_clk_xer_1941/sim/altera_avalon_st_pipeline_base.v -work hs_clk_xer_1941 
# -- Compiling module altera_avalon_st_pipeline_base
# 
# Top level modules:
# 	altera_avalon_st_pipeline_base
# End time: 16:50:58 on Aug 11,2026, Elapsed time: 0:00:00
# Errors: 0, Warnings: 0
# Questa Intel FPGA Edition-64 vlog 2025.1 Compiler 2025.01 Jan 18 2025
# Start time: 16:50:58 on Aug 11,2026
# vlog -sv "+incdir+mpsim/sim" "+define+COSIM_LIB" -suppress 2388 -suppress 14408 -suppress 7061 ip/mpsim/mpsim_ki/hs_clk_xer_1941/sim/altera_std_synchronizer_nocut.v -work hs_clk_xer_1941 
# -- Compiling module altera_std_synchronizer_nocut
# 
# Top level modules:
# 	altera_std_synchronizer_nocut
# End time: 16:50:59 on Aug 11,2026, Elapsed time: 0:00:01
# Errors: 0, Warnings: 0
# Questa Intel FPGA Edition-64 vlog 2025.1 Compiler 2025.01 Jan 18 2025
# Start time: 16:50:59 on Aug 11,2026
# vlog "+incdir+mpsim/sim" "+define+COSIM_LIB" -suppress 2388 -suppress 14408 -suppress 7061 ip/mpsim/mpsim_ki/altera_mm_interconnect_1920/sim/mpsim_ki_altera_mm_interconnect_1920_drc2cja.v -work altera_mm_interconnect_1920 
# -- Compiling module mpsim_ki_altera_mm_interconnect_1920_drc2cja
# 
# Top level modules:
# 	mpsim_ki_altera_mm_interconnect_1920_drc2cja
# End time: 16:50:59 on Aug 11,2026, Elapsed time: 0:00:00
# Errors: 0, Warnings: 0
# Questa Intel FPGA Edition-64 vlog 2025.1 Compiler 2025.01 Jan 18 2025
# Start time: 16:50:59 on Aug 11,2026
# vlog -sv "+incdir+mpsim/sim" "+define+COSIM_LIB" -suppress 2388 -suppress 14408 -suppress 7061 ip/mpsim/mpsim_ki/altera_merlin_master_agent_1940/sim/mpsim_ki_altera_merlin_master_agent_1940_r3ep6da.sv -work altera_merlin_master_agent_1940 
# -- Compiling module mpsim_ki_altera_merlin_master_agent_1940_r3ep6da
# 
# Top level modules:
# 	mpsim_ki_altera_merlin_master_agent_1940_r3ep6da
# End time: 16:50:59 on Aug 11,2026, Elapsed time: 0:00:00
# Errors: 0, Warnings: 0
# Questa Intel FPGA Edition-64 vlog 2025.1 Compiler 2025.01 Jan 18 2025
# Start time: 16:50:59 on Aug 11,2026
# vlog -sv "+incdir+mpsim/sim" "+define+COSIM_LIB" -suppress 2388 -suppress 14408 -suppress 7061 ip/mpsim/mpsim_ki/altera_merlin_router_1921/sim/mpsim_ki_altera_merlin_router_1921_hszz7ii.sv -work altera_merlin_router_1921 
# -- Compiling module mpsim_ki_altera_merlin_router_1921_hszz7ii_default_decode
# -- Compiling module mpsim_ki_altera_merlin_router_1921_hszz7ii
# 
# Top level modules:
# 	mpsim_ki_altera_merlin_router_1921_hszz7ii
# End time: 16:50:59 on Aug 11,2026, Elapsed time: 0:00:00
# Errors: 0, Warnings: 0
# Questa Intel FPGA Edition-64 vlog 2025.1 Compiler 2025.01 Jan 18 2025
# Start time: 16:50:59 on Aug 11,2026
# vlog -sv "+incdir+mpsim/sim" "+define+COSIM_LIB" -suppress 2388 -suppress 14408 -suppress 7061 ip/mpsim/mpsim_ki/altera_merlin_router_1921/sim/mpsim_ki_altera_merlin_router_1921_qtz4nay.sv -work altera_merlin_router_1921 
# -- Compiling module mpsim_ki_altera_merlin_router_1921_qtz4nay_default_decode
# -- Compiling module mpsim_ki_altera_merlin_router_1921_qtz4nay
# 
# Top level modules:
# 	mpsim_ki_altera_merlin_router_1921_qtz4nay
# End time: 16:50:59 on Aug 11,2026, Elapsed time: 0:00:00
# Errors: 0, Warnings: 0
# Questa Intel FPGA Edition-64 vlog 2025.1 Compiler 2025.01 Jan 18 2025
# Start time: 16:50:59 on Aug 11,2026
# vlog -sv "+incdir+mpsim/sim" "+define+COSIM_LIB" -suppress 2388 -suppress 14408 -suppress 7061 ip/mpsim/mpsim_ki/altera_merlin_router_1921/sim/mpsim_ki_altera_merlin_router_1921_5eormgy.sv -work altera_merlin_router_1921 
# -- Compiling module mpsim_ki_altera_merlin_router_1921_5eormgy_default_decode
# -- Compiling module mpsim_ki_altera_merlin_router_1921_5eormgy
# 
# Top level modules:
# 	mpsim_ki_altera_merlin_router_1921_5eormgy
# End time: 16:50:59 on Aug 11,2026, Elapsed time: 0:00:00
# Errors: 0, Warnings: 0
# Questa Intel FPGA Edition-64 vlog 2025.1 Compiler 2025.01 Jan 18 2025
# Start time: 16:50:59 on Aug 11,2026
# vlog "+incdir+mpsim/sim" "+define+COSIM_LIB" -suppress 2388 -suppress 14408 -suppress 7061 ip/mpsim/mpsim_ki/altera_merlin_traffic_limiter_1921/sim/mpsim_ki_altera_merlin_traffic_limiter_altera_avalon_sc_fifo_1921_xk7jela.v -work altera_merlin_traffic_limiter_1921 
# -- Compiling module mpsim_ki_altera_merlin_traffic_limiter_altera_avalon_sc_fifo_1921_xk7jela
# 
# Top level modules:
# 	mpsim_ki_altera_merlin_traffic_limiter_altera_avalon_sc_fifo_1921_xk7jela
# End time: 16:50:59 on Aug 11,2026, Elapsed time: 0:00:00
# Errors: 0, Warnings: 0
# Questa Intel FPGA Edition-64 vlog 2025.1 Compiler 2025.01 Jan 18 2025
# Start time: 16:50:59 on Aug 11,2026
# vlog -sv "+incdir+mpsim/sim" "+define+COSIM_LIB" -suppress 2388 -suppress 14408 -suppress 7061 ip/mpsim/mpsim_ki/altera_merlin_traffic_limiter_1921/sim/altera_merlin_reorder_memory.sv -work altera_merlin_traffic_limiter_1921 
# -- Compiling module altera_merlin_reorder_memory
# -- Compiling module memory_pointer_controller
# 
# Top level modules:
# 	altera_merlin_reorder_memory
# End time: 16:50:59 on Aug 11,2026, Elapsed time: 0:00:00
# Errors: 0, Warnings: 0
# Questa Intel FPGA Edition-64 vlog 2025.1 Compiler 2025.01 Jan 18 2025
# Start time: 16:50:59 on Aug 11,2026
# vlog -sv "+incdir+mpsim/sim" "+define+COSIM_LIB" -suppress 2388 -suppress 14408 -suppress 7061 ip/mpsim/mpsim_ki/altera_merlin_traffic_limiter_1921/sim/altera_avalon_st_pipeline_base.v -work altera_merlin_traffic_limiter_1921 
# -- Compiling module altera_avalon_st_pipeline_base
# 
# Top level modules:
# 	altera_avalon_st_pipeline_base
# End time: 16:50:59 on Aug 11,2026, Elapsed time: 0:00:00
# Errors: 0, Warnings: 0
# Questa Intel FPGA Edition-64 vlog 2025.1 Compiler 2025.01 Jan 18 2025
# Start time: 16:50:59 on Aug 11,2026
# vlog -sv "+incdir+mpsim/sim" "+define+COSIM_LIB" -suppress 2388 -suppress 14408 -suppress 7061 ip/mpsim/mpsim_ki/altera_merlin_traffic_limiter_1921/sim/mpsim_ki_altera_merlin_traffic_limiter_1921_3mmasty.sv -work altera_merlin_traffic_limiter_1921 
# -- Compiling module mpsim_ki_altera_merlin_traffic_limiter_1921_3mmasty
# ** Warning: ip/mpsim/mpsim_ki/altera_merlin_traffic_limiter_1921/sim/mpsim_ki_altera_merlin_traffic_limiter_1921_3mmasty.sv(414): (vlog-13528) Extra Parentheses after time system function.
# ** Warning: ip/mpsim/mpsim_ki/altera_merlin_traffic_limiter_1921/sim/mpsim_ki_altera_merlin_traffic_limiter_1921_3mmasty.sv(436): (vlog-13528) Extra Parentheses after time system function.
# 
# Top level modules:
# 	mpsim_ki_altera_merlin_traffic_limiter_1921_3mmasty
# End time: 16:50:59 on Aug 11,2026, Elapsed time: 0:00:00
# Errors: 0, Warnings: 2
# Questa Intel FPGA Edition-64 vlog 2025.1 Compiler 2025.01 Jan 18 2025
# Start time: 16:50:59 on Aug 11,2026
# vlog -sv "+incdir+mpsim/sim" "+define+COSIM_LIB" -suppress 2388 -suppress 14408 -suppress 7061 ip/mpsim/mpsim_ki/altera_merlin_demultiplexer_1921/sim/mpsim_ki_altera_merlin_demultiplexer_1921_i7haooa.sv -work altera_merlin_demultiplexer_1921 
# -- Compiling module mpsim_ki_altera_merlin_demultiplexer_1921_i7haooa
# 
# Top level modules:
# 	mpsim_ki_altera_merlin_demultiplexer_1921_i7haooa
# End time: 16:50:59 on Aug 11,2026, Elapsed time: 0:00:00
# Errors: 0, Warnings: 0
# Questa Intel FPGA Edition-64 vlog 2025.1 Compiler 2025.01 Jan 18 2025
# Start time: 16:50:59 on Aug 11,2026
# vlog -sv "+incdir+mpsim/sim" "+define+COSIM_LIB" -suppress 2388 -suppress 14408 -suppress 7061 ip/mpsim/mpsim_ki/altera_merlin_multiplexer_1922/sim/mpsim_ki_altera_merlin_multiplexer_1922_yh2hzlq.sv -work altera_merlin_multiplexer_1922 
# -- Compiling module mpsim_ki_altera_merlin_multiplexer_1922_yh2hzlq
# 
# Top level modules:
# 	mpsim_ki_altera_merlin_multiplexer_1922_yh2hzlq
# End time: 16:50:59 on Aug 11,2026, Elapsed time: 0:00:00
# Errors: 0, Warnings: 0
# Questa Intel FPGA Edition-64 vlog 2025.1 Compiler 2025.01 Jan 18 2025
# Start time: 16:50:59 on Aug 11,2026
# vlog -sv "+incdir+mpsim/sim" "+define+COSIM_LIB" -suppress 2388 -suppress 14408 -suppress 7061 ip/mpsim/mpsim_ki/altera_merlin_multiplexer_1922/sim/altera_merlin_arbitrator.sv -work altera_merlin_multiplexer_1922 
# -- Compiling module altera_merlin_arbitrator
# -- Compiling module altera_merlin_arb_adder
# 
# Top level modules:
# 	altera_merlin_arbitrator
# End time: 16:50:59 on Aug 11,2026, Elapsed time: 0:00:00
# Errors: 0, Warnings: 0
# Questa Intel FPGA Edition-64 vlog 2025.1 Compiler 2025.01 Jan 18 2025
# Start time: 16:50:59 on Aug 11,2026
# vlog -sv "+incdir+mpsim/sim" "+define+COSIM_LIB" -suppress 2388 -suppress 14408 -suppress 7061 ip/mpsim/mpsim_ki/altera_merlin_demultiplexer_1921/sim/mpsim_ki_altera_merlin_demultiplexer_1921_suap5yy.sv -work altera_merlin_demultiplexer_1921 
# -- Compiling module mpsim_ki_altera_merlin_demultiplexer_1921_suap5yy
# 
# Top level modules:
# 	mpsim_ki_altera_merlin_demultiplexer_1921_suap5yy
# End time: 16:50:59 on Aug 11,2026, Elapsed time: 0:00:00
# Errors: 0, Warnings: 0
# Questa Intel FPGA Edition-64 vlog 2025.1 Compiler 2025.01 Jan 18 2025
# Start time: 16:50:59 on Aug 11,2026
# vlog -sv "+incdir+mpsim/sim" "+define+COSIM_LIB" -suppress 2388 -suppress 14408 -suppress 7061 ip/mpsim/mpsim_ki/altera_merlin_multiplexer_1922/sim/mpsim_ki_altera_merlin_multiplexer_1922_pzwq76q.sv -work altera_merlin_multiplexer_1922 
# -- Compiling module mpsim_ki_altera_merlin_multiplexer_1922_pzwq76q
# 
# Top level modules:
# 	mpsim_ki_altera_merlin_multiplexer_1922_pzwq76q
# End time: 16:50:59 on Aug 11,2026, Elapsed time: 0:00:00
# Errors: 0, Warnings: 0
# Questa Intel FPGA Edition-64 vlog 2025.1 Compiler 2025.01 Jan 18 2025
# Start time: 16:50:59 on Aug 11,2026
# vlog -sv "+incdir+mpsim/sim" "+define+COSIM_LIB" -suppress 2388 -suppress 14408 -suppress 7061 ip/mpsim/mpsim_ki/altera_merlin_multiplexer_1922/sim/altera_merlin_arbitrator.sv -work altera_merlin_multiplexer_1922 
# -- Compiling module altera_merlin_arbitrator
# -- Compiling module altera_merlin_arb_adder
# 
# Top level modules:
# 	altera_merlin_arbitrator
# End time: 16:50:59 on Aug 11,2026, Elapsed time: 0:00:00
# Errors: 0, Warnings: 0
# Questa Intel FPGA Edition-64 vlog 2025.1 Compiler 2025.01 Jan 18 2025
# Start time: 16:50:59 on Aug 11,2026
# vlog -sv "+incdir+mpsim/sim" "+define+COSIM_LIB" -suppress 2388 -suppress 14408 -suppress 7061 ip/mpsim/mpsim_ki/altera_merlin_width_adapter_1961/sim/mpsim_ki_altera_merlin_width_adapter_1961_6vhpr3q.sv -work altera_merlin_width_adapter_1961 
# -- Compiling module mpsim_ki_altera_merlin_width_adapter_1961_6vhpr3q
# 
# Top level modules:
# 	mpsim_ki_altera_merlin_width_adapter_1961_6vhpr3q
# End time: 16:51:00 on Aug 11,2026, Elapsed time: 0:00:01
# Errors: 0, Warnings: 0
# Questa Intel FPGA Edition-64 vlog 2025.1 Compiler 2025.01 Jan 18 2025
# Start time: 16:51:00 on Aug 11,2026
# vlog -sv "+incdir+mpsim/sim" "+define+COSIM_LIB" -suppress 2388 -suppress 14408 -suppress 7061 ip/mpsim/mpsim_ki/altera_merlin_width_adapter_1961/sim/altera_merlin_address_alignment.sv -work altera_merlin_width_adapter_1961 
# -- Compiling module altera_merlin_address_alignment
# 
# Top level modules:
# 	altera_merlin_address_alignment
# End time: 16:51:00 on Aug 11,2026, Elapsed time: 0:00:00
# Errors: 0, Warnings: 0
# Questa Intel FPGA Edition-64 vlog 2025.1 Compiler 2025.01 Jan 18 2025
# Start time: 16:51:00 on Aug 11,2026
# vlog -sv "+incdir+mpsim/sim" "+define+COSIM_LIB" -suppress 2388 -suppress 14408 -suppress 7061 ip/mpsim/mpsim_ki/altera_merlin_width_adapter_1961/sim/altera_merlin_burst_uncompressor.sv -work altera_merlin_width_adapter_1961 
# -- Compiling module altera_merlin_burst_uncompressor
# 
# Top level modules:
# 	altera_merlin_burst_uncompressor
# End time: 16:51:00 on Aug 11,2026, Elapsed time: 0:00:00
# Errors: 0, Warnings: 0
# Questa Intel FPGA Edition-64 vlog 2025.1 Compiler 2025.01 Jan 18 2025
# Start time: 16:51:00 on Aug 11,2026
# vlog -sv "+incdir+mpsim/sim" "+define+COSIM_LIB" -suppress 2388 -suppress 14408 -suppress 7061 ip/mpsim/mpsim_ki/altera_merlin_width_adapter_1961/sim/mpsim_ki_altera_merlin_width_adapter_1961_l6mghii.sv -work altera_merlin_width_adapter_1961 
# -- Compiling module mpsim_ki_altera_merlin_width_adapter_1961_l6mghii
# 
# Top level modules:
# 	mpsim_ki_altera_merlin_width_adapter_1961_l6mghii
# End time: 16:51:00 on Aug 11,2026, Elapsed time: 0:00:00
# Errors: 0, Warnings: 0
# Questa Intel FPGA Edition-64 vlog 2025.1 Compiler 2025.01 Jan 18 2025
# Start time: 16:51:00 on Aug 11,2026
# vlog -sv "+incdir+mpsim/sim" "+define+COSIM_LIB" -suppress 2388 -suppress 14408 -suppress 7061 ip/mpsim/mpsim_ki/altera_merlin_width_adapter_1961/sim/altera_merlin_address_alignment.sv -work altera_merlin_width_adapter_1961 
# -- Compiling module altera_merlin_address_alignment
# 
# Top level modules:
# 	altera_merlin_address_alignment
# End time: 16:51:00 on Aug 11,2026, Elapsed time: 0:00:00
# Errors: 0, Warnings: 0
# Questa Intel FPGA Edition-64 vlog 2025.1 Compiler 2025.01 Jan 18 2025
# Start time: 16:51:00 on Aug 11,2026
# vlog -sv "+incdir+mpsim/sim" "+define+COSIM_LIB" -suppress 2388 -suppress 14408 -suppress 7061 ip/mpsim/mpsim_ki/altera_merlin_width_adapter_1961/sim/altera_merlin_burst_uncompressor.sv -work altera_merlin_width_adapter_1961 
# -- Compiling module altera_merlin_burst_uncompressor
# 
# Top level modules:
# 	altera_merlin_burst_uncompressor
# End time: 16:51:00 on Aug 11,2026, Elapsed time: 0:00:00
# Errors: 0, Warnings: 0
# Questa Intel FPGA Edition-64 vlog 2025.1 Compiler 2025.01 Jan 18 2025
# Start time: 16:51:00 on Aug 11,2026
# vlog "+incdir+mpsim/sim" "+define+COSIM_LIB" -suppress 2388 -suppress 14408 -suppress 7061 ip/mpsim/mpsim_ki/altera_mm_interconnect_1920/sim/mpsim_ki_altera_mm_interconnect_1920_xrsjtoq.v -work altera_mm_interconnect_1920 
# -- Compiling module mpsim_ki_altera_mm_interconnect_1920_xrsjtoq
# 
# Top level modules:
# 	mpsim_ki_altera_mm_interconnect_1920_xrsjtoq
# End time: 16:51:00 on Aug 11,2026, Elapsed time: 0:00:00
# Errors: 0, Warnings: 0
# Questa Intel FPGA Edition-64 vlog 2025.1 Compiler 2025.01 Jan 18 2025
# Start time: 16:51:00 on Aug 11,2026
# vlog "+incdir+mpsim/sim" "+define+COSIM_LIB" -suppress 2388 -suppress 14408 -suppress 7061 ip/mpsim/mpsim_ki/kernel_interface_151/sim/mpsim_ki_kernel_interface_151_yqsw7ei.v -work kernel_interface_151 
# -- Compiling module mpsim_ki_kernel_interface_151_yqsw7ei
# 
# Top level modules:
# 	mpsim_ki_kernel_interface_151_yqsw7ei
# End time: 16:51:00 on Aug 11,2026, Elapsed time: 0:00:00
# Errors: 0, Warnings: 0
# Questa Intel FPGA Edition-64 vlog 2025.1 Compiler 2025.01 Jan 18 2025
# Start time: 16:51:00 on Aug 11,2026
# vlog "+incdir+mpsim/sim" "+define+COSIM_LIB" -suppress 2388 -suppress 14408 -suppress 7061 ip/mpsim/mpsim_ki/sim/mpsim_ki.v -work mpsim_ki 
# -- Compiling module mpsim_ki
# 
# Top level modules:
# 	mpsim_ki
# End time: 16:51:00 on Aug 11,2026, Elapsed time: 0:00:00
# Errors: 0, Warnings: 0
# Questa Intel FPGA Edition-64 vlog 2025.1 Compiler 2025.01 Jan 18 2025
# Start time: 16:51:00 on Aug 11,2026
# vlog -sv "+incdir+mpsim/sim" "+define+COSIM_LIB" -suppress 2388 -suppress 14408 -suppress 7061 ip/mpsim/dpic_const_lambda_1/aoc_sim_component_dpi_controller_10/sim/aoc_sim_stream_sink_dpi_bfm.sv -work aoc_sim_component_dpi_controller_10 
# -- Compiling module aoc_sim_stream_sink_dpi_bfm
# 
# Top level modules:
# 	aoc_sim_stream_sink_dpi_bfm
# End time: 16:51:00 on Aug 11,2026, Elapsed time: 0:00:00
# Errors: 0, Warnings: 0
# Questa Intel FPGA Edition-64 vlog 2025.1 Compiler 2025.01 Jan 18 2025
# Start time: 16:51:00 on Aug 11,2026
# vlog -sv "+incdir+mpsim/sim" "+define+COSIM_LIB" -suppress 2388 -suppress 14408 -suppress 7061 ip/mpsim/dpic_const_lambda_1/aoc_sim_component_dpi_controller_10/sim/aoc_sim_stream_source_dpi_bfm.sv -work aoc_sim_component_dpi_controller_10 
# -- Compiling module aoc_sim_stream_source_dpi_bfm
# 
# Top level modules:
# 	aoc_sim_stream_source_dpi_bfm
# End time: 16:51:00 on Aug 11,2026, Elapsed time: 0:00:00
# Errors: 0, Warnings: 0
# Questa Intel FPGA Edition-64 vlog 2025.1 Compiler 2025.01 Jan 18 2025
# Start time: 16:51:00 on Aug 11,2026
# vlog -sv "+incdir+mpsim/sim" "+define+COSIM_LIB" -suppress 2388 -suppress 14408 -suppress 7061 ip/mpsim/dpic_const_lambda_1/aoc_sim_component_dpi_controller_10/sim/aoc_sim_component_dpi_controller.sv -work aoc_sim_component_dpi_controller_10 
# -- Compiling module aoc_sim_component_dpi_controller
# 
# Top level modules:
# 	aoc_sim_component_dpi_controller
# End time: 16:51:00 on Aug 11,2026, Elapsed time: 0:00:00
# Errors: 0, Warnings: 0
# Questa Intel FPGA Edition-64 vlog 2025.1 Compiler 2025.01 Jan 18 2025
# Start time: 16:51:00 on Aug 11,2026
# vlog "+incdir+mpsim/sim" "+define+COSIM_LIB" -suppress 2388 -suppress 14408 -suppress 7061 ip/mpsim/dpic_const_lambda_1/sim/dpic_const_lambda_1.v -work dpic_const_lambda_1 
# -- Compiling module dpic_const_lambda_1
# 
# Top level modules:
# 	dpic_const_lambda_1
# End time: 16:51:00 on Aug 11,2026, Elapsed time: 0:00:00
# Errors: 0, Warnings: 0
# Questa Intel FPGA Edition-64 vlog 2025.1 Compiler 2025.01 Jan 18 2025
# Start time: 16:51:00 on Aug 11,2026
# vlog -sv "+incdir+mpsim/sim" "+define+COSIM_LIB" -suppress 2388 -suppress 14408 -suppress 7061 ip/mpsim/const_lambda_4_en_cfan/avalon_conduit_fanout_10/sim/const_lambda_4_en_cfan_avalon_conduit_fanout_10_xkdeykq.sv -work avalon_conduit_fanout_10 
# -- Compiling module const_lambda_4_en_cfan_avalon_conduit_fanout_10_xkdeykq
# 
# Top level modules:
# 	const_lambda_4_en_cfan_avalon_conduit_fanout_10_xkdeykq
# End time: 16:51:00 on Aug 11,2026, Elapsed time: 0:00:00
# Errors: 0, Warnings: 0
# Questa Intel FPGA Edition-64 vlog 2025.1 Compiler 2025.01 Jan 18 2025
# Start time: 16:51:00 on Aug 11,2026
# vlog "+incdir+mpsim/sim" "+define+COSIM_LIB" -suppress 2388 -suppress 14408 -suppress 7061 ip/mpsim/const_lambda_4_en_cfan/sim/const_lambda_4_en_cfan.v -work const_lambda_4_en_cfan 
# -- Compiling module const_lambda_4_en_cfan
# 
# Top level modules:
# 	const_lambda_4_en_cfan
# End time: 16:51:00 on Aug 11,2026, Elapsed time: 0:00:00
# Errors: 0, Warnings: 0
# Questa Intel FPGA Edition-64 vlog 2025.1 Compiler 2025.01 Jan 18 2025
# Start time: 16:51:00 on Aug 11,2026
# vlog -sv "+incdir+mpsim/sim" "+define+COSIM_LIB" -suppress 2388 -suppress 14408 -suppress 7061 ip/mpsim/dpic_const_lambda_4/aoc_sim_component_dpi_controller_10/sim/aoc_sim_stream_sink_dpi_bfm.sv -work aoc_sim_component_dpi_controller_10 
# -- Compiling module aoc_sim_stream_sink_dpi_bfm
# 
# Top level modules:
# 	aoc_sim_stream_sink_dpi_bfm
# End time: 16:51:00 on Aug 11,2026, Elapsed time: 0:00:00
# Errors: 0, Warnings: 0
# Questa Intel FPGA Edition-64 vlog 2025.1 Compiler 2025.01 Jan 18 2025
# Start time: 16:51:00 on Aug 11,2026
# vlog -sv "+incdir+mpsim/sim" "+define+COSIM_LIB" -suppress 2388 -suppress 14408 -suppress 7061 ip/mpsim/dpic_const_lambda_4/aoc_sim_component_dpi_controller_10/sim/aoc_sim_stream_source_dpi_bfm.sv -work aoc_sim_component_dpi_controller_10 
# -- Compiling module aoc_sim_stream_source_dpi_bfm
# 
# Top level modules:
# 	aoc_sim_stream_source_dpi_bfm
# End time: 16:51:01 on Aug 11,2026, Elapsed time: 0:00:01
# Errors: 0, Warnings: 0
# Questa Intel FPGA Edition-64 vlog 2025.1 Compiler 2025.01 Jan 18 2025
# Start time: 16:51:01 on Aug 11,2026
# vlog -sv "+incdir+mpsim/sim" "+define+COSIM_LIB" -suppress 2388 -suppress 14408 -suppress 7061 ip/mpsim/dpic_const_lambda_4/aoc_sim_component_dpi_controller_10/sim/aoc_sim_component_dpi_controller.sv -work aoc_sim_component_dpi_controller_10 
# -- Compiling module aoc_sim_component_dpi_controller
# 
# Top level modules:
# 	aoc_sim_component_dpi_controller
# End time: 16:51:01 on Aug 11,2026, Elapsed time: 0:00:00
# Errors: 0, Warnings: 0
# Questa Intel FPGA Edition-64 vlog 2025.1 Compiler 2025.01 Jan 18 2025
# Start time: 16:51:01 on Aug 11,2026
# vlog "+incdir+mpsim/sim" "+define+COSIM_LIB" -suppress 2388 -suppress 14408 -suppress 7061 ip/mpsim/dpic_const_lambda_4/sim/dpic_const_lambda_4.v -work dpic_const_lambda_4 
# -- Compiling module dpic_const_lambda_4
# 
# Top level modules:
# 	dpic_const_lambda_4
# End time: 16:51:01 on Aug 11,2026, Elapsed time: 0:00:00
# Errors: 0, Warnings: 0
# Questa Intel FPGA Edition-64 vlog 2025.1 Compiler 2025.01 Jan 18 2025
# Start time: 16:51:01 on Aug 11,2026
# vlog -sv "+incdir+mpsim/sim" "+define+COSIM_LIB" -suppress 2388 -suppress 14408 -suppress 7061 ip/mpsim/sp_csr_ready/avalon_split_multibit_conduit_10/sim/sp_csr_ready_avalon_split_multibit_conduit_10_4rgcwhq.sv -work avalon_split_multibit_conduit_10 
# -- Compiling module sp_csr_ready_avalon_split_multibit_conduit_10_4rgcwhq
# 
# Top level modules:
# 	sp_csr_ready_avalon_split_multibit_conduit_10_4rgcwhq
# End time: 16:51:01 on Aug 11,2026, Elapsed time: 0:00:00
# Errors: 0, Warnings: 0
# Questa Intel FPGA Edition-64 vlog 2025.1 Compiler 2025.01 Jan 18 2025
# Start time: 16:51:01 on Aug 11,2026
# vlog "+incdir+mpsim/sim" "+define+COSIM_LIB" -suppress 2388 -suppress 14408 -suppress 7061 ip/mpsim/sp_csr_ready/sim/sp_csr_ready.v -work sp_csr_ready 
# -- Compiling module sp_csr_ready
# 
# Top level modules:
# 	sp_csr_ready
# End time: 16:51:01 on Aug 11,2026, Elapsed time: 0:00:00
# Errors: 0, Warnings: 0
# Questa Intel FPGA Edition-64 vlog 2025.1 Compiler 2025.01 Jan 18 2025
# Start time: 16:51:01 on Aug 11,2026
# vlog -sv "+incdir+mpsim/sim" "+define+COSIM_LIB" -suppress 2388 -suppress 14408 -suppress 7061 ip/mpsim/dpic_const_lambda_2/aoc_sim_component_dpi_controller_10/sim/aoc_sim_stream_sink_dpi_bfm.sv -work aoc_sim_component_dpi_controller_10 
# -- Compiling module aoc_sim_stream_sink_dpi_bfm
# 
# Top level modules:
# 	aoc_sim_stream_sink_dpi_bfm
# End time: 16:51:01 on Aug 11,2026, Elapsed time: 0:00:00
# Errors: 0, Warnings: 0
# Questa Intel FPGA Edition-64 vlog 2025.1 Compiler 2025.01 Jan 18 2025
# Start time: 16:51:01 on Aug 11,2026
# vlog -sv "+incdir+mpsim/sim" "+define+COSIM_LIB" -suppress 2388 -suppress 14408 -suppress 7061 ip/mpsim/dpic_const_lambda_2/aoc_sim_component_dpi_controller_10/sim/aoc_sim_stream_source_dpi_bfm.sv -work aoc_sim_component_dpi_controller_10 
# -- Compiling module aoc_sim_stream_source_dpi_bfm
# 
# Top level modules:
# 	aoc_sim_stream_source_dpi_bfm
# End time: 16:51:01 on Aug 11,2026, Elapsed time: 0:00:00
# Errors: 0, Warnings: 0
# Questa Intel FPGA Edition-64 vlog 2025.1 Compiler 2025.01 Jan 18 2025
# Start time: 16:51:01 on Aug 11,2026
# vlog -sv "+incdir+mpsim/sim" "+define+COSIM_LIB" -suppress 2388 -suppress 14408 -suppress 7061 ip/mpsim/dpic_const_lambda_2/aoc_sim_component_dpi_controller_10/sim/aoc_sim_component_dpi_controller.sv -work aoc_sim_component_dpi_controller_10 
# -- Compiling module aoc_sim_component_dpi_controller
# 
# Top level modules:
# 	aoc_sim_component_dpi_controller
# End time: 16:51:01 on Aug 11,2026, Elapsed time: 0:00:00
# Errors: 0, Warnings: 0
# Questa Intel FPGA Edition-64 vlog 2025.1 Compiler 2025.01 Jan 18 2025
# Start time: 16:51:01 on Aug 11,2026
# vlog "+incdir+mpsim/sim" "+define+COSIM_LIB" -suppress 2388 -suppress 14408 -suppress 7061 ip/mpsim/dpic_const_lambda_2/sim/dpic_const_lambda_2.v -work dpic_const_lambda_2 
# -- Compiling module dpic_const_lambda_2
# 
# Top level modules:
# 	dpic_const_lambda_2
# End time: 16:51:01 on Aug 11,2026, Elapsed time: 0:00:00
# Errors: 0, Warnings: 0
# Questa Intel FPGA Edition-64 vlog 2025.1 Compiler 2025.01 Jan 18 2025
# Start time: 16:51:01 on Aug 11,2026
# vlog -sv "+incdir+mpsim/sim" "+define+COSIM_LIB" -suppress 2388 -suppress 14408 -suppress 7061 ip/mpsim/dpic_const_lambda_3/aoc_sim_component_dpi_controller_10/sim/aoc_sim_stream_sink_dpi_bfm.sv -work aoc_sim_component_dpi_controller_10 
# -- Compiling module aoc_sim_stream_sink_dpi_bfm
# 
# Top level modules:
# 	aoc_sim_stream_sink_dpi_bfm
# End time: 16:51:01 on Aug 11,2026, Elapsed time: 0:00:00
# Errors: 0, Warnings: 0
# Questa Intel FPGA Edition-64 vlog 2025.1 Compiler 2025.01 Jan 18 2025
# Start time: 16:51:01 on Aug 11,2026
# vlog -sv "+incdir+mpsim/sim" "+define+COSIM_LIB" -suppress 2388 -suppress 14408 -suppress 7061 ip/mpsim/dpic_const_lambda_3/aoc_sim_component_dpi_controller_10/sim/aoc_sim_stream_source_dpi_bfm.sv -work aoc_sim_component_dpi_controller_10 
# -- Compiling module aoc_sim_stream_source_dpi_bfm
# 
# Top level modules:
# 	aoc_sim_stream_source_dpi_bfm
# End time: 16:51:01 on Aug 11,2026, Elapsed time: 0:00:00
# Errors: 0, Warnings: 0
# Questa Intel FPGA Edition-64 vlog 2025.1 Compiler 2025.01 Jan 18 2025
# Start time: 16:51:01 on Aug 11,2026
# vlog -sv "+incdir+mpsim/sim" "+define+COSIM_LIB" -suppress 2388 -suppress 14408 -suppress 7061 ip/mpsim/dpic_const_lambda_3/aoc_sim_component_dpi_controller_10/sim/aoc_sim_component_dpi_controller.sv -work aoc_sim_component_dpi_controller_10 
# -- Compiling module aoc_sim_component_dpi_controller
# 
# Top level modules:
# 	aoc_sim_component_dpi_controller
# End time: 16:51:01 on Aug 11,2026, Elapsed time: 0:00:00
# Errors: 0, Warnings: 0
# Questa Intel FPGA Edition-64 vlog 2025.1 Compiler 2025.01 Jan 18 2025
# Start time: 16:51:01 on Aug 11,2026
# vlog "+incdir+mpsim/sim" "+define+COSIM_LIB" -suppress 2388 -suppress 14408 -suppress 7061 ip/mpsim/dpic_const_lambda_3/sim/dpic_const_lambda_3.v -work dpic_const_lambda_3 
# -- Compiling module dpic_const_lambda_3
# 
# Top level modules:
# 	dpic_const_lambda_3
# End time: 16:51:01 on Aug 11,2026, Elapsed time: 0:00:00
# Errors: 0, Warnings: 0
# Questa Intel FPGA Edition-64 vlog 2025.1 Compiler 2025.01 Jan 18 2025
# Start time: 16:51:01 on Aug 11,2026
# vlog -sv "+incdir+mpsim/sim" "+define+COSIM_LIB" -suppress 2388 -suppress 14408 -suppress 7061 ip/mpsim/mpsim_oirq/aoc_sim_main_dpi_controller_10/sim/aoc_sim_main_dpi_controller.sv -work aoc_sim_main_dpi_controller_10 
# -- Compiling module aoc_sim_main_dpi_controller
# 
# Top level modules:
# 	aoc_sim_main_dpi_controller
# End time: 16:51:01 on Aug 11,2026, Elapsed time: 0:00:00
# Errors: 0, Warnings: 0
# Questa Intel FPGA Edition-64 vlog 2025.1 Compiler 2025.01 Jan 18 2025
# Start time: 16:51:01 on Aug 11,2026
# vlog "+incdir+mpsim/sim" "+define+COSIM_LIB" -suppress 2388 -suppress 14408 -suppress 7061 ip/mpsim/mpsim_oirq/sim/mpsim_oirq.v -work mpsim_oirq 
# -- Compiling module mpsim_oirq
# 
# Top level modules:
# 	mpsim_oirq
# End time: 16:51:01 on Aug 11,2026, Elapsed time: 0:00:00
# Errors: 0, Warnings: 0
# Questa Intel FPGA Edition-64 vlog 2025.1 Compiler 2025.01 Jan 18 2025
# Start time: 16:51:01 on Aug 11,2026
# vlog -sv "+incdir+mpsim/sim" "+define+COSIM_LIB" -suppress 2388 -suppress 14408 -suppress 7061 ip/mpsim/const_lambda_2_en_cfan/avalon_conduit_fanout_10/sim/const_lambda_2_en_cfan_avalon_conduit_fanout_10_xkdeykq.sv -work avalon_conduit_fanout_10 
# -- Compiling module const_lambda_2_en_cfan_avalon_conduit_fanout_10_xkdeykq
# 
# Top level modules:
# 	const_lambda_2_en_cfan_avalon_conduit_fanout_10_xkdeykq
# End time: 16:51:01 on Aug 11,2026, Elapsed time: 0:00:00
# Errors: 0, Warnings: 0
# Questa Intel FPGA Edition-64 vlog 2025.1 Compiler 2025.01 Jan 18 2025
# Start time: 16:51:01 on Aug 11,2026
# vlog "+incdir+mpsim/sim" "+define+COSIM_LIB" -suppress 2388 -suppress 14408 -suppress 7061 ip/mpsim/const_lambda_2_en_cfan/sim/const_lambda_2_en_cfan.v -work const_lambda_2_en_cfan 
# -- Compiling module const_lambda_2_en_cfan
# 
# Top level modules:
# 	const_lambda_2_en_cfan
# End time: 16:51:01 on Aug 11,2026, Elapsed time: 0:00:00
# Errors: 0, Warnings: 0
# Questa Intel FPGA Edition-64 vlog 2025.1 Compiler 2025.01 Jan 18 2025
# Start time: 16:51:01 on Aug 11,2026
# vlog -sv "+incdir+mpsim/sim" "+define+COSIM_LIB" -suppress 2388 -suppress 14408 -suppress 7061 ip/mpsim/const_lambda_en_cfan/avalon_conduit_fanout_10/sim/const_lambda_en_cfan_avalon_conduit_fanout_10_xkdeykq.sv -work avalon_conduit_fanout_10 
# -- Compiling module const_lambda_en_cfan_avalon_conduit_fanout_10_xkdeykq
# 
# Top level modules:
# 	const_lambda_en_cfan_avalon_conduit_fanout_10_xkdeykq
# End time: 16:51:02 on Aug 11,2026, Elapsed time: 0:00:01
# Errors: 0, Warnings: 0
# Questa Intel FPGA Edition-64 vlog 2025.1 Compiler 2025.01 Jan 18 2025
# Start time: 16:51:02 on Aug 11,2026
# vlog "+incdir+mpsim/sim" "+define+COSIM_LIB" -suppress 2388 -suppress 14408 -suppress 7061 ip/mpsim/const_lambda_en_cfan/sim/const_lambda_en_cfan.v -work const_lambda_en_cfan 
# -- Compiling module const_lambda_en_cfan
# 
# Top level modules:
# 	const_lambda_en_cfan
# End time: 16:51:02 on Aug 11,2026, Elapsed time: 0:00:00
# Errors: 0, Warnings: 0
# Questa Intel FPGA Edition-64 vlog 2025.1 Compiler 2025.01 Jan 18 2025
# Start time: 16:51:02 on Aug 11,2026
# vlog -sv "+incdir+mpsim/sim" "+define+COSIM_LIB" -suppress 2388 -suppress 14408 -suppress 7061 ip/mpsim/done_cfan/avalon_conduit_fanout_10/sim/done_cfan_avalon_conduit_fanout_10_belyc6q.sv -work avalon_conduit_fanout_10 
# -- Compiling module done_cfan_avalon_conduit_fanout_10_belyc6q
# 
# Top level modules:
# 	done_cfan_avalon_conduit_fanout_10_belyc6q
# End time: 16:51:02 on Aug 11,2026, Elapsed time: 0:00:00
# Errors: 0, Warnings: 0
# Questa Intel FPGA Edition-64 vlog 2025.1 Compiler 2025.01 Jan 18 2025
# Start time: 16:51:02 on Aug 11,2026
# vlog "+incdir+mpsim/sim" "+define+COSIM_LIB" -suppress 2388 -suppress 14408 -suppress 7061 ip/mpsim/done_cfan/sim/done_cfan.v -work done_cfan 
# -- Compiling module done_cfan
# 
# Top level modules:
# 	done_cfan
# End time: 16:51:02 on Aug 11,2026, Elapsed time: 0:00:00
# Errors: 0, Warnings: 0
# Questa Intel FPGA Edition-64 vlog 2025.1 Compiler 2025.01 Jan 18 2025
# Start time: 16:51:02 on Aug 11,2026
# vlog -sv "+incdir+mpsim/sim" "+define+COSIM_LIB" -suppress 2388 -suppress 14408 -suppress 7061 ip/mpsim/mm_agent_ks_mem0_rw/aoc_sim_mm_slave_dpi_bfm_10/sim/altera_avalon_mm_slave_bfm.sv -L altera_common_sv_packages -work aoc_sim_mm_slave_dpi_bfm_10 
# -- Compiling module altera_avalon_mm_slave_bfm
# -- Importing package altera_common_sv_packages.verbosity_pkg
# -- Importing package altera_common_sv_packages.avalon_mm_pkg
# -- Importing package altera_common_sv_packages.avalon_utilities_pkg
# 
# Top level modules:
# 	altera_avalon_mm_slave_bfm
# End time: 16:51:02 on Aug 11,2026, Elapsed time: 0:00:00
# Errors: 0, Warnings: 0
# Questa Intel FPGA Edition-64 vlog 2025.1 Compiler 2025.01 Jan 18 2025
# Start time: 16:51:02 on Aug 11,2026
# vlog -sv "+incdir+mpsim/sim" "+define+COSIM_LIB" -suppress 2388 -suppress 14408 -suppress 7061 ip/mpsim/mm_agent_ks_mem0_rw/aoc_sim_mm_slave_dpi_bfm_10/sim/aoc_sim_mm_slave_dpi_bfm.sv -L altera_common_sv_packages -work aoc_sim_mm_slave_dpi_bfm_10 
# -- Compiling module aoc_sim_mm_slave_dpi_bfm
# -- Importing package altera_common_sv_packages.verbosity_pkg
# -- Importing package altera_common_sv_packages.avalon_mm_pkg
# 
# Top level modules:
# 	aoc_sim_mm_slave_dpi_bfm
# End time: 16:51:02 on Aug 11,2026, Elapsed time: 0:00:00
# Errors: 0, Warnings: 0
# Questa Intel FPGA Edition-64 vlog 2025.1 Compiler 2025.01 Jan 18 2025
# Start time: 16:51:02 on Aug 11,2026
# vlog "+incdir+mpsim/sim" "+define+COSIM_LIB" -suppress 2388 -suppress 14408 -suppress 7061 ip/mpsim/mm_agent_ks_mem0_rw/sim/mm_agent_ks_mem0_rw.v -work mm_agent_ks_mem0_rw 
# -- Compiling module mm_agent_ks_mem0_rw
# 
# Top level modules:
# 	mm_agent_ks_mem0_rw
# End time: 16:51:02 on Aug 11,2026, Elapsed time: 0:00:00
# Errors: 0, Warnings: 0
# Questa Intel FPGA Edition-64 vlog 2025.1 Compiler 2025.01 Jan 18 2025
# Start time: 16:51:02 on Aug 11,2026
# vlog -sv "+incdir+mpsim/sim" "+define+COSIM_LIB" -suppress 2388 -suppress 14408 -suppress 7061 mpsim/altera_merlin_master_translator_193/sim/mpsim_altera_merlin_master_translator_193_lgcew2q.sv -work altera_merlin_master_translator_193 
# -- Compiling module mpsim_altera_merlin_master_translator_193_lgcew2q
# ** Warning: mpsim/altera_merlin_master_translator_193/sim/mpsim_altera_merlin_master_translator_193_lgcew2q.sv(695): (vlog-13528) Extra Parentheses after time system function.
# ** Warning: mpsim/altera_merlin_master_translator_193/sim/mpsim_altera_merlin_master_translator_193_lgcew2q.sv(751): (vlog-13528) Extra Parentheses after time system function.
# 
# Top level modules:
# 	mpsim_altera_merlin_master_translator_193_lgcew2q
# End time: 16:51:02 on Aug 11,2026, Elapsed time: 0:00:00
# Errors: 0, Warnings: 2
# Questa Intel FPGA Edition-64 vlog 2025.1 Compiler 2025.01 Jan 18 2025
# Start time: 16:51:02 on Aug 11,2026
# vlog -sv "+incdir+mpsim/sim" "+define+COSIM_LIB" -suppress 2388 -suppress 14408 -suppress 7061 mpsim/altera_merlin_slave_translator_191/sim/mpsim_altera_merlin_slave_translator_191_xg7rzxi.sv -work altera_merlin_slave_translator_191 
# -- Compiling module mpsim_altera_merlin_slave_translator_191_xg7rzxi
# 
# Top level modules:
# 	mpsim_altera_merlin_slave_translator_191_xg7rzxi
# End time: 16:51:02 on Aug 11,2026, Elapsed time: 0:00:00
# Errors: 0, Warnings: 0
# Questa Intel FPGA Edition-64 vlog 2025.1 Compiler 2025.01 Jan 18 2025
# Start time: 16:51:02 on Aug 11,2026
# vlog "+incdir+mpsim/sim" "+define+COSIM_LIB" -suppress 2388 -suppress 14408 -suppress 7061 mpsim/altera_mm_interconnect_1920/sim/mpsim_altera_mm_interconnect_1920_f2fjppy.v -work altera_mm_interconnect_1920 
# -- Compiling module mpsim_altera_mm_interconnect_1920_f2fjppy
# 
# Top level modules:
# 	mpsim_altera_mm_interconnect_1920_f2fjppy
# End time: 16:51:02 on Aug 11,2026, Elapsed time: 0:00:00
# Errors: 0, Warnings: 0
# Questa Intel FPGA Edition-64 vlog 2025.1 Compiler 2025.01 Jan 18 2025
# Start time: 16:51:02 on Aug 11,2026
# vlog -sv "+incdir+mpsim/sim" "+define+COSIM_LIB" -suppress 2388 -suppress 14408 -suppress 7061 mpsim/altera_irq_mapper_2001/sim/mpsim_altera_irq_mapper_2001_rctq6fa.sv -work altera_irq_mapper_2001 
# -- Compiling module mpsim_altera_irq_mapper_2001_rctq6fa
# 
# Top level modules:
# 	mpsim_altera_irq_mapper_2001_rctq6fa
# End time: 16:51:02 on Aug 11,2026, Elapsed time: 0:00:00
# Errors: 0, Warnings: 0
# Questa Intel FPGA Edition-64 vlog 2025.1 Compiler 2025.01 Jan 18 2025
# Start time: 16:51:02 on Aug 11,2026
# vlog -sv "+incdir+mpsim/sim" "+define+COSIM_LIB" -suppress 2388 -suppress 14408 -suppress 7061 mpsim/altera_irq_mapper_2001/sim/mpsim_altera_irq_mapper_2001_wgtbcyy.sv -work altera_irq_mapper_2001 
# -- Compiling module mpsim_altera_irq_mapper_2001_wgtbcyy
# 
# Top level modules:
# 	mpsim_altera_irq_mapper_2001_wgtbcyy
# End time: 16:51:02 on Aug 11,2026, Elapsed time: 0:00:00
# Errors: 0, Warnings: 0
# Questa Intel FPGA Edition-64 vlog 2025.1 Compiler 2025.01 Jan 18 2025
# Start time: 16:51:02 on Aug 11,2026
# vlog "+incdir+mpsim/sim" "+define+COSIM_LIB" -suppress 2388 -suppress 14408 -suppress 7061 mpsim/sim/mpsim.v -work mpsim 
# -- Compiling module mpsim
# 
# Top level modules:
# 	mpsim
# End time: 16:51:02 on Aug 11,2026, Elapsed time: 0:00:00
# Errors: 0, Warnings: 0
# Errors: 0, Warnings: 0
